INSERT INTO app_options
  (id, name)
VALUES
  (1, 'USUARIO_ADMIN'),
  (2, 'DASHBOARD_MENU'),
  (3, 'DASHBOARD_LECTURA'),
  (4, 'USUARIO_MENU'),
  (5, 'USUARIO_LECTURA'),
  (6, 'USUARIO_CREA'),
  (7, 'USUARIO_MODIFICA'),
  (8, 'USUARIO_ELIMINA'),
  (9, 'USUARIO_ASIGNA_ROL'),
  (10, 'USUARIO_ASIGNA'),
  (11, 'ROL_MENU'),
  (12, 'ROL_LECTURA'),
  (13, 'ROL_CREA'),
  (14, 'ROL_MODIFICA'),
  (15, 'ROL_ELIMINA'),
  (16, 'EMPRESA_MENU'),
  (17, 'EMPRESA_LECTURA'),
  (18, 'EMPRESA_CREA'),
  (19, 'EMPRESA_MODIFICA'),
  (20, 'EMPRESA_ELIMINA'),
  (21, 'MONEDA_MENU'),
  (22, 'MONEDA_LECTURA'),
  (23, 'MONEDA_CREA'),
  (24, 'MONEDA_MODIFICA'),
  (25, 'MONEDA_ELIMINA'),
  (26, 'CONFIGURACION_MENU'),
  (27, 'CONFIGURACION_LECTURA'),
  (28, 'CONFIGURACION_CREA'),
  (29, 'CONFIGURACION_MODIFICA'),
  (30, 'CONFIGURACION_ELIMINA'),
  (31, 'CLIENTE_MENU'),
  (32, 'CLIENTE_LECTURA'),
  (33, 'CLIENTE_CREA'),
  (34, 'CLIENTE_ELIMINA'),
  (35, 'EMPLEADO_MENU'),
  (36, 'EMPLEADO_LECTURA'),
  (37, 'EMPLEADO_CREA'),
  (38, 'EMPLEADO_ELIMINA'),
  (39, 'EXPEDIENTE_MENU'),
  (40, 'EXPEDIENTE_LECTURA'),
  (41, 'EXPEDIENTE_CREA'),
  (42, 'EXPEDIENTE_CAMBIA_ESTADO'),
  (43, 'EXPEDIENTE_AUTORIZA_RECHAZA'),
  (44, 'ACTIVIDAD_MENU'),
  (45, 'ACTIVIDAD_LECTURA'),
  (46, 'ACTIVIDAD_CREA'),
  (47, 'ACTIVIDAD_MODIFICA'),
  (48, 'ACTIVIDAD_ELIMINA'),
  (49, 'INSTITUTION_MENU'),
  (50, 'INSTITUCION_LECTURA'),
  (51, 'INSTITUCION_CREA'),
  (52, 'INSTITUCION_MODIFICA'),
  (53, 'INSTITUCION_ELIMINA'),
  (54, 'DOCUMENTO_MENU'),
  (55, 'DOCUMENTO_LECTURA'),
  (56, 'DOCUMENTO_CREA'),
  (57, 'DOCUMENTO_ELIMINA'),
  (58, 'EXPEDIENTE_ACTIVIDAD_MENU'),
  (59, 'EXPEDIENTE_ACTIVIDAD_LECTURA'),
  (60, 'EXPEDIENTE_ACTIVIDAD_CREA'),
  (61, 'EXPEDIENTE_ACTIVIDAD_ELIMINA'),
  (62, 'AGENDA_PROCURADOR_MENU'),
  (63, 'AGENDA_PROCURADOR_LECTURA'),
  (64, 'AGENDA_PROCURADOR_CREA'),
  (65, 'AGENDA_PROCURADOR_ELIMINA'),
  (66, 'AGENDA_LIQUIDACION_MENU'),
  (67, 'AGENDA_LIQUIDACION_LECTURA'),
  (68, 'AGENDA_LIQUIDACION_CREA'),
  (69, 'AGENDA_LIQUIDACION_ELIMINA'),
  (70, 'TIMBRE_FISCAL_INVENTARIO_MENU'),
  (71, 'TIMBRE_FISCAL_INVENTARIO_LECTURA'),
  (72, 'TIMBRE_FISCAL_INVENTARIO_CREA'),
  (73, 'TIMBRE_FISCAL_INVENTARIO_ELIMINA'),
  (74, 'TIMBRE_FISCAL_INVENTARIO_CAMBIA_ESTADO'),
  (75, 'PRODUCTO_MENU'),
  (76, 'PRODUCTO_LECTURA'),
  (77, 'PRODUCTO_CREA'),
  (78, 'PRODUCTO_ELIMINA'),
  (79, 'USUARIO_RESETEA'),
  (80, 'AGENDA_PROCURADOR_EDITA'),
  (81, 'AGENDA_PROCURADOR_LIQUIDA'),
  (82, 'AGENDA_PROCURADOR_CAMBIO_ESTADO'),
  (83, 'AGENDA_PROCURADOR_AUTORIZA'),
  (84, 'EXPEDIENTE_EDITA'),
  (85, 'TIMBRE_FISCAL_INVENTARIO_AUTORIZA'),
  (86, 'TIMBRE_FISCAL_INVENTARIO_EDITA'),
  (87, 'EXPEDIENTE_TIPO_LISTA'),
  (88, 'EXPEDIENTE_SUBTIPO_LISTA'),
  (89, 'TIPO_EXPEDIENTE_MENU'),
  (90, 'TIPO_EXPEDIENTE_LECTURA'),
  (91, 'TIPO_EXPEDIENTE_CREA'),
  (92, 'TIPO_EXPEDIENTE_MODIFICA'),
  (93, 'TIPO_EXPEDIENTE_ELIMINA'),
  (94, 'SUB_TIPO_EXPEDIENTE_MENU'),
  (95, 'SUB_TIPO_EXPEDIENTE_LECTURA'),
  (96, 'SUB_TIPO_EXPEDIENTE_CREA'),
  (97, 'SUB_TIPO_EXPEDIENTE_MODIFICA'),
  (98, 'SUB_TIPO_EXPEDIENTE_ELIMINA'),
  (99, 'USUARIO_LISTADO_EMPLEADOS'),
  (100, 'EXPEDIENTE_LISTADO_CLIENTES'),
  (101, 'EXPEDIENTE_LISTADO_EMPLEADOS'),
  (102, 'EXPEDIENTE_ACTIVIDAD_LISTADO'),
  (103, 'EXPEDIENTE_ACTIVIDAD_LISTADO_INSTITUCION'),
  (104, 'EXPEDIENTE_ACTIVIDAD_LISTADO_EMPLEADOS'),
  (105, 'EXPEDIENTE_ACTIVIDAD_LISTADO_EXPEDIENTES'),
  (106, 'TIMBRE_FISCAL_INVENTARIO_LISTADO_EXPEDIENTES'),
  (107, 'TIMBRE_FISCAL_INVENTARIO_LISTADO_PRODUCTO'),
  (108, 'TIMBRE_FISCAL_INVENTARIO_LISTADO_EMPLEADOS'),
  (109, 'PROVEEDOR_MENU'),
  (110, 'PROVEEDOR_LECTURA'),
  (111, 'PROVEEDOR_CREA'),
  (112, 'PROVEEDOR_MODIFICA'),
  (113, 'PROVEEDOR_ELIMINA'),
  (114, 'CONCEPTO_MENU'),
  (115, 'CONCEPTO_LECTURA'),
  (116, 'CONCEPTO_CREA'),
  (117, 'CONCEPTO_MODIFICA'),
  (118, 'CONCEPTO_ELIMINA'),
  (119, 'DOCUMENTOS_GASTOS_MENU'),
  (120, 'DOCUMENTOS_GASTOS_LECTURA'),
  (121, 'DOCUMENTOS_GASTOS_CREA'),
  (122, 'DOCUMENTOS_GASTOS_CAMBIA_ESTADO'),
  (123, 'DOCUMENTOS_GASTOS_PROVEEDORES'),
  (124, 'DOCUMENTOS_GASTOS_CONCEPTOS'),
  (125, 'DOCUMENTOS_GASTOS_LISTADO_EXPEDIENTES'),
  (126, 'LIQUIDACION_FACTURA_MENU'),
  (127, 'LIQUIDACION_FACTURA_LECTURA'),
  (128, 'LIQUIDACION_FACTURA_CREA'),
  (129, 'LIQUIDACION_FACTURA_CAMBIA_ESTADO'),
  (130, 'LIQUIDACION_FACTURA_AUTORIZA'),
  (131, 'LIQUIDACION_FACTURA_GENERAR_REPORTE'),
  (132, 'LIQUIDACION_FACTURA_GENERAR_FACTURA'),
  (133, 'LIQUIDACION_FACTURA_LISTADO_CLIENTES'),
  (134, 'FACTURA_MENU'),
  (135, 'FACTURA_LECTURA'),
  (136, 'FACTURA_CREA'),
  (137, 'FACTURA_CAMBIA_ESTADO'),
  (138, 'FACTURA_AUTORIZA'),
  (139, 'FACTURA_GENERAR_REPORTE'),
  (140, 'FACTURA_GENERAR_FACTURA'),
  (141, 'FACTURA_LISTADO_CLIENTES'),
  (142, 'FACTURA_LISTADO_DIRECCIONES'),
  (143, 'FACTURA_LISTADO_SERIES'),
  (144, 'SERIE_FACTURA_MENU'),
  (145, 'SERIE_FACTURA_LECTURA'),
  (146, 'SERIE_FACTURA_CREA'),
  (147, 'SERIE_FACTURA_CAMBIA_ESTADO'),
  (148, 'REPORTES_FACTURA_MENU'),
  (149, 'LISTADO_FACTURA_MENU');

INSERT INTO roles (id,created_at,updated_at,name,status) 
VALUES 
  (1, NOW(), NOW(), 'Admin', 'ACTIVO'),
  (2, NOW(), NOW(), 'Configuración', 'ACTIVO'),
  (3, NOW(), NOW(), 'Expedientes', 'ACTIVO'),
  (4, NOW(), NOW(), 'Catálogos', 'ACTIVO'),
  (5, NOW(), NOW(), 'Inventarios', 'ACTIVO'),
  (6, NOW(), NOW(), 'Facturación', 'ACTIVO');

INSERT INTO role_app_options 
  (app_option_id,role_id,created_at,updated_at,status) 
VALUES 
  (1,1 , NOW(), NOW(), 'ACTIVO'),
  (2,2 , NOW(), NOW(), 'ACTIVO'),
  (2,3 , NOW(), NOW(), 'ACTIVO'),
  (2,4 , NOW(), NOW(), 'ACTIVO'),
  (2,5 , NOW(), NOW(), 'ACTIVO'),
  (3,2 , NOW(), NOW(), 'ACTIVO'),
  (4,2 , NOW(), NOW(), 'ACTIVO'),
  (5,2 , NOW(), NOW(), 'ACTIVO'),
  (6,2 , NOW(), NOW(), 'ACTIVO'),
  (7,2 , NOW(), NOW(), 'ACTIVO'),
  (8,2 , NOW(), NOW(), 'ACTIVO'),
  (9,2 , NOW(), NOW(), 'ACTIVO'),
  (10, 2, NOW(), NOW(), 'ACTIVO'),
  (11, 2, NOW(), NOW(), 'ACTIVO'),
  (12, 2, NOW(), NOW(), 'ACTIVO'),
  (13, 2, NOW(), NOW(), 'ACTIVO'),
  (14, 2, NOW(), NOW(), 'ACTIVO'),
  (15, 2, NOW(), NOW(), 'ACTIVO'),
  (99, 2, NOW(), NOW(), 'ACTIVO'),
  (31, 3, NOW(), NOW(), 'ACTIVO'),
  (32, 3, NOW(), NOW(), 'ACTIVO'),
  (33, 3, NOW(), NOW(), 'ACTIVO'),
  (34, 3, NOW(), NOW(), 'ACTIVO'),
  (35, 3, NOW(), NOW(), 'ACTIVO'),
  (36, 3, NOW(), NOW(), 'ACTIVO'),
  (37, 3, NOW(), NOW(), 'ACTIVO'),
  (38, 3, NOW(), NOW(), 'ACTIVO'),
  (39, 3, NOW(), NOW(), 'ACTIVO'),
  (40, 3, NOW(), NOW(), 'ACTIVO'),
  (41, 3, NOW(), NOW(), 'ACTIVO'),
  (42, 3, NOW(), NOW(), 'ACTIVO'),
  (43, 3, NOW(), NOW(), 'ACTIVO'),
  (44, 4, NOW(), NOW(), 'ACTIVO'),
  (45, 4, NOW(), NOW(), 'ACTIVO'),
  (46, 4, NOW(), NOW(), 'ACTIVO'),
  (47, 4, NOW(), NOW(), 'ACTIVO'),
  (48, 4, NOW(), NOW(), 'ACTIVO'),
  (49, 4, NOW(), NOW(), 'ACTIVO'),
  (50, 4, NOW(), NOW(), 'ACTIVO'),
  (51, 4, NOW(), NOW(), 'ACTIVO'),
  (52, 4, NOW(), NOW(), 'ACTIVO'),
  (53, 4, NOW(), NOW(), 'ACTIVO'),
  (54, 3, NOW(), NOW(), 'ACTIVO'),
  (55, 3, NOW(), NOW(), 'ACTIVO'),
  (56, 3, NOW(), NOW(), 'ACTIVO'),
  (57, 3, NOW(), NOW(), 'ACTIVO'),
  (58, 3, NOW(), NOW(), 'ACTIVO'),
  (59, 3, NOW(), NOW(), 'ACTIVO'),
  (60, 3, NOW(), NOW(), 'ACTIVO'),
  (61, 3, NOW(), NOW(), 'ACTIVO'),
  (62, 3, NOW(), NOW(), 'ACTIVO'),
  (63, 3, NOW(), NOW(), 'ACTIVO'),
  (64, 3, NOW(), NOW(), 'ACTIVO'),
  (65, 3, NOW(), NOW(), 'ACTIVO'),
  (66, 3, NOW(), NOW(), 'ACTIVO'),
  (67, 3, NOW(), NOW(), 'ACTIVO'),
  (68, 3, NOW(), NOW(), 'ACTIVO'),
  (69, 3, NOW(), NOW(), 'ACTIVO'),
  (70, 5, NOW(), NOW(), 'ACTIVO'),
  (71, 5, NOW(), NOW(), 'ACTIVO'),
  (72, 5, NOW(), NOW(), 'ACTIVO'),
  (73, 5, NOW(), NOW(), 'ACTIVO'),
  (74, 5, NOW(), NOW(), 'ACTIVO'),
  (75, 5, NOW(), NOW(), 'ACTIVO'),
  (76, 5, NOW(), NOW(), 'ACTIVO'),
  (77, 5, NOW(), NOW(), 'ACTIVO'),
  (78, 5, NOW(), NOW(), 'ACTIVO'),
  (79, 2, NOW(), NOW(), 'ACTIVO'),
  (80, 3, NOW(), NOW(), 'ACTIVO'),
  (81, 3, NOW(), NOW(), 'ACTIVO'),
  (82, 3, NOW(), NOW(), 'ACTIVO'),
  (83, 3, NOW(), NOW(), 'ACTIVO'),
  (84, 3, NOW(), NOW(), 'ACTIVO'),
  (85, 5, NOW(), NOW(), 'ACTIVO'),
  (86, 5, NOW(), NOW(), 'ACTIVO'),
  (87, 3, NOW(), NOW(), 'ACTIVO'),
  (88, 3, NOW(), NOW(), 'ACTIVO'),
  (100, 3, NOW(), NOW(), 'ACTIVO'),
  (101, 3, NOW(), NOW(), 'ACTIVO'),
  (102, 3, NOW(), NOW(), 'ACTIVO'),
  (103, 3, NOW(), NOW(), 'ACTIVO'),
  (104, 3, NOW(), NOW(), 'ACTIVO'),
  (105, 3, NOW(), NOW(), 'ACTIVO'),
  (106, 5, NOW(), NOW(), 'ACTIVO'),
  (107, 5, NOW(), NOW(), 'ACTIVO'),
  (108, 5, NOW(), NOW(), 'ACTIVO'),
  (109, 6, NOW(), NOW(), 'ACTIVO'),
  (110, 6, NOW(), NOW(), 'ACTIVO'),
  (111, 6, NOW(), NOW(), 'ACTIVO'),
  (112, 6, NOW(), NOW(), 'ACTIVO'),
  (113, 6, NOW(), NOW(), 'ACTIVO'),
  (114, 6, NOW(), NOW(), 'ACTIVO'),
  (115, 6, NOW(), NOW(), 'ACTIVO'),
  (116, 6, NOW(), NOW(), 'ACTIVO'),
  (117, 6, NOW(), NOW(), 'ACTIVO'),
  (118, 6, NOW(), NOW(), 'ACTIVO'),
  (119, 6, NOW(), NOW(), 'ACTIVO'),
  (120, 6, NOW(), NOW(), 'ACTIVO'),
  (121, 6, NOW(), NOW(), 'ACTIVO'),
  (122, 6, NOW(), NOW(), 'ACTIVO'),
  (123, 6, NOW(), NOW(), 'ACTIVO'),
  (124, 6, NOW(), NOW(), 'ACTIVO'),
  (125, 6, NOW(), NOW(), 'ACTIVO'),
  (126, 6, NOW(), NOW(), 'ACTIVO'),
  (127, 6, NOW(), NOW(), 'ACTIVO'),
  (128, 6, NOW(), NOW(), 'ACTIVO'),
  (129, 6, NOW(), NOW(), 'ACTIVO'),
  (130, 6, NOW(), NOW(), 'ACTIVO'),
  (131, 6, NOW(), NOW(), 'ACTIVO'),
  (132, 6, NOW(), NOW(), 'ACTIVO'),
  (133, 6, NOW(), NOW(), 'ACTIVO'),
  (134, 6, NOW(), NOW(), 'ACTIVO'),
  (135, 6, NOW(), NOW(), 'ACTIVO'),
  (136, 6, NOW(), NOW(), 'ACTIVO'),
  (137, 6, NOW(), NOW(), 'ACTIVO'),
  (138, 6, NOW(), NOW(), 'ACTIVO'),
  (139, 6, NOW(), NOW(), 'ACTIVO'),
  (140, 6, NOW(), NOW(), 'ACTIVO'),
  (141, 6, NOW(), NOW(), 'ACTIVO'),
  (142, 6, NOW(), NOW(), 'ACTIVO'),
  (143, 6, NOW(), NOW(), 'ACTIVO'),
  (144, 6, NOW(), NOW(), 'ACTIVO'),
  (145, 6, NOW(), NOW(), 'ACTIVO'),
  (146, 6, NOW(), NOW(), 'ACTIVO'),
  (147, 6, NOW(), NOW(), 'ACTIVO'),
  (148, 6, NOW(), NOW(), 'ACTIVO'),
  (149, 6, NOW(), NOW(), 'ACTIVO');

INSERT INTO companies
    (id, created_at, updated_at, name, status)
VALUES
    (1, NOW(), NOW(), 'Bufete Olivero', 'ACTIVO');

INSERT INTO users
  (id, created_at, updated_at, email, name, password, status, username, employee_id)
VALUES
  (1, NOW(), NOW(), 'admin@admin.com', 'Admin Admin', '$2a$10$PVPkhMXWPHwmoVHjOIT1WO3aKjNLJ4ZCYHKI9SxvqCRS6FYAVRVJy', 'ACTIVO', 'admin', 1),
  (2, '2020-11-17 20:27:31', '2020-11-17 20:27:31', 'ason@bolivero.com', 'Ana Maria Son Batz', '$2a$10$kACtWdJyHu4DhPt8UUoBouIQDoqo2vpualWx.XCJXxY5F13WgpOdG', 'ACTIVO', 'ason', 23689),
  (3, '2020-11-17 20:28:17', '2020-11-17 20:28:17', 'kmancilla@bolivero.com', 'Karen Ivonne Mancilla Molina', '$2a$10$RmA5NLmMtSyVo/eFQQdxc.WZmGubwiUC9s.lhthYKzBMRrTzieFKe', 'ACTIVO', 'kmancilla', 23475),
  (4, '2020-11-17 20:29:00', '2020-11-17 20:29:00', 'faranda@bolivero.com'  , 'Flor de Maria Aranda Hernandez', '$2a$10$39GtjXZB7MR8YGxKB9dwCOFcW8iu2K8dZRPsr0hXQmF4EQXFXoVQm', 'ACTIVO', 'faranda', 67341),
  (5, '2020-11-24 15:19:39', '2020-11-24 15:19:39', 'psinay@bolivero.com', 'Berta Patricia Sinay Boche', '$2a$10$BhFQXRT32S1iG.W6zOOgrePg0AGXZcUINKotklFjGPptLjygxn1Ia', 'ACTIVO', 'psinay', 72740);

INSERT INTO user_role_company
  (company_id, role_id, user_id, created_at, updated_at, status)
VALUES
  (1, 1, 1, NOW(), NOW(), 'ACTIVO');

INSERT INTO currencies
  (id, created_at, updated_at, exchange_value, name, short_name, status, company_id)
VALUES
  (1, NOW(), NOW(), 1, 'QUETZALES', 'GTO', 'ACTIVO', 1),
  (2, NOW(), NOW(), 7.6, 'DOLARES', 'USD', 'ACTIVO', 1),
  (3, NOW(), NOW(), 11, 'EUROS', 'EUR', 'ACTIVO', 1),
  (4, NOW(), NOW(), 0.5, 'Pesos Mexicanos', 'MXN', 'ACTIVO', 1);

INSERT INTO departments
  (id, name)
VALUES
  (1,'GUATEMALA'),
	(2,'EL PROGRESO'),
	(3,'SACATEPEQUEZ'),
	(4,'CHIMALTENANGO'),
	(5,'ESCUINTLA'),
	(6,'SANTA ROSA'),
	(7,'SOLOLÁ'),
	(8,'TOTONICAPÁN'),
	(9,'QUETZALTENANGO'),
	(10,'SUCHITEPEQUEZ'),
	(11,'RETALHULEU'),
	(12,'SAN MARCOS'),
	(13,'HUEHUETENANGO'),
	(14,'EL QUICHÉ'),
	(15,'BAJA VERAPAZ'),
	(16,'ALTA VERAPAZ'),
	(17,'EL PETÉN'),
	(18,'IZABAL'),
	(19,'ZACAPA'),
	(20,'CHIQUIMULA'),
	(21,'JALAPA'),
	(22,'JUTIAPA'),
	(31,'EL SALVADOR'),
	(32,'HONDURAS'),
	(33,'NICARAGUA'),
	(34,'COSTA RICA'),
	(35,'MÉXICO'),
	(99,'(PAÍS)');

INSERT INTO municipalities
  (id, name, department_id)
VALUES
  (1,'GUATEMALA',1),
	(2,'ACATENANGO',4),
	(3,'AGUA BLANCA',22),
	(4,'AGUA CALIENTE (ESQUIPULAS)',20),
	(5,'AGUA ESCONDIDA (SAN ANTONIO P.',7),
	(6,'AGUACATAN',13),
	(7,'ALMOLONGA',9),
	(8,'ALOTENANGO',3),
	(9,'AMATITLAN',1),
	(10,'ANGUIATU (CONCEPCION LAS MINAS',20),
	(11,'ANTIGUA GUATEMALA',3),
	(12,'ARGUETA (SOLOLA)',7),
	(13,'ASUNCION MITA',22),
	(14,'ATESCATEMPA',22),
	(15,'AYARZA (CASILLAS)',6),
	(16,'AYUTLA',12),
	(17,'BANANERA (MORALES)',18),
	(18,'BARBERENA',6),
	(19,'BOCA DEL MONTE (VILLA CANALES)',1),
	(20,'BOLIVIA (SANTO DOMINGO SUCH.)',10),
	(21,'BOLONCO (FRAY BARTOLOME)',16),
	(22,'BRACITOS (MAZATENANGO)',10),
	(23,'BRITO (GUANAGAZAPA)',5),
	(24,'BUENOS AIRES (MORALES)',18),
	(25,'CABALLO BLANCO (RETALHULEU)',11),
	(26,'CABANAS',19),
	(27,'CABRICAN',9),
	(28,'CAHABON',16),
	(29,'CAJOLA',9),
	(30,'CALAPTE (IXCHIGUAN)',12),
	(31,'CAMOTAN',20),
	(32,'CAMPUR (SAN PEDRO CARCHA)',16),
	(33,'CANALITOS',1),
	(34,'CANDELARIA XOLHUITZ (NVO. SAN',11),
	(35,'CANILLA',14),
	(36,'CANTABAL',14),
	(37,'CANTEL',9),
	(38,'CARMELITA (SAN ANDRES)',17),
	(39,'CASAS VIEJAS (CHIQUIMULILLA)',6),
	(40,'CASILLAS',6),
	(41,'CATARINA',12),
	(42,'CAYUGA (MORALES)',18),
	(43,'CERRO GORDO (STA. ROSA DE LIMA)',6),
	(44,'CHAHAL',16),
	(45,'CHAJUL',14),
	(46,'CHALUM (LA LIBERTAD)',13),
	(47,'CHAMPERICO',11),
	(48,'CHAMPOLLAP (SAN PEDRO SAC.)',12),
	(49,'CHIANTLA',13),
	(50,'CHICACAO',10),
	(51,'CHICAMAN',14),
	(52,'CHICHE',14),
	(53,'CHICHICASTENANGO',14),
	(54,'CHIMALTENANGO',4),
	(55,'CHINAUTLA',1),
	(56,'CHINIQUE',14),
	(57,'CHIQUIBAL (SAN CARLOS SIJA)',9),
	(58,'CHIQUIMULA',20),
	(59,'CHIQUIMULILLA',6),
	(60,'CHISEC',16),
	(61,'CHOCOLA (SAN PABLO JOCOPILAS)',10),
	(62,'CHUARRANCHO',1),
	(63,'CHUATUJ (SAN CARLOS SIJA)',9),
	(64,'CIUDAD PEDRO DE ALVARADO (MOYU',22),
	(65,'CIUDAD VIEJA',3),
	(66,'COATEPEQUE',9),
	(67,'COBAN',16),
	(68,'COCALES (PATULUL)',10),
	(69,'COLOMBA COSTA CUCA',9),
	(70,'COLOTENANGO',13),
	(71,'COMALAPA',4),
	(72,'COMAPA',22),
	(73,'COMITANCILLO',12),
	(74,'CONCEPCION',7),
	(75,'CONCEPCION',13),
	(76,'CONCEPCION CHIQUIRICHAPA',9),
	(77,'CONCEPCION LAS MINAS',20),
	(78,'CONCEPCION TUTUAPA',12),
	(79,'CONGUACO',22),
	(80,'CONTEPEQUE (ATESCATEMPA)',22),
	(81,'CUBULCO',15),
	(82,'CUICABAL (SIBILIA)',9),
	(83,'CUILAPA',6),
	(84,'CUILCO',13),
	(85,'CUNEN',14),
	(86,'CUYOTENANGO',10),
	(87,'CUYUTA (MASAGUA)',5),
	(88,'DOLORES',17),
	(89,'DOS LAGUNAS (FLORES)',17),
	(90,'EL ADELANTO',22),
	(91,'EL AHUMADO (CHIQUIMULILLA)',6),
	(92,'EL AMATILLO (JOCOTAN)',20),
	(93,'EL AMPARO (EL TUMBADOR)',12),
	(94,'EL ASINTAL',11),
	(95,'EL CARMEN (MALACATAN)',12),
	(96,'EL CERINAL (BARBERENA)',6),
	(97,'EL CHAL (DOLORES)',17),
	(98,'EL CHOL',15),
	(99,'EL CIELO (EL TUMBADOR)',12),
	(100,'EL CINCHADO (PUERTO BARRIOS)',18),
	(101,'EL EDEN (PALESTINA DE LOS ALTO',9),
	(102,'EL ESTOR',18),
	(103,'EL FISCAL (PALENCIA)',1),
	(104,'EL FLORIDO (JOCOTAN)',20),
	(105,'EL JICARO',2),
	(106,'EL MITCHAL (MORALES)',18),
	(107,'EL MOLINO (CUILAPA)',6),
	(108,'EL NARANJO (LA LIBERTAD)',17),
	(109,'EL NARANJO (MASAGUA)',5),
	(110,'EL OVEJERO (EL PROGRESO)',22),
	(111,'EL PALMAR',9),
	(112,'EL PORVENIR TICANLU (TIQUISATE',5),
	(113,'EL PROGRESO',22),
	(114,'EL QUETZAL',12),
	(115,'EL RANCHO (SN. AGUSTIN ACASAGU',2),
	(116,'EL REFUGIO (LOS AMATES)',18),
	(117,'EL REMATE (FLORES)',17),
	(118,'EL RICO (LOS AMATES)',18),
	(119,'EL RINCONCITO (STA. ROSA DE LI',6),
	(120,'EL RODEO',12),
	(121,'EL ROSARIO',16),
	(122,'EL SITIO (CATARINA)',12),
	(123,'EL TAMBOR (EL PALMAR)',9),
	(124,'EL TEJAR',4),
	(125,'EL TUMBADOR',12),
	(126,'EL XAB (EL ASINTAL)',11),
	(127,'ENTRE RIOS (PUERTO BARRIOS)',18),
	(128,'ESCUINTLA',5),
	(129,'ESQUIPULAS',20),
	(130,'ESQUIPULAS PALO GORDO',12),
	(131,'ESTANCIA DE LA VIRGEN (SN. AGU',2),
	(132,'ESTANSON JALAPA (SANSARE)',2),
	(133,'ESTANZUELA',19),
	(134,'FLORES',17),
	(135,'FLORES COSTA CUCA',9),
	(136,'FRAIJANES',1),
	(137,'FRAY BARTOLOME DE LAS CASAS',16),
	(138,'FRONTERAS (LIVINGSTON)',18),
	(139,'GENOVA',9),
	(140,'GENOVA COSTA CUCA',9),
	(141,'GODINES (SAN ANDRES SEMETABAJ)',7),
	(142,'GRACIAS A DIOS (NENTON)',13),
	(143,'GRANADOS',15),
	(144,'GUALAN',19),
	(145,'GUANAGAZAPA',5),
	(146,'GUASTATOYA',2),
	(147,'GUATALON (RIO BRAVO)',10),
	(148,'GUAZACAPAN',6),
	(149,'HORCONES (ATESCATEMPA)',22),
	(150,'HORCONES (STA. CATARINA MITA)',22),
	(151,'HUEHUETENANGO',13),
	(152,'HUITAN',9),
	(153,'HUITE',19),
	(154,'IPALA',20),
	(155,'IXCHIGUAN',12),
	(156,'IXHUATAN',6),
	(157,'IXTAHUACAN',13),
	(158,'JACALTENANGO',13),
	(159,'JALAPA',21),
	(160,'JALPATAGUA',22),
	(161,'JEREZ',22),
	(162,'JOCOTAN',20),
	(163,'JOCOTENANGO',3),
	(164,'JOYABAJ',14),
	(165,'JUTIAPA',22),
	(166,'LA BLANCA (OCOS)',12),
	(167,'LA CANOA (SALAMA)',15),
	(168,'LA CONQUISTA (NVO. PROGRESO)',12),
	(169,'LA DEMOCRACIA',5),
	(170,'LA DEMOCRACIA',13),
	(171,'LA DEMOCRACIA',12),
	(172,'LA ESMERALDA (JEREZ)',22),
	(173,'LA ESPERANZA',9),
	(174,'LA FELICIDAD (SAYAXCHE)',17),
	(175,'LA FRAGUA',19),
	(176,'LA GOMERA',5),
	(177,'LA LIBERTAD',13),
	(178,'LA LIBERTAD',17),
	(179,'LA MAQUINA (CUYOTENANGO)',10),
	(180,'LA MAQUINA (SAN ANDRES V. SECA',11),
	(181,'LA MESILLA',13),
	(182,'LA REFORMA',12),
	(183,'LA REFORMA (HUITE)',19),
	(184,'LA TINTA (PANZOS)',16),
	(185,'LA UNION',19),
	(186,'LANQUIN',16),
	(187,'LAS CASAS',16),
	(188,'LAS CONCHAS',16),
	(189,'LAS CRUCES (LA LIBERTAD)',17),
	(190,'LAS DELICIAS (EL TUMBADOR)',12),
	(191,'LAS MERCEDES (COLOMBA)',9),
	(192,'LAS PALMAS (COATEPEQUE)',9),
	(193,'LAS QUEBRADAS (MORALES)',18),
	(194,'LAS VINAS (MORALES)',18),
	(195,'LIVINGSTON',18),
	(196,'LLANO GRANDE',21),
	(197,'LOS AMATES',18),
	(198,'LOS AMATES (EL CHOL)',15),
	(199,'LOS CERRITOS (CHIQUIMULILLA)',6),
	(200,'LOS ENCUENTROS, SOLOLA',7),
	(201,'LOS ESCLAVOS (CUILAPA)',6),
	(202,'LOS LIMONES (OCOS)',12),
	(203,'MACANCHE (DOLORES)',17),
	(204,'MACHAQUILA (DOLORES)',17),
	(205,'MAGDALENA MILPAS ALTAS',3),
	(206,'MALACATAN',12),
	(207,'MALACATANCITO',13),
	(208,'MARISCOS (LOS AMATES)',18),
	(209,'MASAGUA',5),
	(210,'MATAQUESCUINTLA',21),
	(211,'MAZATENANGO',10),
	(212,'MELCHOR DE MENCOS',17),
	(213,'MICHICOY (SAN PEDRO NECTA)',13),
	(214,'MIXCO',1),
	(215,'MOMOSTENANGO',8),
	(216,'MONJAS',21),
	(217,'MONTERICO (TAXISCO)',6),
	(218,'MONTERREY (SANTO DOMINGO SUCH.)',10),
	(219,'MORALES',18),
	(220,'MORAZAN',2),
	(221,'MOYUTA',22),
	(222,'NAHUALA',7),
	(223,'NANCINTA (CHIQUIMULILLA)',6),
	(224,'NEBAJ',14),
	(225,'NENTON',13),
	(226,'NUEVA ANGUIATU (CONCEP. LAS MI)',20),
	(227,'NUEVA CONCEPCION',5),
	(228,'NUEVA SANTA ROSA',6),
	(229,'NUEVO PROGRESO',12),
	(230,'NUEVO SAN CARLOS',11),
	(231,'OBERO (MASAGUA)',5),
	(232,'OCOS',12),
	(233,'OLINTEPEQUE',9),
	(234,'OLOPA',20),
	(235,'ORATORIO',6),
	(236,'PACHALUM',14),
	(237,'PAJAPITA',12),
	(238,'PALENCIA',1),
	(239,'PALESTINA DE LOS ALTOS',9),
	(240,'PALIN',5),
	(241,'PALMIRA (COLOMBA)',9),
	(242,'PALO GORDO (SAN ANTONIO SUCH.)',10),
	(243,'PANAJACHEL',7),
	(244,'PANCAJCHE (TUCURU)',16),
	(245,'PANZOS',16),
	(246,'PAQUIX',13),
	(247,'PARRAMOS',4),
	(248,'PASACO',22),
	(249,'PASO CABALLOS (SAN ANDRES)',17),
	(250,'PASO DE LOS JALAPAS (EL JICARO)',2),
	(251,'PASTORES',3),
	(252,'PATULUL',10),
	(253,'PATZICIA',4),
	(254,'PATZITE',14),
	(255,'PATZUN',4),
	(256,'PAXCAMAN (FLORES)',17),
	(257,'PETATAN (CONCEPCION)',13),
	(258,'PIEDRA GRANDE (SAN PEDRO SAC.)',12),
	(259,'PIXABAJ (SOLOLA)',7),
	(260,'PLATANARES (OCOS)',12),
	(261,'PLAYA GRANDE (IXCAN)',14),
	(262,'PLAYITAS (MORALES)',18),
	(263,'POCHUTA',4),
	(264,'POPTUN',17),
	(265,'PTO. SANTO TOMAS DE CASTILLA',18),
	(266,'PUEBLO NUEVO',10),
	(267,'PUEBLO NUEVO VIÑAS',6),
	(268,'PUERTA PARADA (STA. CAT. PIN)',1),
	(269,'PUERTO BARRIOS',18),
	(270,'PUERTO IZTAPA',5),
	(271,'PUERTO QUETZAL',5),
	(272,'PUERTO SAN JOSE',5),
	(273,'PURULHA',15),
	(274,'QUESADA',22),
	(275,'QUETZALTENANGO',9),
	(276,'QUEZALTEPEQUE',20),
	(277,'QUIRIGUA (LOS AMATES)',18),
	(278,'RABINAL',15),
	(279,'RAXRUHA (CHISEC)',16),
	(280,'RETALHULEU',11),
	(281,'RIO BLANCO',12),
	(282,'RIO BRAVO',10),
	(283,'RIO DE PAZ',22),
	(284,'RIO HONDO',19),
	(285,'SABANETA (DOLORES)',17),
	(286,'SACAPULAS',14),
	(287,'SACPUY (SAN ANDRES)',17),
	(288,'SALACUIN',16),
	(289,'SALAMA',15),
	(290,'SALCAJA',9),
	(291,'SALTAN (GRANADOS)',15),
	(292,'SAMAYAC',10),
	(293,'SAN AGUSTIN ACASAGUASTLAN',2),
	(294,'SAN ANDRES',17),
	(295,'SAN ANDRES HUISTA',13),
	(296,'SAN ANDRES ITZAPA',4),
	(297,'SAN ANDRES OSUNA (ESCUINTLA)',5),
	(298,'SAN ANDRES SAJCABAJA',14),
	(299,'SAN ANDRES SEMETABAJ',7),
	(300,'SAN ANDRES VILLA SECA',11),
	(301,'SAN ANDRES XECUL',8),
	(302,'SAN ANTONIO AGUAS CALIENTES',3),
	(303,'SAN ANTONIO HUISTA',13),
	(304,'SAN ANTONIO ILOTENANGO',14),
	(305,'SAN ANTONIO LA PAZ',2),
	(306,'SAN ANTONIO PALOPO',7),
	(307,'SAN ANTONIO SACATEPEQUEZ',12),
	(308,'SAN ANTONIO SUCHITEPEQUEZ',10),
	(309,'SAN BARTOLO',8),
	(310,'SAN BARTOLOME JOCOTENANGO',14),
	(311,'SAN BARTOLOME MILPAS ALTAS',3),
	(312,'SAN BENITO',17),
	(313,'SAN BERNANDINO',10),
	(314,'SAN CARLOS ALZATATE',21),
	(315,'SAN CARLOS SIJA',9),
	(316,'SAN CRISTOBAL ACASAGUASTLAN',2),
	(317,'SAN CRISTOBAL CUCHO',12),
	(318,'SAN CRISTOBAL FRONTERA (ATESCA',22),
	(319,'SAN CRISTOBAL TOTONICAPAN',8),
	(320,'SAN CRISTOBAL VERAPAZ',16),
	(321,'SAN DIEGO',19),
	(322,'SAN ESTEBAN (CHIQUIMULA)',20),
	(323,'SAN FELIPE',11),
	(324,'SAN FELIPE (LIVINGSTON)',18),
	(325,'SAN FRANCISCO',17),
	(326,'SAN FRANCISCO (EL RODEO)',12),
	(327,'SAN FRANCISCO EL ALTO',8),
	(328,'SAN FRANCISCO LA UNION',9),
	(329,'SAN FRANCISCO ZAPOTITLAN',10),
	(330,'SAN GABRIEL',10),
	(331,'SAN GABRIEL PANTZUY',15),
	(332,'SAN GASPAR IXCHIL',13),
	(333,'SAN JACINTO',20),
	(334,'SAN JERONIMO',15),
	(335,'SAN JERONIMO (EL TUMBADOR)',12),
	(336,'SAN JORGE',19),
	(337,'SAN JOSE',17),
	(338,'SAN JOSE (TECULUTAN)',19),
	(339,'SAN JOSE ACATEMPA',22),
	(340,'SAN JOSE CHACAYA',7),
	(341,'SAN JOSE CHIQUILAJA (QUETZ.)',9),
	(342,'SAN JOSE DEL GOLFO',1),
	(343,'SAN JOSE EL IDOLO',10),
	(344,'SAN JOSE IXTAL (NVO. PROGRESO)',12),
	(345,'SAN JOSE LA 20 (USPANTAN-IXCAN)',14),
	(346,'SAN JOSE LA ARADA',20),
	(347,'SAN JOSE OJETENAM',12),
	(348,'SAN JOSE PINULA',1),
	(349,'SAN JOSE POAQUIL',4),
	(350,'SAN JUAN ATITAN',13),
	(351,'SAN JUAN BAUTISTA',10),
	(352,'SAN JUAN CHAMELCO',16),
	(353,'SAN JUAN COTZAL',14),
	(354,'SAN JUAN DE ARANA (CUILAPA)',6),
	(355,'SAN JUAN DEL OBISPO',3),
	(356,'SAN JUAN ERMITA',20),
	(357,'SAN JUAN IXCOY',13),
	(358,'SAN JUAN LA LAGUNA',7),
	(359,'SAN JUAN OSTUNCALCO',9),
	(360,'SAN JUAN SACATEPEQUEZ',1),
	(361,'SAN JUAN TECUACO',6),
	(362,'SAN LORENZO',10),
	(363,'SAN LORENZO',12),
	(364,'SAN LORENZO',13),
	(365,'SAN LUCAS SACATEPEQUEZ',3),
	(366,'SAN LUCAS TOLIMAN',7),
	(367,'SAN LUIS',17),
	(368,'SAN LUIS JILOTEPEQUE',21),
	(369,'SAN MANUEL CHAPARRON',21),
	(370,'SAN MARCOS',12),
	(371,'SAN MARCOS HUISTA',13),
	(372,'SAN MARCOS LA LAGUNA',7),
	(373,'SAN MARTIN CUCHUMATAN',13),
	(374,'SAN MARTIN JILOTEPEQUE',4),
	(375,'SAN MARTIN SACATEPEQUEZ',9),
	(376,'SAN MARTIN ZAPOTITLAN',11),
	(377,'SAN MATEO',9),
	(378,'SAN MATEO IXTATAN',13),
	(379,'SAN MIGUEL ACATAN',13),
	(380,'SAN MIGUEL CHICAJ',15),
	(381,'SAN MIGUEL DUEÑAS',3),
	(382,'SAN MIGUEL IXTAGUACAN',12),
	(383,'SAN MIGUEL PANAN',10),
	(384,'SAN MIGUEL PETAPA',1),
	(385,'SAN MIGUEL SIGUILA',9),
	(386,'SAN PABLO',12),
	(387,'SAN PABLO JOCOPILAS',10),
	(388,'SAN PABLO LA LAGUNA',7),
	(389,'SAN PAOLO (ZACAPA)',19),
	(390,'SAN PEDRO AYAMPUC',1),
	(391,'SAN PEDRO CARCHA',16),
	(392,'SAN PEDRO JOCOPILAS',14),
	(393,'SAN PEDRO LA LAGUNA',7),
	(394,'SAN PEDRO NECTA',13),
	(395,'SAN PEDRO PINULA',21),
	(396,'SAN PEDRO SACATEPEQUEZ',1),
	(397,'SAN PEDRO SACATEPEQUEZ',12),
	(398,'SAN RAFAEL LA INDEPENDENCIA',13),
	(399,'SAN RAFAEL LAS FLORES',6),
	(400,'SAN RAFAEL PANAN (STA. BARBARA',10),
	(401,'SAN RAFAEL PETZAL',13),
	(402,'SAN RAFAEL PIE DE LA CUESTA',12),
	(403,'SAN RAYMUNDO',1),
	(404,'SAN SEBASTIAN',11),
	(405,'SAN SEBASTIAN (SAN MARCOS)',12),
	(406,'SAN SEBASTIAN COATAN',13),
	(407,'SAN SEBASTIAN HUEHUETENANGO',13),
	(408,'SAN VICENTE (CABANAS)',19),
	(409,'SAN VICENTE PACAYA',5),
	(410,'SANARATE',2),
	(411,'SANSARE',2),
	(412,'SANTA ANA',17),
	(413,'SANTA ANA HUISTA',13),
	(414,'SANTA ANA MIXTAN (NVA. CONCEPC)',5),
	(415,'SANTA APOLONIA',4),
	(416,'SANTA BARBARA',10),
	(417,'SANTA BARBARA',13),
	(418,'SANTA CATARINA BARAHONA',3),
	(419,'SANTA CATARINA IXTAHUACAN',7),
	(420,'SANTA CATARINA MITA',22),
	(421,'SANTA CATARINA PALOPO',7),
	(422,'SANTA CATARINA PINULA',1),
	(423,'SANTA CLARA LA LAGUNA',7),
	(424,'SANTA CRUZ BALANYA',4),
	(425,'SANTA CRUZ BARILLAS',13),
	(426,'SANTA CRUZ DEL QUICHE',14),
	(427,'SANTA CRUZ LA LAGUNA',7),
	(428,'SANTA CRUZ MULUA',11),
	(429,'SANTA CRUZ NARANJO',6),
	(430,'SANTA CRUZ VERAPAZ',16),
	(431,'SANTA ELENA',17),
	(432,'SANTA ELENA (CHIQUIMULA)',20),
	(433,'SANTA ELENA BARILLAS',1),
	(434,'SANTA EULALIA',13),
	(435,'SANTA INES (LOS AMATES)',18),
	(436,'SANTA LUCIA (ZACAPA)',19),
	(437,'SANTA LUCIA COTZUMALGUAPA',5),
	(438,'SANTA LUCIA IXCAMAL (SAN MARCO',12),
	(439,'SANTA LUCIA LA REFORMA',8),
	(440,'SANTA LUCIA MILPAS ALTAS',3),
	(441,'SANTA LUCIA UTATLAN',7),
	(442,'SANTA MARIA CAUQUE (SNTIAGO. S',3),
	(443,'SANTA MARIA CHIQUIMULA',8),
	(444,'SANTA MARIA DE JESUS',3),
	(445,'SANTA MARIA DE JESUS (ZUNIL)',9),
	(446,'SANTA MARIA IXHUATAN',6),
	(447,'SANTA MARIA VISITACION',7),
	(448,'SANTA RITA (GUASTATOYA)',2),
	(449,'SANTA ROSA CHUJUYUB',14),
	(450,'SANTA ROSA DE LIMA',6),
	(451,'SANTA ROSALIA (ZACAPA)',19),
	(452,'SANTIAGO ATITLAN',7),
	(453,'SANTIAGO CHIMALTENANGO',13),
	(454,'SANTIAGO SACATEPEQUEZ',3),
	(455,'SANTO DOMINGO SUCHITEPEQUEZ',10),
	(456,'SANTO DOMINGO XENACOJ',3),
	(457,'SANTO TOMAS LA UNION',10),
	(458,'SANTO TOMAS MILPASALTAS',3),
	(459,'SANTO TORIBIO (DOLORES)',17),
	(460,'SAYAXCHE',17),
	(461,'SEBOL (FRAY BARTOLOME)',16),
	(462,'SENAHU',16),
	(463,'SERCHIL (SAN MARCOS)',12),
	(464,'SIBANA (EL ASINTAL)',11),
	(465,'SIBILIA',9),
	(466,'SIBINAL',12),
	(467,'SIPACAPA',12),
	(468,'SIPACATE (LA GOMERA)',5),
	(469,'SIQUINALA',5),
	(470,'SN. MIGUEL AROCHE (CHIQUIMULILLA)',6),
	(471,'SOLOLA',7),
	(472,'SOLOMA',13),
	(473,'SUMPANGO',3),
	(474,'TACANA',12),
	(475,'TACTIC',16),
	(476,'TAHUEXCO (MAZATE)',10),
	(477,'TAJUMULCO',12),
	(478,'TAMAHU',16),
	(479,'TAXISCO',6),
	(480,'TECPAN GUATEMALA',4),
	(481,'TECTITAN',13),
	(482,'TECULUTAN',19),
	(483,'TECUN UMAN',12),
	(484,'TEJUTLA',12),
	(485,'TELEMAN (PANZOS)',16),
	(486,'TENEDORES (MORALES)',18),
	(487,'TIERRA COLORADA (SAN JOSE LA A',20),
	(488,'TIKAL (FLORES)',17),
	(489,'TIQUISATE',5),
	(490,'TIUCAL (ASUNCION MITA)',22),
	(491,'TOCACHE (SAN PABLO)',12),
	(492,'TODA LA REPUBLICA',1),
	(493,'TODOS SANTOS CUCHUMATAN',13),
	(494,'TOTONICAPAN',8),
	(495,'TRAPICHE GRANDE (CHUARRANCHO)',1),
	(496,'TUCURU',16),
	(497,'TULUMAJE',2),
	(498,'TULUMAJILLO (SN. AGUSTIN ACASA',2),
	(499,'UAXACTUN (FLORES)',17),
	(500,'USPANTAN',14),
	(501,'USUMATLAN',19),
	(502,'VADO HONDO (CHIQUIMULA)',20),
	(503,'VALLE NUEVO JALPATAGUA',22),
	(504,'VILLA CANALES',1),
	(505,'VILLA NUEVA',1),
	(506,'VUELTA GRANDE (SAN RAYMUNDO)',1),
	(507,'XACBAL',14),
	(508,'YEPOCAPA',4),
	(509,'YUPILTEPEQUE',22),
	(510,'ZACAPA',19),
	(511,'ZACUALPA',14),
	(512,'ZANJON SAN LORENZO (TECUN UMAN',12),
	(513,'ZAPOTITLAN',22),
	(514,'ZARAGOZA',4),
	(515,'ZUNIL',9),
	(516,'ZUNILITO',10),
	(901,'EL SALVADOR',99),
	(902,'HONDURAS',99),
	(903,'NICARAGUA',99),
	(904,'COSTA RICA',99),
	(905,'PANAMA',99),
	(906,'MEXICO',99),
	(907,'ESTADOS UNIDOS',99);

INSERT INTO countries
  (id, country_code, country_name)
VALUES
  (1, 'AF', 'Afganistán'),
  (2, 'AX', 'Islas Gland'),
  (3, 'AL', 'Albania'),
  (4, 'DE', 'Alemania'),
  (5, 'AD', 'Andorra'),
  (6, 'AO', 'Angola'),
  (7, 'AI', 'Anguilla'),
  (8, 'AQ', 'Antártida'),
  (9, 'AG', 'Antigua y Barbuda'),
  (10, 'AN', 'Antillas Holandesas'),
  (11, 'SA', 'Arabia Saudí'),
  (12, 'DZ', 'Argelia'),
  (13, 'AR', 'Argentina'),
  (14, 'AM', 'Armenia'),
  (15, 'AW', 'Aruba'),
  (16, 'AU', 'Australia'),
  (17, 'AT', 'Austria'),
  (18, 'AZ', 'Azerbaiyán'),
  (19, 'BS', 'Bahamas'),
  (20, 'BH', 'Bahréin'),
  (21, 'BD', 'Bangladesh'),
  (22, 'BB', 'Barbados'),
  (23, 'BY', 'Bielorrusia'),
  (24, 'BE', 'Bélgica'),
  (25, 'BZ', 'Belice'),
  (26, 'BJ', 'Benin'),
  (27, 'BM', 'Bermudas'),
  (28, 'BT', 'Bhután'),
  (29, 'BO', 'Bolivia'),
  (30, 'BA', 'Bosnia y Herzegovina'),
  (31, 'BW', 'Botsuana'),
  (32, 'BV', 'Isla Bouvet'),
  (33, 'BR', 'Brasil'),
  (34, 'BN', 'Brunéi'),
  (35, 'BG', 'Bulgaria'),
  (36, 'BF', 'Burkina Faso'),
  (37, 'BI', 'Burundi'),
  (38, 'CV', 'Cabo Verde'),
  (39, 'KY', 'Islas Caimán'),
  (40, 'KH', 'Camboya'),
  (41, 'CM', 'Camerún'),
  (42, 'CA', 'Canadá'),
  (43, 'CF', 'República Centroafricana'),
  (44, 'TD', 'Chad'),
  (45, 'CZ', 'República Checa'),
  (46, 'CL', 'Chile'),
  (47, 'CN', 'China'),
  (48, 'CY', 'Chipre'),
  (49, 'CX', 'Isla de Navidad'),
  (50, 'VA', 'Ciudad del Vaticano'),
  (51, 'CC', 'Islas Cocos'),
  (52, 'CO', 'Colombia'),
  (53, 'KM', 'Comoras'),
  (54, 'CD', 'República Democrática del Congo'),
  (55, 'CG', 'Congo'),
  (56, 'CK', 'Islas Cook'),
  (57, 'KP', 'Corea del Norte'),
  (58, 'KR', 'Corea del Sur'),
  (59, 'CI', 'Costa de Marfil'),
  (60, 'CR', 'Costa Rica'),
  (61, 'HR', 'Croacia'),
  (62, 'CU', 'Cuba'),
  (63, 'DK', 'Dinamarca'),
  (64, 'DM', 'Dominica'),
  (65, 'DO', 'República Dominicana'),
  (66, 'EC', 'Ecuador'),
  (67, 'EG', 'Egipto'),
  (68, 'SV', 'El Salvador'),
  (69, 'AE', 'Emiratos Árabes Unidos'),
  (70, 'ER', 'Eritrea'),
  (71, 'SK', 'Eslovaquia'),
  (72, 'SI', 'Eslovenia'),
  (73, 'ES', 'España'),
  (74, 'UM', 'Islas ultramarinas de Estados Unidos'),
  (75, 'US', 'Estados Unidos'),
  (76, 'EE', 'Estonia'),
  (77, 'ET', 'Etiopía'),
  (78, 'FO', 'Islas Feroe'),
  (79, 'PH', 'Filipinas'),
  (80, 'FI', 'Finlandia'),
  (81, 'FJ', 'Fiyi'),
  (82, 'FR', 'Francia'),
  (83, 'GA', 'Gabón'),
  (84, 'GM', 'Gambia'),
  (85, 'GE', 'Georgia'),
  (86, 'GS', 'Islas Georgias del Sur y Sandwich del Sur'),
  (87, 'GH', 'Ghana'),
  (88, 'GI', 'Gibraltar'),
  (89, 'GD', 'Granada'),
  (90, 'GR', 'Grecia'),
  (91, 'GL', 'Groenlandia'),
  (92, 'GP', 'Guadalupe'),
  (93, 'GU', 'Guam'),
  (94, 'GT', 'Guatemala'),
  (95, 'GF', 'Guayana Francesa'),
  (96, 'GN', 'Guinea'),
  (97, 'GQ', 'Guinea Ecuatorial'),
  (98, 'GW', 'Guinea-Bissau'),
  (99, 'GY', 'Guyana'),
  (100, 'HT', 'Haití'),
  (101, 'HM', 'Islas Heard y McDonald'),
  (102, 'HN', 'Honduras'),
  (103, 'HK', 'Hong Kong'),
  (104, 'HU', 'Hungría'),
  (105, 'IN', 'India'),
  (106, 'ID', 'Indonesia'),
  (107, 'IR', 'Irán'),
  (108, 'IQ', 'Iraq'),
  (109, 'IE', 'Irlanda'),
  (110, 'IS', 'Islandia'),
  (111, 'IL', 'Israel'),
  (112, 'IT', 'Italia'),
  (113, 'JM', 'Jamaica'),
  (114, 'JP', 'Japón'),
  (115, 'JO', 'Jordania'),
  (116, 'KZ', 'Kazajstán'),
  (117, 'KE', 'Kenia'),
  (118, 'KG', 'Kirguistán'),
  (119, 'KI', 'Kiribati'),
  (120, 'KW', 'Kuwait'),
  (121, 'LA', 'Laos'),
  (122, 'LS', 'Lesotho'),
  (123, 'LV', 'Letonia'),
  (124, 'LB', 'Líbano'),
  (125, 'LR', 'Liberia'),
  (126, 'LY', 'Libia'),
  (127, 'LI', 'Liechtenstein'),
  (128, 'LT', 'Lituania'),
  (129, 'LU', 'Luxemburgo'),
  (130, 'MO', 'Macao'),
  (131, 'MK', 'ARY Macedonia'),
  (132, 'MG', 'Madagascar'),
  (133, 'MY', 'Malasia'),
  (134, 'MW', 'Malawi'),
  (135, 'MV', 'Maldivas'),
  (136, 'ML', 'Malí'),
  (137, 'MT', 'Malta'),
  (138, 'FK', 'Islas Malvinas'),
  (139, 'MP', 'Islas Marianas del Norte'),
  (140, 'MA', 'Marruecos'),
  (141, 'MH', 'Islas Marshall'),
  (142, 'MQ', 'Martinica'),
  (143, 'MU', 'Mauricio'),
  (144, 'MR', 'Mauritania'),
  (145, 'YT', 'Mayotte'),
  (146, 'MX', 'México'),
  (147, 'FM', 'Micronesia'),
  (148, 'MD', 'Moldavia'),
  (149, 'MC', 'Mónaco'),
  (150, 'MN', 'Mongolia'),
  (151, 'MS', 'Montserrat'),
  (152, 'MZ', 'Mozambique'),
  (153, 'MM', 'Myanmar'),
  (154, 'NA', 'Namibia'),
  (155, 'NR', 'Nauru'),
  (156, 'NP', 'Nepal'),
  (157, 'NI', 'Nicaragua'),
  (158, 'NE', 'Níger'),
  (159, 'NG', 'Nigeria'),
  (160, 'NU', 'Niue'),
  (161, 'NF', 'Isla Norfolk'),
  (162, 'NO', 'Noruega'),
  (163, 'NC', 'Nueva Caledonia'),
  (164, 'NZ', 'Nueva Zelanda'),
  (165, 'OM', 'Omán'),
  (166, 'NL', 'Países Bajos'),
  (167, 'PK', 'Pakistán'),
  (168, 'PW', 'Palau'),
  (169, 'PS', 'Palestina'),
  (170, 'PA', 'Panamá'),
  (171, 'PG', 'Papúa Nueva Guinea'),
  (172, 'PY', 'Paraguay'),
  (173, 'PE', 'Perú'),
  (174, 'PN', 'Islas Pitcairn'),
  (175, 'PF', 'Polinesia Francesa'),
  (176, 'PL', 'Polonia'),
  (177, 'PT', 'Portugal'),
  (178, 'PR', 'Puerto Rico'),
  (179, 'QA', 'Qatar'),
  (180, 'GB', 'Reino Unido'),
  (181, 'RE', 'Reunión'),
  (182, 'RW', 'Ruanda'),
  (183, 'RO', 'Rumania'),
  (184, 'RU', 'Rusia'),
  (185, 'EH', 'Sahara Occidental'),
  (186, 'SB', 'Islas Salomón'),
  (187, 'WS', 'Samoa'),
  (188, 'AS', 'Samoa Americana'),
  (189, 'KN', 'San Cristóbal y Nevis'),
  (190, 'SM', 'San Marino'),
  (191, 'PM', 'San Pedro y Miquelón'),
  (192, 'VC', 'San Vicente y las Granadinas'),
  (193, 'SH', 'Santa Helena'),
  (194, 'LC', 'Santa Lucía'),
  (195, 'ST', 'Santo Tomé y Príncipe'),
  (196, 'SN', 'Senegal'),
  (197, 'CS', 'Serbia y Montenegro'),
  (198, 'SC', 'Seychelles'),
  (199, 'SL', 'Sierra Leona'),
  (200, 'SG', 'Singapur'),
  (201, 'SY', 'Siria'),
  (202, 'SO', 'Somalia'),
  (203, 'LK', 'Sri Lanka'),
  (204, 'SZ', 'Suazilandia'),
  (205, 'ZA', 'Sudáfrica'),
  (206, 'SD', 'Sudán'),
  (207, 'SE', 'Suecia'),
  (208, 'CH', 'Suiza'),
  (209, 'SR', 'Surinam'),
  (210, 'SJ', 'Svalbard y Jan Mayen'),
  (211, 'TH', 'Tailandia'),
  (212, 'TW', 'Taiwán'),
  (213, 'TZ', 'Tanzania'),
  (214, 'TJ', 'Tayikistán'),
  (215, 'IO', 'Territorio Británico del Océano Índico'),
  (216, 'TF', 'Territorios Australes Franceses'),
  (217, 'TL', 'Timor Oriental'),
  (218, 'TG', 'Togo'),
  (219, 'TK', 'Tokelau'),
  (220, 'TO', 'Tonga'),
  (221, 'TT', 'Trinidad y Tobago'),
  (222, 'TN', 'Túnez'),
  (223, 'TC', 'Islas Turcas y Caicos'),
  (224, 'TM', 'Turkmenistán'),
  (225, 'TR', 'Turquía'),
  (226, 'TV', 'Tuvalu'),
  (227, 'UA', 'Ucrania'),
  (228, 'UG', 'Uganda'),
  (229, 'UY', 'Uruguay'),
  (230, 'UZ', 'Uzbekistán'),
  (231, 'VU', 'Vanuatu'),
  (232, 'VE', 'Venezuela'),
  (233, 'VN', 'Vietnam'),
  (234, 'VG', 'Islas Vírgenes Británicas'),
  (235, 'VI', 'Islas Vírgenes de los Estados Unidos'),
  (236, 'WF', 'Wallis y Futuna'),
  (237, 'YE', 'Yemen'),
  (238, 'DJ', 'Yibuti'),
  (239, 'ZM', 'Zambia'),
  (240, 'ZW', 'Zimbabue');

INSERT INTO shared_catalog
  (id, name, type, status, parent_id)
VALUES
  (1, 'Empresa/Entidad', 1, 'ACTIVO', 0),
  (2, 'Persona Individual', 1, 'ACTIVO', 0),
  (3, 'Grupo', 1, 'ACTIVO', 0),
  (4, 'Abogado', 2, 'ACTIVO', 0),
  (5, 'Procurador', 2, 'ACTIVO', 0),
  (6, 'Administrativo', 2, 'ACTIVO', 0),
  (7, 'Fiscal', 5, 'ACTIVO', 0),
  (8, 'Notarial', 5, 'ACTIVO', 0),
  (9, 'Forense', 5, 'ACTIVO', 0),
  (10, 'Q0.50', 6, 'ACTIVO', 0),
  (11, 'Q1', 6, 'ACTIVO', 0),
  (12, 'Q2', 6, 'ACTIVO', 0),
  (13, 'Q3', 6, 'ACTIVO', 0),
  (14, 'Q4', 6, 'ACTIVO', 0),
  (15, 'Q5', 6, 'ACTIVO', 0),
  (16, 'Q10', 6, 'ACTIVO', 0),
  (17, 'Q25', 6, 'ACTIVO', 0),
  (18, 'Q40', 6, 'ACTIVO', 0),
  (19, 'Q80', 6, 'ACTIVO', 0),
  (20, 'Q100', 6, 'ACTIVO', 0),
  (21, '1 - Solicitud', 7, 'ACTIVO', 0),
  (22, '2 - Entrega/Salida', 7, 'ACTIVO', 0),
  (23, '3 - Compra/Entrada', 7, 'ACTIVO', 0),
  (24, 'Todos', 8, 'ACTIVO', 0),
  (25, 'Hoy', 8, 'ACTIVO', 0),
  (26, 'Ayer', 8, 'ACTIVO', 0),
  (27, 'Anteayer', 8, 'ACTIVO', 0),
  (28, 'Semana actual', 8, 'ACTIVO', 0),
  (29, 'Semana pasada', 8, 'ACTIVO', 0),
  (30, 'Semana antepasada', 8, 'ACTIVO', 0),
  (31, 'Mes actual', 8, 'ACTIVO', 0),
  (32, 'Mes pasado', 8, 'ACTIVO', 0),
  (33, 'Mes antepasado', 8, 'ACTIVO', 0),
  (34, 'Año actual', 8, 'ACTIVO', 0),
  (35, 'Año pasado', 8, 'ACTIVO', 0),
  (36, 'Año antepasado', 8, 'ACTIVO', 0),
  (37, 'Q50', 6, 'ACTIVO', 0);

INSERT INTO record_type
    (id, name, status)
VALUES
    (1, 'CIVIL', 'ACTIVO'),
    (2, 'MERCANTIL', 'ACTIVO'),
    (3, 'NOTARIADO', 'ACTIVO'),
    (4, 'JUDICIAL', 'ACTIVO'),
    (5, 'MARCAS', 'ACTIVO'),
    (6, 'ADMVO, FISCAL, LABORAL Y PENAL', 'ACTIVO');

INSERT INTO record_subtype
    (id, name, status, record_type_id)
VALUES
    (1, 'Persona Individual', 'ACTIVO', 1),
    (2, 'Contratos', 'ACTIVO', 1),
    (3, 'Bienes', 'ACTIVO', 1),
    (4, 'Mandatos', 'ACTIVO', 1),
    (5, 'Proceso Sucesorio', 'ACTIVO', 1),
    (6, 'Otros', 'ACTIVO', 1),
    (7, 'Sociedades', 'ACTIVO', 2),
    (8, 'Nombramientos', 'ACTIVO', 2),
    (9, 'Contratos', 'ACTIVO', 2),
    (10, 'Otros', 'ACTIVO', 2),
    (11, 'Legalizaciones', 'ACTIVO', 3),
    (12, 'Protocolizaciones', 'ACTIVO', 3),
    (13, 'Actas Notariales', 'ACTIVO', 3),
    (14, 'Otros', 'ACTIVO', 3),
    (15, 'Primera Instancia', 'ACTIVO', 4),
    (16, 'Apelaciones', 'ACTIVO', 4),
    (17, 'Amparos', 'ACTIVO', 4),
    (18, 'Inconstitucionalidades', 'ACTIVO', 4),
    (19, 'Contencioso Administrativo', 'ACTIVO', 4),
    (20, 'Casación', 'ACTIVO', 4),
    (21, 'Incidente', 'ACTIVO', 4),
    (22, 'Marca', 'ACTIVO', 5),
    (23, 'Nombre comercial', 'ACTIVO', 5),
    (24, 'Señal de publicidad', 'ACTIVO', 5),
    (25, 'Emblema', 'ACTIVO', 5),
    (26, 'Proced. ante autoridades de Gobierno', 'ACTIVO', 6),
    (27, 'Recursos', 'ACTIVO', 6),
    (28, 'Ministerio Público', 'ACTIVO', 6);

INSERT INTO activities
  (id, name, status, created_by, updated_by, created_at, updated_at)
VALUES
  (1, 'Gasto de registros varios', 'ACTIVO', 1, 2, NOW(), NOW());

INSERT INTO institutions
  (id, name, short_name, status, created_by, updated_by, created_at, updated_at)
VALUES
  (1, 'Registro Mercantil', 'RM', 'ACTIVO', 1, 2, NOW(), NOW()),
  (2, 'Superintendencia de Bancos', 'SPB', 'ACTIVO', 1, 2, NOW(), NOW()),
  (3, 'Registro de la Propiedad Inmueble', 'Reg. Prop. Inm.', 'ACTIVO', 1, 2, NOW(), NOW()),
  (4, 'Registro de la Propiedad Intelectual', 'Reg. Prop. Int.', 'ACTIVO', 1, 2, NOW(), NOW()),
  (5, 'Municipalidad de Guatemala', 'Muni. Guate.', 'ACTIVO', 1, 2, NOW(), NOW()),
  (6, 'Tribunales', 'Tribunales', 'ACTIVO', 1, 2, NOW(), NOW()),
  (7, 'Superintendencia de Administración Tributaria', 'SAT', 'ACTIVO', 1, 2, NOW(), NOW()),
  (8, 'Instituto Guatemalteco de Seguridad Social', 'IGSS', 'ACTIVO', 1, 2, NOW(), NOW()),
  (9, 'Ministerio Energía y Minas', 'Min. Energía y Mir', 'ACTIVO', 1, 2, NOW(), NOW()),
  (10, 'Instituto Nacional de Bosques', 'INAB', 'ACTIVO', 1, 2, NOW(), NOW()),
  (11, 'Dirección General de Migración', 'Migración', 'ACTIVO', 1, 2, NOW(), NOW()),
  (12, 'Dirección de Catastro y Avalúo Bienes Inmuebles', 'DICABI', 'ACTIVO', 1, 2, NOW(), NOW()),
  (13, 'Procuraduría General de la Nación', 'PGN', 'ACTIVO', 1, 2, NOW(), NOW()),
  (14, 'Ministerio Público', 'MP', 'ACTIVO', 1, 2, NOW(), NOW()),
  (15, 'Archivo de Protocolos', 'Archivo de Protoc', 'ACTIVO', 1, 2, NOW(), NOW()),
  (16, 'Ministerio Relaciones Exteriores', 'Min. Relaciones Ext', 'ACTIVO', 1, 2, NOW(), NOW()),
  (17, 'Ministerio de Gobernación', 'Min. Gob.', 'ACTIVO', 1, 2, NOW(), NOW()),
  (18, 'Registro Nacional de Personas', 'RENAP', 'ACTIVO', 1, 2, NOW(), NOW()),
  (19, 'Ministerio de Trabajo', 'Min. Trabajo', 'ACTIVO', 1, 2, NOW(), NOW()),
  (20, 'Consulados', 'Consulados', 'ACTIVO', 1, 2, NOW(), NOW()),
  (21, 'CEMENTERIOS', 'CEMENTERIOS', 'ACTIVO', 1, 2, NOW(), NOW()),
  (22, 'Ministerio de Ambiente y Recursos Naturales', 'MARN', 'ACTIVO', 1, 2, NOW(), NOW()),
  (23, 'Registro de Personas Jurídicas', 'Registro de Persor', 'ACTIVO', 1, 2, NOW(), NOW()),
  (24, 'Registro de Garantías Mobiliarias', 'RGM', 'ACTIVO', 1, 2, NOW(), NOW()),
  (25, 'Corte Suprema de Justicia', 'Corte Suprema', 'ACTIVO', 1, 2, NOW(), NOW()),
  (99, 'Otros', 'Otros', 'ACTIVO', 1, 2, NOW(), NOW());

INSERT INTO status_flow
  (id, entity_type, prev_status, next_status, privilege)
VALUES
  (1, 3, 'ELABORADO', 'PENDIENTE', 'EXPEDIENTE_CAMBIA_ESTADO'),
  (2, 3, 'PENDIENTE', 'AUTORIZADO', 'EXPEDIENTE_AUTORIZA_RECHAZA'),
  (3, 3, 'PENDIENTE', 'RECHAZADO', 'EXPEDIENTE_AUTORIZA_RECHAZA'),
  (4, 3, 'PENDIENTE', 'ELABORADO', 'EXPEDIENTE_CAMBIA_ESTADO'),
  (5, 3, 'AUTORIZADO', 'TERMINADO', 'EXPEDIENTE_CAMBIA_ESTADO'),
  (6, 4, 'ABIERTO', 'PROCESO', 'AGENDA_PROCURADOR_CAMBIO_ESTADO'),
  (7, 4, 'ABIERTO', 'ELIMINADO', 'AGENDA_PROCURADOR_CAMBIO_ESTADO'),
  (8, 4, 'PROCESO', 'CERRADO', 'AGENDA_PROCURADOR_CAMBIO_ESTADO'),
  (9, 5, 'ABIERTO', 'TERMINADO', 'AGENDA_PROCURADOR_CAMBIO_ESTADO'),
  (10, 5, 'ABIERTO', 'PROCESO', 'AGENDA_PROCURADOR_CAMBIO_ESTADO'),
  (11, 6, 'ELABORADO', 'PENDIENTE', 'TIMBRE_FISCAL_INVENTARIO_CAMBIA_ESTADO'),
  (12, 6, 'PENDIENTE', 'ELABORADO', 'TIMBRE_FISCAL_INVENTARIO_CAMBIA_ESTADO'),
  (13, 6, 'PENDIENTE', 'AUTORIZADO', 'TIMBRE_FISCAL_INVENTARIO_AUTORIZA'),
  (14, 6, 'PENDIENTE', 'RECHAZADO', 'TIMBRE_FISCAL_INVENTARIO_AUTORIZA'),
  (15, 7, 'ELABORADO', 'PENDIENTE', 'LIQUIDACION_FACTURA_CAMBIA_ESTADO'),
  (16, 7, 'PENDIENTE', 'REVISION', 'LIQUIDACION_FACTURA_CAMBIA_ESTADO'),
  (17, 7, 'REVISION', 'AUTORIZADO', 'LIQUIDACION_FACTURA_AUTORIZA'),
  (18, 7, 'REVISION', 'RECHAZADO', 'LIQUIDACION_FACTURA_AUTORIZA'),
  (19, 7, 'RECHAZADO', 'ELABORADO', 'LIQUIDACION_FACTURA_CAMBIA_ESTADO'),
  (20, 7, 'AUTORIZADO', 'FACTURADO', 'LIQUIDACION_FACTURA_GENERAR_FACTURA'),
  (21, 8, 'ELABORADO', 'ACTIVO', 'DOCUMENTOS_GASTOS_CAMBIA_ESTADO'),
  (22, 8, 'ELABORADO', 'ELIMINADO', 'DOCUMENTOS_GASTOS_CAMBIA_ESTADO'),
  (23, 9, 'ELABORADO', 'IMPRESO', 'FACTURA_AUTORIZA'),
  (24, 9, 'ELABORADO', 'ELIMINADO', 'FACTURA_CAMBIA_ESTADO'),
  (25, 9, 'IMPRESO', 'ANULADO', 'FACTURA_CAMBIA_ESTADO');

INSERT INTO app_config 
  (id, created_at, updated_at, company_id, config_name, config_value, status)
VALUES 
  (1, NOW(), NOW(), 1, 'MONTO_PERMITIDO_CIERRE_LOCAL', '999999', 'ACTIVO'),
  (2, NOW(), NOW(), 1, 'MONTO_PERMITIDO_CIERRE_EXTRANJERO', '999999', 'ACTIVO'),
  (3, NOW(), NOW(), 1, 'MONEDA_LOCAL', '1', 'ACTIVO'),
  (4, NOW(), NOW(), 1, 'MONEDA_EXTRANJERA', '2', 'ACTIVO'),
  (5, NOW(), NOW(), 1, 'DIAS_EXPIRACION', '20', 'ACTIVO'),
  (6, NOW(), NOW(), 1, 'FILE_PATH', 'uploads', 'ACTIVO'),
  (7, NOW(), NOW(), 1, 'EXPENSES_NOT_AFFECTED', '1', 'ACTIVO'),
  (8, NOW(), NOW(), 1, 'RECEIPT_NONFREE_DEFAULT_DESCRIPTION', 'Por servicios legales prestados', 'ACTIVO'),
  (9, NOW(), NOW(), 1, 'RECEIPT_FREE_DEFAULT_DESCRIPTION', 'Por servicios adicionales prestados', 'ACTIVO'),
  (10, NOW(), NOW(), 1, 'IVA_PORCENTAJE', '12', 'ACTIVO');

INSERT INTO employees 
  (id, created_at, updated_at, created_by, updated_by, academic_level, address, amount_per_hour, cel_phone, child_no, civil_status, 
  name, home_phone, igss, languages, nit, position, status, last_name, 
  title, village) 
VALUES 
  (1,'2020-01-20 17:58:31','2020-01-20 17:58:31',2,2,'','Ciudad', 35,'45270422',0,'2','Admin','24200200','','','67503691',4,'DELETED','Admin','','');

INSERT INTO product_property 
	(id, product_type, property_name, status, property_column_name) 
VALUES
  (1, 'TIMBRES', 'Tipo', 'ACTIVO', 'stamp_type'),
	(2, 'TIMBRES', 'Designación', 'ACTIVO', 'designation_type'),
  (3, 'TIMBRES', 'Año', 'ACTIVO', 'year');

INSERT INTO products 
(id,created_at,updated_at,created_by,updated_by,min_quantity,product_code,product_existence,product_inv_type,product_name,status,unit_value) 
VALUES 
	(1,'2020-03-26 13:14:01','2020-03-26 13:14:01',2,2,10,'F0',0,'TIMBRES','Timbre Fiscal de Q0.50','ACTIVO',0.5),
  (2,'2020-03-26 13:14:27','2020-03-26 13:14:27',2,2,10,'F1',0,'TIMBRES','Timbre Fiscal de Q1.00','ACTIVO',1),
  (3,'2020-03-26 13:15:12','2020-03-26 13:15:12',2,2,10,'F2',0,'TIMBRES','Timbre Fiscal de Q2.00','ACTIVO',2),
  (4,'2020-03-26 13:15:37','2020-03-26 13:15:37',2,2,10,'F3',0,'TIMBRES','Timbre Fiscal de Q3.00','ACTIVO',3),
  (5,'2020-03-26 13:16:08','2020-03-26 13:16:08',2,2,10,'F4',0,'TIMBRES','Timbre Fiscal de Q4.00','ACTIVO',4),
  (6,'2020-03-26 13:16:33','2020-03-26 13:16:33',2,2,10,'F5',0,'TIMBRES','Timbre Fiscal de Q5.00','ACTIVO',5),
  (7,'2020-03-26 13:16:58','2020-03-26 13:16:58',2,2,10,'F10',0,'TIMBRES','Timbre Fiscal de Q10.00','ACTIVO',10),
  (8,'2020-03-26 13:17:30','2020-03-26 13:17:30',2,2,10,'F25',0,'TIMBRES','Timbre Fiscal de Q25.00','ACTIVO',25),
  (9,'2020-03-26 13:17:58','2020-03-26 13:17:58',2,2,10,'F40',0,'TIMBRES','Timbre Fiscal de Q40.00','ACTIVO',40),
  (10,'2020-03-26 13:18:56','2020-03-26 13:18:56',2,2,10,'F80',0,'TIMBRES','Timbre Fiscal de Q80.00','ACTIVO',80),
  (11,'2020-03-26 13:19:25','2020-03-26 13:19:25',2,2,10,'F100',0,'TIMBRES','Timbre Fiscal de Q100.00','ACTIVO',100);

INSERT INTO products_detail
	(id,product_id,product_property,property_value) 
VALUES 
	(1,1,1,'7'),
	(2,1,2,'10'),
	(3,1,3,'2020'),
  (4,2,1,'7'),
  (5,2,2,'11'),
  (6,2,3,'2020'),
  (7,3,1,'7'),
  (8,3,2,'12'),
  (9,3,3,'2020'),
  (10,4,1,'7'),
  (11,4,2,'13'),
  (12,4,3,'2020'),
  (13,5,1,'7'),
  (14,5,2,'14'),
  (15,5,3,'2020'),
  (16,6,1,'7'),
  (17,6,2,'15'),
  (18,6,3,'2020'),
  (19,7,1,'7'),
  (20,7,2,'16'),
  (21,7,3,'2020'),
  (22,8,1,'7'),
  (23,8,2,'17'),
  (24,8,3,'2020'),
  (25,9,1,'7'),
  (26,9,2,'18'),
  (27,9,3,'2020'),
  (28,10,1,'7'),
  (29,10,2,'19'),
  (30,10,3,'2020'),
  (31,11,1,'7'),
  (32,11,2,'20'),
  (33,11,3,'2020');

INSERT INTO clients 
    (id,client_type,name,last_name,nit,status,created_by,created_at,updated_at,updated_by) 
VALUES 
    (3,1,'PANTALEON, S.A. ','','33494-4','ACTIVO',1,'2006-04-25 17:43:00',NULL,NULL),
    (32,1,'CONCEPCION, S.A. ','','33221-6','ACTIVO',1,'2006-04-27 20:49:00',NULL,NULL),
    (33,1,'AGROPECUARIA SAN BERNARDO, S.A. ','','3363815-2','ACTIVO',1,'2006-04-27 20:56:00',NULL,NULL),
    (34,1,'AGROPECUARIA EL CHICHIPATE, SOCIEDAD ANONIMA ','','721779-K','ACTIVO',1,'2006-04-27 20:57:00',NULL,NULL),
    (35,1,'AGROPECUARIA EL AGÜERO ','','486412-3','ACTIVO',1,'2006-04-27 20:59:00',NULL,NULL),
    (36,1,'EL TRANSVAAL, S.A. ','','513528-1','ACTIVO',1,'2006-04-27 21:02:00',NULL,NULL),
    (37,1,'COMPAÑIA AGRICOLA E INDUSTRIAL EL BAUL Y ANEXOS, S.A. ','','4888-7','ACTIVO',1,'2006-04-27 21:03:00',NULL,NULL),
    (38,1,'INMOBILIARIA LAS MAJADAS, SOCIEDAD ANONIMA ','','448694-3','ACTIVO',1,'2006-04-27 21:05:00',NULL,NULL),
    (39,1,'LA EMINENCIA, S.A. ','','579116-2','ACTIVO',1,'2006-04-27 21:07:00',NULL,NULL),
    (40,1,'LOS DIAMANTES, S.A. ','','482483-0','ACTIVO',1,'2006-04-27 21:10:00',NULL,NULL),
    (41,1,'DEVSA, S.A. ','','2637537-0','ACTIVO',1,'2006-04-27 21:12:00',NULL,NULL),
    (42,1,'SPECTRUM, S.A. ','','3309597-3','ACTIVO',1,'2006-04-27 21:14:00',NULL,NULL),
    (43,1,'FINCA EL POTRERO, S.A. ','','986617-5','ACTIVO',1,'2006-04-27 21:16:00',NULL,NULL),
    (57,1,'LUKS, S.A. ','','475105-1','ACTIVO',1,'2006-04-28 08:34:00',NULL,NULL),
    (60,1,'TPS OPERACIONES DE GUATEMALA, LIMITADA ','','986615-9','ACTIVO',1,'2006-04-28 09:16:00',NULL,NULL),
    (61,1,'RECKITT BENCKISER INC ','','C/F','ACTIVO',1,'2006-04-28 09:22:00',NULL,NULL),
    (62,1,'CONEXION ENERGETICA CENTROAMERICANA, S.A. ','','C/F','ACTIVO',1,'2006-04-28 09:33:00',NULL,NULL),
    (63,1,'HIDROELECTRICA RIO LAS VACAS, S.A. ','','1689799-4','ACTIVO',1,'2006-04-28 09:39:00',NULL,NULL),
    (64,1,'CEMENTOS PROGRESO, S.A. ','','32573-2','ACTIVO',1,'2006-04-28 09:41:00',NULL,NULL),
    (65,1,'PEÑA RUBIA, S.A. ','','393042-4','ACTIVO',1,'2006-04-28 09:43:00',NULL,NULL),
    (66,1,'TACA INTERNATIONAL AIRLINES, S.A. ','','32457-4','ACTIVO',1,'2006-04-28 09:55:00',NULL,NULL),
    (67,1,'AGROPECUARIA ATITLAN, S.A. ','','34151-7','ACTIVO',1,'2006-04-28 09:58:00',NULL,NULL),
    (68,2,'ROGER ANTHONY DUBIEL BALACHOFF','','82176-4','ACTIVO',1,'2006-04-28 10:00:00',NULL,NULL),
    (69,1,'PROMOCIONES DE EXPORTACION, S.A. ','','105014-1','ACTIVO',1,'2006-04-28 10:01:00',NULL,NULL),
    (70,1,'PROMOCIONES TECNICAS, S.A. ','','105462-7','ACTIVO',1,'2006-04-28 10:04:00',NULL,NULL),
    (72,3,'GRUPO PANTALEON ','','C/F','ACTIVO',1,'2006-04-28 10:14:00',NULL,NULL),
    (73,3,'GRUPO TECO ','','C/F','ACTIVO',1,'2006-04-28 10:14:00',NULL,NULL),
    (74,3,'GRUPO TECUN ','','C/F','ACTIVO',1,'2006-04-28 10:15:00',NULL,NULL),
    (75,3,'GRUPO ENEL ','','C/F','ACTIVO',1,'2006-04-28 10:15:00',NULL,NULL),
    (76,3,'GRUPO TACA ','','C/F','ACTIVO',1,'2006-04-28 10:15:00',NULL,NULL),
    (77,3,'GRUPO SPECTRUM ','','C/F','ACTIVO',1,'2006-04-28 10:15:00',NULL,NULL),
    (78,3,'GRUPO FABRIGAS ','','C/F','ACTIVO',1,'2006-04-28 10:16:00',NULL,NULL),
    (89,1,'TECNICA UNIVERSAL, S.A. ','','73790-9','ACTIVO',1,'2006-04-28 10:45:00',NULL,NULL),
    (90,1,'URBANIZACIONES PETAPA, S.A. ','','168412-4','ACTIVO',1,'2006-04-28 10:46:00',NULL,NULL),
    (91,1,'EXPORTACIONES MULTIPLES, S.A. ','','402391-9','ACTIVO',1,'2006-04-28 10:49:00',NULL,NULL),
    (92,1,'AVIATECA, S. A. ','','546580-K','ACTIVO',1,'2006-04-28 10:50:00',NULL,NULL),
    (94,1,'FUNDACION PANTALEON ','','728618-K','ACTIVO',1,'2006-04-28 10:54:00',NULL,NULL),
    (95,1,'TAMPA CENTROAMERICANA DE ELECTRICIDAD, LTDA. ','','740035-7','ACTIVO',1,'2006-04-28 11:14:00',NULL,NULL),
    (96,1,'CENTRAL GENERADORA ELECTRICA SAN JOSE, LTDA. ','','826892-4','ACTIVO',1,'2006-04-28 11:15:00',NULL,NULL),
    (97,1,'TPS ADMINISTRACIONES, LTDA. ','','1251595-7','ACTIVO',1,'2006-04-28 11:16:00',NULL,NULL),
    (98,1,'PRODUCTORA CENTROAMERICANA DE ALIMENTOS, S.A. ','','1277390-5','ACTIVO',1,'2006-04-28 11:18:00',NULL,NULL),
    (99,1,'UNIVERSAL DE AUTOS, S.A. ','','1595709-8','ACTIVO',1,'2006-04-28 11:19:00',NULL,NULL),
    (100,1,'MASCALATE, S.A. ','','2358324-K','ACTIVO',1,'2006-04-28 11:21:00',NULL,NULL),
    (102,1,'INVERSIONES VITALES, S.A. ','','2236494-3','ACTIVO',1,'2006-04-28 11:24:00',NULL,NULL),
    (106,1,'TIERRA BUENA, S .A. ','','2237693-3','ACTIVO',1,'2006-04-28 11:28:00',NULL,NULL),
    (107,1,'BONNE TERRE, S.A. ','','2486795-0','ACTIVO',1,'2006-04-28 11:30:00',NULL,NULL),
    (109,1,'COASTAL TECHNOLOGY GUATEMALA, LTDA. ','','2502737-9','ACTIVO',1,'2006-04-28 11:32:00',NULL,NULL),
    (110,1,'NOBEL SYSTEMS, SOCIEDAD ANÓNIMA ','','2552490-9','ACTIVO',1,'2006-04-28 11:34:00',NULL,NULL),
    (111,1,'PITASA, S.A. ','','2873699-0','ACTIVO',1,'2006-04-28 11:35:00',NULL,NULL),
    (113,1,'AVIASERVICIOS, S.A. ','','2902067-0','ACTIVO',1,'2006-04-28 11:40:00',NULL,NULL),
    (116,1,'TECNOLOGIA MARITIMA, S.A. ','','2954791-1','ACTIVO',1,'2006-04-28 11:42:00',NULL,NULL),
    (117,1,'GLOBAL APPAREL, S.A. ','','2960688-8','ACTIVO',1,'2006-04-28 11:43:00',NULL,NULL),
    (118,1,'BIOCULTIVOS DE GUATEMALA, S.A. ','','3524243-4','ACTIVO',1,'2006-04-28 11:45:00',NULL,NULL),
    (119,1,'DULCECA, S. A. ','','3534571-3','ACTIVO',1,'2006-04-28 11:46:00',NULL,NULL),
    (120,3,'GRUPO PROCALIDAD ','','C/F','ACTIVO',1,'2006-04-28 11:46:00',NULL,NULL),
    (122,1,'REPRESENTACIONES DULCES COLOMBINA, S.A. ','','3535324-4','ACTIVO',1,'2006-04-28 11:48:00',NULL,NULL),
    (125,3,'GRUPO NOBEL SYSTEMS ','','C/F','ACTIVO',1,'2006-04-28 11:50:00',NULL,NULL),
    (126,1,'NOBEL SYSTEMS GUATEMALA, S.A. ','','3638361-9','ACTIVO',1,'2006-04-28 11:50:00',NULL,NULL),
    (129,1,'GENERADORA DE OCCIDENTE, LTDA ','','2246609-6','ACTIVO',1,'2006-04-28 11:58:00',NULL,NULL),
    (130,1,'GENERADORA MONTECRISTO, S.A. ','','3785303-1','ACTIVO',1,'2006-04-28 11:59:00',NULL,NULL),
    (143,2,'ANA KARINA MENDIZABAL','','761608-2','ACTIVO',1,'2006-04-28 12:31:00',NULL,NULL),
    (145,1,'COMERCIALIZADORA ELECTRONOVA, S.A. ','','4095883-3','ACTIVO',1,'2006-04-28 12:34:00',NULL,NULL),
    (146,1,'GENERACION ELECTRICA CENTROAMERICANA, S.A. ','','2459141-6','ACTIVO',1,'2006-04-28 12:34:00',NULL,NULL),
    (162,2,'RODRIGO MAEGLI','','C/F','ACTIVO',1,'2006-04-28 15:40:00',NULL,NULL),
    (166,1,'ELEKTRA DE GUATEMALA, S.A. ','','657697-4','ACTIVO',1,'2006-04-28 15:49:00',NULL,NULL),
    (171,1,'HIDROELECTRICA RIO BOBOS ','','C/F','ACTIVO',1,'2006-04-28 16:08:00',NULL,NULL),
    (174,1,'ELEKTRA DE MEXICO, S.A. DE C.V. ','','C/F','ACTIVO',1,'2006-04-28 16:15:00',NULL,NULL),
    (179,1,'DISTRIBUIDORA DE AUTOMOVILES, S.A. ','','153561-7','ACTIVO',1,'2006-04-28 16:27:00',NULL,NULL),
    (181,1,'COMPAÑIA DE MELAZAS DE ESCUINTLA, S.A. ','','16828-9','ACTIVO',1,'2006-04-28 16:33:00',NULL,NULL),
    (186,2,'RODOLFO ROBLES','','C/F','ACTIVO',1,'2006-04-28 18:30:00',NULL,NULL),
    (188,1,'INGENIEROS CONSULTORES CIVILES Y ELECTRICOS, S.A. ','','C/F','ACTIVO',1,'2006-04-28 18:33:00',NULL,NULL),
    (190,1,'TOBI, S.A. ','','C/F','ACTIVO',1,'2006-04-28 18:36:00',NULL,NULL),
    (231,2,'LUCRECIA HERRERA','','56309-9','ACTIVO',1,'2006-05-02 11:25:00',NULL,NULL),
    (267,2,'MONICA EUGENIA HERRERA COFIÑO','','C/F','ACTIVO',1,'2006-05-02 15:32:00',NULL,NULL),
    (284,2,'LOUIS SUZANNE QUEVEDO LABEREE DE DUBIEL','','C/F','ACTIVO',1,'2006-05-04 11:18:00',NULL,NULL),
    (287,1,'INMOBILIARIA DUQUESA, S.A. ','','511869-7','ACTIVO',1,'2006-05-04 14:07:00',NULL,NULL),
    (298,1,'OSO, SOCIEDAD ANONIMA ','','4168993-3','ACTIVO',1,'2006-05-04 15:18:00',NULL,NULL),
    (310,1,'INVERSIONES ANTINORI, S.A. ','','C/F','ACTIVO',1,'2006-05-05 09:23:00',NULL,NULL),
    (318,1,'CREATIVE ASSOCIATES INTERNATIONAL, INC ','','C/F','ACTIVO',1,'2006-05-08 08:53:00',NULL,NULL),
    (321,1,'BIO ETANOL, S.A. ','','3046560-5','ACTIVO',1,'2006-05-08 11:33:00',NULL,NULL),
    (322,2,'PONCIANO ARIAS ROLANDO','','C/F','ACTIVO',1,'2006-05-08 11:36:00',NULL,NULL),
    (323,1,'TERMINAL DE ALCOHOLES DE GUATEMALA, S.A. ','','5034037-9','ACTIVO',1,'2006-05-08 11:37:00',NULL,NULL),
    (328,1,'COMPAÑIA COMERCIAL TRANSMARES, SOCIEDAD ANONIMA ','','C/F','ACTIVO',1,'2006-05-09 08:39:00',NULL,NULL),
    (332,1,'ACADEMIA DE SEGURIDAD DECISION EJECUTIVA, SOCIEDAD ANONIMA ','','2637322-K','ACTIVO',1,'2006-05-09 09:03:00',NULL,NULL),
    (345,1,'SOP, S.A. ','','C/F','ACTIVO',1,'2006-05-09 13:42:00',NULL,NULL),
    (350,1,'AGROPECUARIA LAS VERTIENTES, S.A. ','','C/F','ACTIVO',1,'2006-05-09 14:42:00',NULL,NULL),
    (355,1,'INVERSIONES RDB, S.A. ','','4495966-4','ACTIVO',1,'2006-05-09 15:47:00',NULL,NULL),
    (380,1,'AGROPE, S.A. ','','C/F','ACTIVO',1,'2006-05-09 17:41:00',NULL,NULL),
    (392,1,'INVERSIONES DUQUESA, S.A. ','','4474666-0','ACTIVO',1,'2006-05-09 18:17:00',NULL,NULL),
    (395,1,'ROPECO, S.A. ','','C/F','ACTIVO',1,'2006-05-09 18:20:00',NULL,NULL),
    (400,1,'SERVIROPE, S.A. ','','C/F','ACTIVO',1,'2006-05-09 18:37:00',NULL,NULL),
    (419,1,'AMADEUS, LTD, INC. ','','C/F','ACTIVO',1,'2006-05-11 08:32:00',NULL,NULL),
    (465,1,'CONSULTORA INDUSTRIAL RICARDO ANDREU ','','C/F','ACTIVO',1,'2006-05-12 15:48:00',NULL,NULL),
    (485,1,'FUNDACION HERRERA LLERANDI ','','626671-1','ACTIVO',1,'2006-05-15 08:23:00',NULL,NULL),
    (492,2,'INSA THIELE','','C/F','ACTIVO',1,'2006-05-15 10:49:00',NULL,NULL),
    (497,2,'OGARRIO MARIN CARLOS ENRIQUE','','C/F','ACTIVO',1,'2006-05-15 11:00:00',NULL,NULL),
    (500,2,'OGARRIO OLIVERO CARLOS ENRIQUE','','C/F','ACTIVO',1,'2006-05-15 11:07:00',NULL,NULL),
    (534,1,'WESTRUST BANK ','','C/F','ACTIVO',1,'2006-05-16 10:24:00',NULL,NULL),
    (612,1,'BUFETE OLIVERO, S.A. ','','714702-3','ACTIVO',1,'2006-05-17 16:38:00',NULL,NULL),
    (626,1,'RECKITT & COLMAN (OVERSEAS) LIMITED ','','C/F','ACTIVO',1,'2006-05-17 17:35:00',NULL,NULL),
    (639,2,'ROBERTO JACOBO TENNENBAUM RAPPOPOT','','C/F','ACTIVO',1,'2006-05-18 10:46:00',NULL,NULL),
    (645,1,'ROBERTO DUEÑAS LIMITADA ','','C/F','ACTIVO',1,'2006-05-18 11:01:00',NULL,NULL),
    (665,1,'TECNOLOGIA MARITIMA, SOCIEDAD ANONIMA ','','C/F','ACTIVO',1,'2006-05-18 15:51:00',NULL,NULL),
    (686,2,'ISABEL MARIANA CARRERA MOLINA DE BOPPEL','','C/F','ACTIVO',1,'2006-05-19 09:49:00',NULL,NULL),
    (716,1,'FABIK, S.A. ','','398830-9','ACTIVO',1,'2006-05-22 09:03:00',NULL,NULL),
    (733,1,'LOS NAZARENOS, S. A. ','','1494485-5','ACTIVO',1,'2006-05-22 15:48:00',NULL,NULL),
    (739,2,'ROLANDO ANTONIO PONCIANO ARIAS','','C/F','ACTIVO',1,'2006-05-22 16:05:00',NULL,NULL),
    (780,2,'EDUARDO BOPPEL CARRERA','','C/F','ACTIVO',1,'2006-05-24 09:55:00',NULL,NULL),
    (784,1,'INVERSIONES TRES PUENTES, S.A. ','','C/F','ACTIVO',1,'2006-05-24 11:29:00',NULL,NULL),
    (785,1,'INVERSIONES SIERRA MORENA, S.A. ','','C/F','ACTIVO',1,'2006-05-24 11:30:00',NULL,NULL),
    (806,1,'AGREGADOS DE GUATEMALA, S.A. ','','735336-7','ACTIVO',1,'2006-05-24 16:25:00',NULL,NULL),
    (836,1,'INVERSIONES TBG, S.A. ','','C/F','ACTIVO',1,'2006-05-26 10:19:00',NULL,NULL),
    (861,2,'JUAN DE DIOS MARTINEZ','','C/F','ACTIVO',1,'2006-05-29 09:29:00',NULL,NULL),
    (866,1,'LUCHY, S.A. ','','481254-9','ACTIVO',1,'2006-05-29 10:58:00',NULL,NULL),
    (883,1,'RPC ADMINISTRACION, SOCIEDAD ANONIMA ','','3096910-7','ACTIVO',1,'2006-05-30 11:25:00',NULL,NULL),
    (884,1,'SERVICIOS DIVERSIFICADOS DE ASESORIA, SOCIEDAD ANONIMA ','','3097731-2','ACTIVO',1,'2006-05-30 11:26:00',NULL,NULL),
    (885,1,'CENTRO GERENCIAL LAS MARGARITAS TORRE I, SOCIEDAD ANONIMA ','','1971524-2','ACTIVO',1,'2006-05-30 11:27:00',NULL,NULL),
    (886,1,'MIL, SOCIEDAD ANONIMA ','','C/F','ACTIVO',1,'2006-05-30 11:28:00',NULL,NULL),
    (904,1,'PRODUCTOS DEL AIRE DE GUATEMALA, S.A. ','','837297-7','ACTIVO',1,'2006-06-01 11:10:00',NULL,NULL),
    (907,2,'GILFORD DALTON ALFARO CALDERON','','C/F','ACTIVO',1,'2006-06-01 11:20:00',NULL,NULL),
    (914,1,'ADMINISTRACION DE PROYECTOS ESPECIALES DE GUATEMALA, S.A. ','','735337-5','ACTIVO',1,'2006-06-01 12:17:00',NULL,NULL),
    (915,1,'SACOS DEL ATLANTICO, S.A. ','','3547782-2','ACTIVO',1,'2006-06-01 12:20:00',NULL,NULL),
    (926,1,'EDICIONES SUPERIORES, SOCIEDAD ANONIMA ','','2725764-9','ACTIVO',1,'2006-06-02 10:30:00',NULL,NULL),
    (953,1,'RBTT BANK LIMITED ','','C/F','ACTIVO',1,'2006-06-05 10:41:00',NULL,NULL),
    (997,1,'OCEAN SIDE HOLDINGS, S.A. ','','4310277-8','ACTIVO',1,'2006-06-06 12:08:00',NULL,NULL),
    (998,2,'RODOLFO EDUARDO HERRERA LLERANDI','','C/F','ACTIVO',1,'2006-06-06 12:17:00',NULL,NULL),
    (1012,1,'MER, S.A. ','','C/F','ACTIVO',1,'2006-06-07 09:28:00',NULL,NULL),
    (1019,1,'SILVERSIDE HOLDINGS, S.A. ','','4288653-8','ACTIVO',1,'2006-06-07 14:32:00',NULL,NULL),
    (1062,1,'INVERSIONES GAVIOTA, SOCIEDAD ANONIMA ','','C/F','ACTIVO',1,'2006-06-12 11:08:00',NULL,NULL),
    (1066,2,'ALEXANDRO ANDREU MATHEU','','C/F','ACTIVO',1,'2006-06-12 13:24:00',NULL,NULL),
    (1078,1,'INVERSIONES PROTECTORAS DEL ECOSISTEMA, S.A. ','','2873046-1','ACTIVO',1,'2006-06-13 11:20:00',NULL,NULL),
    (1097,2,'RAUL JOSÉ MINONDO HERRERA','','C/F','ACTIVO',1,'2006-06-13 15:44:00',NULL,NULL),
    (1100,1,'AVIATECA, S.A. ','','C/F','ACTIVO',1,'2006-06-13 16:12:00',NULL,NULL),
    (1105,2,'MARIA HERLINDA CHAJON APOPA','','C/F','ACTIVO',1,'2006-06-13 16:25:00',NULL,NULL),
    (1133,2,'MARIA SARA LEON DE ESTRADA','','C/F','ACTIVO',1,'2006-06-14 15:45:00',NULL,NULL),
    (1149,1,'TRANSPORTES AEREOS INTER, S.A. ','','C/F','ACTIVO',1,'2006-06-15 10:15:00',NULL,NULL),
    (1209,1,'LOGA, S.A. ','','398831-7','ACTIVO',1,'2006-06-19 16:20:00',NULL,NULL),
    (1235,1,'REPRESENTACIONES ACTIVAS, S.A. ','','1252075-6','ACTIVO',1,'2006-06-21 11:45:00',NULL,NULL),
    (1243,1,'OPERADORA DE LINEAS DE TRANSMISION, SOCIEDAD ANONIMA ','','C/F','ACTIVO',1,'2006-06-21 14:55:00',NULL,NULL),
    (1271,2,'ANA GABRIELA ROCA DE GONZALEZ','','C/F','ACTIVO',1,'2006-06-23 09:22:00',NULL,NULL),
    (1429,1,'RECKITT BENCKISER N.V. ','','C/F','ACTIVO',1,'2006-07-04 10:08:00',NULL,NULL),
    (1448,1,'INGENIO LA UNION, S.A. ','','C/F','ACTIVO',1,'2006-07-04 16:12:00',NULL,NULL),
    (1461,1,'GRUPO DIVERSIFICADO, S.A. ','','987549-2','ACTIVO',1,'2006-07-05 16:01:00',NULL,NULL),
    (1463,1,'CORPORACION DE CAPITALES, S.A. ','','C/F','ACTIVO',1,'2006-07-05 16:08:00',NULL,NULL),
    (1466,2,'MARIANA ESTEFANIA RASKOSKY CHAMORRO','','C/F','ACTIVO',1,'2006-07-05 16:20:00',NULL,NULL),
    (1468,1,'CREDIMAS, S. A. ','','2902190-1','ACTIVO',1,'2006-07-05 16:52:00',NULL,NULL),
    (1486,1,'RIDE, SOCIEDAD ANONIMA ','','2951207-7','ACTIVO',1,'2006-07-06 10:10:00',NULL,NULL),
    (1600,2,'EDUARDO ANTONIO HERRERA ALVARADO','','65070-6','ACTIVO',1,'2006-07-10 09:40:00',NULL,NULL),
    (1609,1,'TECNOGUAT, SOCIEDAD ANONIMA ','','493516-0','ACTIVO',1,'2006-07-10 10:59:00',NULL,NULL),
    (1618,1,'MALHER, S.A. ','','8703-3','ACTIVO',1,'2006-07-10 15:40:00',NULL,NULL),
    (1619,2,'STEFANO CARLO OLIVERO ROS','','C/F','ACTIVO',1,'2006-07-10 15:59:00',NULL,NULL),
    (1630,1,'INMOBILIARIA ITZCUINTLAN, S.A. ','','169758-7','ACTIVO',1,'2006-07-11 10:22:00',NULL,NULL),
    (1660,1,'LA SIERRA DESARROLLO, S.A ','','3420130-0','ACTIVO',1,'2006-07-11 17:37:00',NULL,NULL),
    (1683,1,'FINALIDAD DE PROGRESO, S.A. ','','698570-K','ACTIVO',1,'2006-07-12 10:55:00',NULL,NULL),
    (1723,1,'AGENCIA DE SEGUROS Y FIANZAS JBD REPRESENTACIONES, SOCIEDAD ANONIMA ','','3062533-5','ACTIVO',1,'2006-07-13 16:32:00',NULL,NULL),
    (1790,1,'EL AMATLE, SOCIEDAD ANÓNIMA ','','1277849-4','ACTIVO',1,'2006-07-18 09:13:00',NULL,NULL),
    (1795,1,'ENEL GUATEMALA, S.A. ','','2293182-1','ACTIVO',1,'2006-07-18 10:01:00',NULL,NULL),
    (1815,1,'AGRICOLA ALELLA, S.A. ','','846151-1','ACTIVO',1,'2006-07-18 18:18:00',NULL,NULL),
    (1824,1,'SACBE, SOCIEDAD ANONIMA ','','C/F','ACTIVO',1,'2006-07-19 09:20:00',NULL,NULL),
    (1830,1,'RPC OPERACIONES, SOCIEDAD ANONIMA ','','3085522-5','ACTIVO',1,'2006-07-19 09:58:00',NULL,NULL),
    (1887,1,'DISPOSITIVOS INTELIGENTES DE SEGURIDAD, S.A. ','','1277715-3','ACTIVO',1,'2006-07-20 09:03:00',NULL,NULL),
    (1900,1,'ENERNOVA, S.A. ','','4095912-0','ACTIVO',1,'2006-07-20 12:16:00',NULL,NULL),
    (1905,1,'CONSULTORA INTEGRAL ATLANTA, S.A. ','','521846-2','ACTIVO',1,'2006-07-20 12:20:00',NULL,NULL),
    (1916,1,'LM ADMINISTRACIÓN DE VIVIENDA, SOCIEDA ANÓNIMA ','','2536092-2','ACTIVO',1,'2006-07-20 14:54:00',NULL,NULL),
    (1922,1,'LM ELECTRICIDAD, SOCIEDAD ANONIMA ','','2646828-K','ACTIVO',1,'2006-07-20 15:10:00',NULL,NULL),
    (1985,2,'SARA ENRIQUETA ARROYO HERRERA DE OLIVERO','','C/F','ACTIVO',1,'2006-07-25 08:38:00',NULL,NULL),
    (1990,1,'CORPORACION ZUMA, S.A. ','','4167306-9','ACTIVO',1,'2006-07-25 12:47:00',NULL,NULL),
    (1999,2,'AMELIA GUADALUPE WIDMANN LAGARDE DE MARROQUIN','','2235045-4','ACTIVO',1,'2006-07-26 09:02:00',NULL,NULL),
    (2009,2,'ALEJANDRO SCHWANK SOLORZANO','','C/F','ACTIVO',1,'2006-07-26 09:38:00',NULL,NULL),
    (2015,2,'CARMEN ALICIA MORALES DE BUCARO','','C/F','ACTIVO',1,'2006-07-26 12:24:00',NULL,NULL),
    (2024,1,'KRON, S.A. ','','2750896-K','ACTIVO',1,'2006-07-26 16:21:00',NULL,NULL),
    (2036,1,'INVERSIONES ALTAGRACIA, S.A. ','','C/F','ACTIVO',1,'2006-07-27 15:05:00',NULL,NULL),
    (2040,1,'RESIDENCIALES PETAPA, SOCIEDAD ANÓNIMA ','','819235-9','ACTIVO',1,'2006-07-27 16:27:00',NULL,NULL),
    (2049,1,'GUARICO, S. A. ','','C/F','ACTIVO',1,'2006-07-28 10:25:00',NULL,NULL),
    (2071,1,'HOSPITAL UNIVERSITARIO ESPERANZA, S.A. ','','718251-1','ACTIVO',1,'2006-07-31 09:21:00',NULL,NULL),
    (2075,1,'LM ADMINISTRACIÓN DE INMUEBLES, S.A. ','','C/F','ACTIVO',1,'2006-07-31 10:28:00',NULL,NULL),
    (2086,1,'INMOBILIARIA CIMIENTOS, SOCIEDAD ANÓNIMA ','','1277841-9','ACTIVO',1,'2006-07-31 15:44:00',NULL,NULL),
    (2099,1,'TRANSFORMADORA DE ALIMENTOS, S.A. ','','140356-7','ACTIVO',1,'2006-08-01 16:03:00',NULL,NULL),
    (2118,1,'DELICIAS ROPE, S.A. ','','C/F','ACTIVO',1,'2006-08-02 12:10:00',NULL,NULL),
    (2119,1,'TRANSPORTES ROPE, S.A. ','','C/F','ACTIVO',1,'2006-08-02 12:11:00',NULL,NULL),
    (2132,1,'PACK, S.A ','','792015-6','ACTIVO',1,'2006-08-02 14:21:00',NULL,NULL),
    (2177,2,'JULIO RENE DEL CID MENDIZABAL ','','C/F','ACTIVO',1,'2006-08-04 10:26:00',NULL,NULL),
    (2178,2,'JULIO RENE DEL CID MENDIZABAL','','C/F','ACTIVO',1,'2006-08-04 10:27:00',NULL,NULL),
    (2197,1,'EL PROVENCIO, SOCIEDAD ANONIMA ','','3452123-2','ACTIVO',1,'2006-08-07 08:25:00',NULL,NULL),
    (2238,1,'FUNDACION PARA NIÑOS QUEMADOS ','','C/F','ACTIVO',1,'2006-08-08 15:04:00',NULL,NULL),
    (2353,2,'RAMON PINEDA GUDEL','','4754727-8','ACTIVO',1,'2006-08-14 08:38:00',NULL,NULL),
    (2386,1,'FUNDACION AGRÍCOLA JUAN U, MAEGLI ','','C/F','ACTIVO',1,'2006-08-17 11:29:00',NULL,NULL),
    (2485,1,'GMO RENEWABLE RESOURCES ','','C/F','ACTIVO',1,'2006-08-22 08:38:00',NULL,NULL),
    (2487,2,'RAÚL ANDRÉS OLIVERO ARROYO','','C/F','ACTIVO',1,'2006-08-22 09:34:00',NULL,NULL),
    (2518,1,'FABRIGAS, SOCIEDAD ANÓNIMA ','','32529-5','ACTIVO',1,'2006-08-22 16:13:00',NULL,NULL),
    (2590,1,'FALDAS DEL VOLCAN, S.A. ','','C/F','ACTIVO',1,'2006-08-29 12:41:00',NULL,NULL),
    (2682,1,'CRISTALINAS, SOCIEDAD ANONIMA ','','283730-7','ACTIVO',1,'2006-09-05 09:29:00',NULL,NULL),
    (2689,1,'HONOUR DEVELOPMENT, S.A. ','','C/F','ACTIVO',1,'2006-09-05 10:25:00',NULL,NULL),
    (2703,1,'PRODUCTOS AGROPECUARIOS E INDUSTRIALES,S.A. ','','C/F','ACTIVO',1,'2006-09-05 16:36:00',NULL,NULL),
    (2718,1,'CENTRO GERENCIAL LAS MARGARITAS TORRE II, SOCIEDAD ANONIMA ','','1971518-8','ACTIVO',1,'2006-09-06 10:34:00',NULL,NULL),
    (2740,1,'SAN ANTONIO PICUACAN, SOCIEDAD ANONIMA ','','513726-8','ACTIVO',1,'2006-09-08 08:08:00',NULL,NULL),
    (2789,1,'LM ADMINISTRACION DEINMUEBLES, SOCIEDAD ANONIMA ','','595719-2','ACTIVO',1,'2006-09-12 17:11:00',NULL,NULL),
    (2844,1,'CONCRETE HOLDINGS, CORP ','','C/F','ACTIVO',1,'2006-09-18 17:25:00',NULL,NULL),
    (2860,1,'INVERSPEC, SOCIEDAD ANÓNIMA ','','683737-9','ACTIVO',1,'2006-09-20 08:45:00',NULL,NULL),
    (2870,1,'INVERSIONES ALTAGRACIA, S. A. ','','713803-2','ACTIVO',1,'2006-09-20 13:03:00',NULL,NULL),
    (2881,1,'HIBISCUS, SOCIEDAD ANÓNIMA ','','593537-7','ACTIVO',1,'2006-09-21 08:15:00',NULL,NULL),
    (2897,1,'ACCESORIOS ILIMITADOS, S.A. ','','4002935-2','ACTIVO',1,'2006-09-21 16:31:00',NULL,NULL),
    (2901,1,'RELAJO, SOCIEDAD ANONIMA ','','1272432-7','ACTIVO',1,'2006-09-21 16:49:00',NULL,NULL),
    (2903,1,'GRUPO SOL-KA, SOCIEDAD ANONIMA ','','C/F','ACTIVO',1,'2006-09-21 16:54:00',NULL,NULL),
    (2905,1,'VANERSA, SOCIEDAD ANONIMA ','','665735-4','ACTIVO',1,'2006-09-21 16:58:00',NULL,NULL),
    (2951,2,'JUAN RAMON GONZALO GALVEZ CORDOVA','','283391-3','ACTIVO',1,'2006-09-25 10:53:00',NULL,NULL),
    (2952,2,'HANSRUEDI PETER DE LEON','','563230-7','ACTIVO',1,'2006-09-25 10:57:00',NULL,NULL),
    (3052,1,'INVERSIONES SIENA LTDA ','','C/F','ACTIVO',1,'2006-10-02 12:21:00',NULL,NULL),
    (3083,1,'TPS DE ULTRAMAR GUATEMALA, SOCIEDAD ANONIMA ','','C/F','ACTIVO',1,'2006-10-03 15:42:00',NULL,NULL),
    (3118,1,'EL BALSAMO, SOCIEDAD ANONIMA ','','283731-5','ACTIVO',1,'2006-10-04 16:26:00',NULL,NULL),
    (3121,1,'EL TRANSVAL, SOCIEDAD ANONIMA ','','C/F','ACTIVO',1,'2006-10-04 16:30:00',NULL,NULL),
    (3144,1,'INMOBILIARIA REAL PROPIEDAD, S.A. ','','1955339-0','ACTIVO',1,'2006-10-05 10:00:00',NULL,NULL),
    (3178,1,'CAMPUS CORPORATIVO, S. A. ','','C/F','ACTIVO',1,'2006-10-09 09:13:00',NULL,NULL),
    (3350,1,'HOLCIM IP LTD. ','','C/F','ACTIVO',1,'2006-10-17 15:00:00',NULL,NULL),
    (3627,2,'ANTONIO DANIEL VALLADARES EVANS','','C/F','ACTIVO',1,'2006-10-30 15:46:00',NULL,NULL),
    (3692,2,'RICARDO AURELIO GUILLEN ORTIZ','','C/F','ACTIVO',1,'2006-10-31 21:13:00',NULL,NULL),
    (3710,2,'ROBERTO GULARTE RIZZO','','C/F','ACTIVO',1,'2006-11-03 15:35:00',NULL,NULL),
    (3726,1,'CONSTRUCTORA MARHNOS, S.A. DE C.V. ','','980928-7','ACTIVO',1,'2006-11-06 10:37:00',NULL,NULL),
    (3786,1,'GRUPO KUCA, S.A. ','','C/F','ACTIVO',1,'2006-11-08 16:45:00',NULL,NULL),
    (3804,2,'FEDERICO LABBE','','C/F','ACTIVO',1,'2006-11-09 09:49:00',NULL,NULL),
    (3865,2,'MARCELA OLIVERO TORREBIARTE','','C/F','ACTIVO',1,'2006-11-13 14:49:00',NULL,NULL),
    (3871,1,'PITASA, S. A. ','','C/F','ACTIVO',1,'2006-11-13 15:17:00',NULL,NULL),
    (3907,1,'THASIS, S. A. ','','C/F','ACTIVO',1,'2006-11-14 16:56:00',NULL,NULL),
    (4103,1,'AGRO INDUSTRIAS CÍTRICAS, S.A. ','','3583096-4','ACTIVO',1,'2006-11-24 11:15:00',NULL,NULL),
    (4134,1,'FIDEICOMISO DE ADMINISTRACION MUNDO VERDE ','','3223965-3','ACTIVO',1,'2006-11-27 16:13:00',NULL,NULL),
    (4191,1,'FYSO, S. A. ','','C/F','ACTIVO',1,'2006-11-30 12:40:00',NULL,NULL),
    (4281,1,'INMOBILIARIA ALCOBENDAS, SOCIEDAD ANÓNIMA ','','390287-0','ACTIVO',1,'2006-12-06 15:17:00',NULL,NULL),
    (4417,1,'ADMINISTRACIÓN DE DOCUMENTOS Y ARCHIVOS, S. A. ','','C/F','ACTIVO',1,'2006-12-19 10:27:00',NULL,NULL),
    (4420,1,'MEZCLADORA, S. A. ','','32709-3','ACTIVO',1,'2006-12-19 10:33:00',NULL,NULL),
    (4653,1,'TOSTADURÍA DE CAFÉ CHICOYOJ, S.A. ','','C/F','ACTIVO',1,'2007-01-05 09:01:00',NULL,NULL),
    (4695,1,'ASOCIACION PROMOTORA DE COMBUSTIBLE RENOVABLES ','','C/F','ACTIVO',1,'2007-01-05 16:59:00',NULL,NULL),
    (4704,2,'ESTUARDO LABBE CONTRERAS','','C/F','ACTIVO',1,'2007-01-08 09:05:00',NULL,NULL),
    (4740,1,'QUBEC INTERNATIONAL TRADING INC ','','C/F','ACTIVO',1,'2007-01-09 09:09:00',NULL,NULL),
    (4753,2,'PABLO ANTONIO CORONADO BONILLA','','1602598-9','ACTIVO',1,'2007-01-09 11:23:00',NULL,NULL),
    (4820,2,'IVO MARIANO LEPOROWSKI FERNANDEZ','','C/F','ACTIVO',1,'2007-01-10 16:18:00',NULL,NULL),
    (5094,2,'VICTOR FRANCISCO URRUTIA PEREZ','','331240-2','ACTIVO',1,'2007-01-24 08:26:00',NULL,NULL),
    (5117,1,'INVERSIONES ALTAGRACIA, S. A. ','','C/F','ACTIVO',1,'2007-01-25 08:00:00',NULL,NULL),
    (5140,1,'FINASA, S. A. ','','C/F','ACTIVO',1,'2007-01-25 11:25:00',NULL,NULL),
    (5141,1,'LIQUIDAMBAR, S. A. ','','C/F','ACTIVO',1,'2007-01-25 11:27:00',NULL,NULL),
    (5146,2,'CARLOS ALFONSO OLIVERO ARROYO','','109093-3','ACTIVO',1,'2007-01-25 11:31:00',NULL,NULL),
    (5185,1,'INVERSIONES INTERNACIONALES CENTROAMERICANAS, S.A. ','','C/F','ACTIVO',1,'2007-01-26 14:20:00',NULL,NULL),
    (5342,1,'APEX FINANCIAL CORPORATION ','','C/F','ACTIVO',1,'2007-02-05 16:39:00',NULL,NULL),
    (5364,2,'JOSE ANTONIO LIZARRALDE','','C/F','ACTIVO',1,'2007-02-06 11:44:00',NULL,NULL),
    (5412,2,'RIOS REYES MARIO AUGUSTO','','C/F','ACTIVO',1,'2007-02-08 08:31:00',NULL,NULL),
    (5440,1,'PAPELERA EL MANANTIAL, S.A. ','','432572-9','ACTIVO',1,'2007-02-08 11:30:00',NULL,NULL),
    (5693,1,'PACK, S. A. ','','C/F','ACTIVO',1,'2007-02-21 15:25:00',NULL,NULL),
    (5710,2,'ALEXANDER MAXIMILLIAN THIELE TILEMANN','','C/F','ACTIVO',1,'2007-02-22 10:00:00',NULL,NULL),
    (5725,1,'EMPRESA ELECTRICA DE GUATEMALA, SOCIEDAD ANONIMA ','','C/F','ACTIVO',1,'2007-02-22 15:11:00',NULL,NULL),
    (5769,1,'VERTICAL ','','C/F','ACTIVO',1,'2007-02-26 10:16:00',NULL,NULL),
    (5943,2,'ALEJANDRA GASCA ','','C/F','ACTIVO',1,'2007-03-07 11:01:00',NULL,NULL),
    (5987,1,'B.C. INCORPORADOS, S. A. ','','C/F','ACTIVO',1,'2007-03-08 15:34:00',NULL,NULL),
    (6040,1,'HELISOL, SOCIEDAD ANONIMA ','','3020302-3','ACTIVO',1,'2007-03-13 10:18:00',NULL,NULL),
    (6087,2,'MARIA MERCEDES AMEZQUITA MARTINEZ','','C/F','ACTIVO',1,'2007-03-14 10:24:00',NULL,NULL),
    (6133,2,'RENE AMILCAR ROCA CEBALLOS','','C/F','ACTIVO',1,'2007-03-16 13:14:00',NULL,NULL),
    (6177,2,'RAUL ANDRES OLIVERO ARROYO','','C/F','ACTIVO',1,'2007-03-20 11:08:00',NULL,NULL),
    (6353,1,'DOMESTIKA, S.A. ','','C/F','ACTIVO',1,'2007-03-29 08:52:00',NULL,NULL),
    (6365,2,'ROCA GARCIA MARIA RENEE','','C/F','ACTIVO',1,'2007-03-29 16:13:00',NULL,NULL),
    (6411,1,'MAREA VIVA ','','C/F','ACTIVO',1,'2007-04-03 08:52:00',NULL,NULL),
    (6497,1,'EMPRESA DE SOPORTE DE CONSTRUCCIÓN, S.A. ','','C/F','ACTIVO',1,'2007-04-12 12:10:00',NULL,NULL),
    (6530,1,'BURO DE TRADUCTORES, S.A. ','','C/F','ACTIVO',1,'2007-04-13 17:06:00',NULL,NULL),
    (6586,1,'SANGERDIMA, S. A. ','','594111-3','ACTIVO',1,'2007-04-18 08:43:00',NULL,NULL),
    (6609,1,'ASOCIACION COMITE VISITE ESTADOS UNIDOS ','','1956359-0','ACTIVO',1,'2007-04-19 09:29:00',NULL,NULL),
    (6612,1,'INDUSTRIAL LAS POZAS, SOCIEDAD ANONIMA ','','C/F','ACTIVO',1,'2007-04-19 09:43:00',NULL,NULL),
    (6626,1,'JOLETO, S.A. ','','C/F','ACTIVO',1,'2007-04-20 08:30:00',NULL,NULL),
    (6666,1,'INGENIERIA Y BIOTECNOLOGIA, S. A. ','','2630297-7','ACTIVO',1,'2007-04-23 15:02:00',NULL,NULL),
    (6805,2,'RIOS LOPEZ CESAR AUGUSTO','','C/F','ACTIVO',1,'2007-05-02 15:42:00',NULL,NULL),
    (6822,1,'ENLACES AÉREOS, S. A. ','','C/F','ACTIVO',1,'2007-05-03 10:23:00',NULL,NULL),
    (6851,2,'CARLOS SILVA','','C/F','ACTIVO',1,'2007-05-04 11:11:00',NULL,NULL),
    (6993,1,'ASOCIACION DE AZUCAREROS DE GUATEMALA ','','232597-7','ACTIVO',1,'2007-05-11 11:20:00',NULL,NULL),
    (7009,2,'TOMAS OLIVERO ARROYO','','187712-7','ACTIVO',1,'2007-05-14 09:11:00',NULL,NULL),
    (7021,1,'HERDEL, S. A. ','','740034-9','ACTIVO',1,'2007-05-14 14:44:00',NULL,NULL),
    (7043,1,'ROMBOTOMBO, S. A. ','','5984013-7','ACTIVO',1,'2007-05-15 16:16:00',NULL,NULL),
    (7076,1,'NH AIR, SOCIEDAD ANONIMA ','','C/F','ACTIVO',1,'2007-05-17 11:58:00',NULL,NULL),
    (7077,1,'NH AVIATION, SOCIEDAD ANONIMA ','','C/F','ACTIVO',1,'2007-05-17 11:59:00',NULL,NULL),
    (7078,1,'NH HELICOPTEROS, SOCIEDAD ANONIMA ','','C/F','ACTIVO',1,'2007-05-17 12:00:00',NULL,NULL),
    (7097,1,'MADRE CACAO, S. A. ','','C/F','ACTIVO',1,'2007-05-18 08:11:00',NULL,NULL),
    (7163,1,'AGRICOLA BARBATES, S.A. ','','827051-1','ACTIVO',1,'2007-05-21 16:50:00',NULL,NULL),
    (7165,2,'JUAN FERNANDO DE ROS PIVARAL','','C/F','ACTIVO',1,'2007-05-21 17:06:00',NULL,NULL),
    (7228,1,'HIDRO XACBAL ','','C/F','ACTIVO',1,'2007-05-23 11:16:00',NULL,NULL),
    (7275,1,'PYET, S. A. ','','3662987-1','ACTIVO',1,'2007-05-25 15:31:00',NULL,NULL),
    (7320,1,'INMOBILIARIA ENTRE RIOS, SOCIEDAD ANONIMA ','','655911-5','ACTIVO',1,'2007-05-29 11:19:00',NULL,NULL),
    (7381,1,'ACCAR, SOCIEDAD ANONIMA ','','C/F','ACTIVO',1,'2007-05-31 11:00:00',NULL,NULL),
    (7433,1,'FENESTRACION, SOCIEDAD ANÓNIMA ','','5297833-8','ACTIVO',1,'2007-06-04 17:09:00',NULL,NULL),
    (7434,1,'FENCONSULT, SOCIEDAD ANÓNIMA ','','C/F','ACTIVO',1,'2007-06-04 17:10:00',NULL,NULL),
    (7458,1,'RECKITT BENCKISER HEALTHCARE (UK) LIMITED ','','C/F','ACTIVO',1,'2007-06-05 15:49:00',NULL,NULL),
    (7516,2,'MONICA MARIA PANIAGUA PILOÑA','','C/F','ACTIVO',1,'2007-06-07 08:57:00',NULL,NULL),
    (7584,2,'CARMEN XIMENA TERCERO VILLAGRAN','','C/F','ACTIVO',1,'2007-06-11 08:33:00',NULL,NULL),
    (7673,2,'SMITH GONZALEZ RENE OSWALDO','','C/F','ACTIVO',1,'2007-06-13 11:41:00',NULL,NULL),
    (7822,1,'EL PEDREGAL, S. A. ','','136368-9','ACTIVO',1,'2007-06-21 07:43:00',NULL,NULL),
    (7956,1,'RAMICHUCK, S. A. ','','C/F','ACTIVO',1,'2007-06-28 12:28:00',NULL,NULL),
    (7988,1,'INSTITUTO DEL CEMENTO Y DEL CONCRETO DE GUATEMALA ','','C/F','ACTIVO',1,'2007-06-29 15:19:00',NULL,NULL),
    (8083,2,'ILEANA ROSAURA LONE VASQUEZ DE CASTAÑEDA','','C/F','ACTIVO',1,'2007-07-04 16:53:00',NULL,NULL),
    (8235,1,'CAOBA CAPITAL ','','C/F','ACTIVO',1,'2007-07-12 09:40:00',NULL,NULL),
    (8401,1,'AGROPECUARIA LAS DELICIAS, S. A. ','','480255-1','ACTIVO',1,'2007-07-20 09:50:00',NULL,NULL),
    (8696,2,'ANDREA ALEJANDRA BERREONDO PAREDES','','4294348-5','ACTIVO',1,'2007-08-06 14:30:00',NULL,NULL),
    (8712,1,'INVERSA, S. A. ','','3007359-6','ACTIVO',1,'2007-08-07 14:27:00',NULL,NULL),
    (8744,2,'GERALDINE MARIE EONNET DE HERRERA','','C/F','ACTIVO',1,'2007-08-08 16:33:00',NULL,NULL),
    (8779,1,'SAN DIEGO, SOCIEDAD ANONIMA ','','33220-8','ACTIVO',1,'2007-08-10 10:49:00',NULL,NULL),
    (8824,1,'COMPAÑIA DE ALIMENTOS DEL PACIFICO, S.A. ','','5492790-0','ACTIVO',1,'2007-08-14 16:59:00',NULL,NULL),
    (8876,1,'TIUCAL, S. A. ','','C/F','ACTIVO',1,'2007-08-20 16:45:00',NULL,NULL),
    (8945,1,'HIDRONORTE, SOCIEDAD ANONIMA ','','613134-4','ACTIVO',1,'2007-08-23 12:32:00',NULL,NULL),
    (8959,1,'MISION VIEJO, SOCIEDAD ANONIMA ','','4737147-1','ACTIVO',1,'2007-08-24 16:13:00',NULL,NULL),
    (9018,1,'ASOCIACION DE VECINOS PORTAL DEL BOSQUE ','','C/F','ACTIVO',1,'2007-08-29 09:19:00',NULL,NULL),
    (9048,1,'COCHABAMBA, S. A. ','','565273-1','ACTIVO',1,'2007-08-30 10:15:00',NULL,NULL),
    (9049,1,'LA CAMPIÑA, S. A. ','','670899-4','ACTIVO',1,'2007-08-30 10:16:00',NULL,NULL),
    (9087,2,'ROSA VIRGINIA FLORES RODRIGUEZ ROSA VIRGINIA FLORES','','C/F','ACTIVO',1,'2007-08-31 09:05:00',NULL,NULL),
    (9132,2,'ALDEN DAVID KITSON','','C/F','ACTIVO',1,'2007-09-03 11:19:00',NULL,NULL),
    (9194,1,'INDUSTRIAS ROPE, S.A. ','','C/F','ACTIVO',1,'2007-09-05 09:16:00',NULL,NULL),
    (9224,1,'MO, SOCIEDAD ANONIMA ','','C/F','ACTIVO',1,'2007-09-05 15:47:00',NULL,NULL),
    (9416,1,'GRAFITO, SOCIEDAD ANONIMA ','','C/F','ACTIVO',1,'2007-09-13 11:39:00',NULL,NULL),
    (9591,1,'SERVICIOS GERENCIALES DE COMUNICACIONES, S. A. ','','4862122-6','ACTIVO',1,'2007-09-21 09:37:00',NULL,NULL),
    (9655,2,'GARCIA ESCOBAR DE ROCA MARTA SOLEDAD','','C/F','ACTIVO',1,'2007-09-24 11:35:00',NULL,NULL),
    (9660,1,'AGRICOLA CHITALON, SOCIEDAD ANONIMA. ','','C/F','ACTIVO',1,'2007-09-24 15:27:00',NULL,NULL),
    (9671,2,'STEFANO CARLO OLIVERO ROS','','1788341-5','ACTIVO',1,'2007-09-25 08:54:00',NULL,NULL),
    (9694,1,'PROYECTOS LA COLINA, SOCIEDAD ANÓNIMA ','','5126172-3','ACTIVO',1,'2007-09-25 16:48:00',NULL,NULL),
    (9722,1,'RADIOLOGIA DE AVANZADA, SOCIEDAD ANÓNIMA ','','5625780-5','ACTIVO',1,'2007-09-27 08:35:00',NULL,NULL),
    (9761,2,'RODRIGO JOSE ARZU MATHEU','','C/F','ACTIVO',1,'2007-09-28 15:40:00',NULL,NULL),
    (9784,1,'AGROPECUARIA SAN VICENTE, S.A. ','','385360-8','ACTIVO',1,'2007-10-01 08:54:00',NULL,NULL),
    (9787,1,'AGROPECUARIA NARANJALES, S.A. ','','501399-2','ACTIVO',1,'2007-10-01 08:56:00',NULL,NULL),
    (9789,1,'GENERADORES HIDROELECTRICOS, S. A. ','','5187261-7','ACTIVO',1,'2007-10-01 09:08:00',NULL,NULL),
    (9803,1,'PAPELERA INTERNACIONAL, S.A. ','','5215233-2','ACTIVO',1,'2007-10-01 12:44:00',NULL,NULL),
    (9805,1,'INTELFON GUATEMALA,S.A. ','','3949139-0','ACTIVO',1,'2007-10-01 12:49:00',NULL,NULL),
    (9823,1,'COMUNIDAD HERRERA POWERS, S. A. ','','438978-6','ACTIVO',1,'2007-10-02 12:07:00',NULL,NULL),
    (9830,1,'DEBREJO, S. A. ','','717373-3','ACTIVO',1,'2007-10-02 15:59:00',NULL,NULL),
    (9889,1,'INVERSIONES TRANSNACIONALES, S. A. ','','474574-4','ACTIVO',1,'2007-10-05 08:35:00',NULL,NULL),
    (9965,1,'ASOCIACION HOLSTEIN FRIESIAN DE GUATEMALA ','','C/F','ACTIVO',1,'2007-10-09 12:15:00',NULL,NULL),
    (9975,1,'RESIDENCIALES PETAPA DE SAN GABRIEL ','','C/F','ACTIVO',1,'2007-10-10 08:56:00',NULL,NULL),
    (10033,1,'MEBROM N.V. ','','C/F','ACTIVO',1,'2007-10-11 14:46:00',NULL,NULL),
    (10253,2,'CHARLES PLIHAL','','961284-K','ACTIVO',1,'2007-10-23 11:35:00',NULL,NULL),
    (10296,2,'RAFAEL GANDDINI RUTTIMANN,','','131245-6','ACTIVO',1,'2007-10-24 11:38:00',NULL,NULL),
    (10320,1,'LAIETANA, S. A. ','','C/F','ACTIVO',1,'2007-10-24 16:59:00',NULL,NULL),
    (10321,1,'TIBIDABO, S. A. ','','C/F','ACTIVO',1,'2007-10-24 17:00:00',NULL,NULL),
    (10351,1,'PERO, S. A. ','','C/F','ACTIVO',1,'2007-10-25 15:36:00',NULL,NULL),
    (10409,1,'SERVITEC, S. A. ','','360140-4','ACTIVO',1,'2007-10-30 14:37:00',NULL,NULL),
    (10433,2,'CARMEN XIMENA TERCERO VILLAGRÁN','','C/F','ACTIVO',1,'2007-10-31 12:06:00',NULL,NULL),
    (10509,1,'SUMINISTROS SAN JOSE, S. A. ','','C/F','ACTIVO',1,'2007-11-06 12:05:00',NULL,NULL),
    (10779,1,'DISCOPO, SOCIEDAD ANONIMA ','','5553692-1','ACTIVO',1,'2007-11-14 17:30:00',NULL,NULL),
    (10783,2,'RAMON ADOLFO REYES SOLARES','','C/F','ACTIVO',1,'2007-11-15 08:20:00',NULL,NULL),
    (10787,1,'HABITARE ','','C/F','ACTIVO',1,'2007-11-15 08:53:00',NULL,NULL),
    (10801,1,'INVERSIONES MAYXA, SOCIEDAD ANÓNIMA ','','C/F','ACTIVO',1,'2007-11-15 12:03:00',NULL,NULL),
    (10833,2,'RAFAEL LABBE MELVILLE','','C/F','ACTIVO',1,'2007-11-16 15:44:00',NULL,NULL),
    (11098,1,'EL ARENAL, S.A. ','','592365-4','ACTIVO',1,'2007-11-23 12:20:00',NULL,NULL),
    (11158,1,'INGENIEROS Y CONSULTORES, SOCIEDAD ANONIMA ','','C/F','ACTIVO',1,'2007-11-27 16:20:00',NULL,NULL),
    (11205,2,'LUCIA MARGARITA SACA AGUILAR','','C/F','ACTIVO',1,'2007-11-28 11:36:00',NULL,NULL),
    (11218,1,'AGROPECUARIA PATULUL, S.A. ','','4237654-8','ACTIVO',1,'2007-11-28 12:29:00',NULL,NULL),
    (11370,1,'BANCO AZTECA, S.A ','','C/F','ACTIVO',1,'2007-12-05 11:30:00',NULL,NULL),
    (11372,1,'EMPRESA DE ELABORACION, IMPORTACION Y VENTA DE PRODUCTOS GILLETTE DE C.A., S.A. ','','C/F','ACTIVO',1,'2007-12-05 12:28:00',NULL,NULL),
    (11374,1,'INDUSTRIAS MODERNAS, SOCIEDAD ANONIMA ','','C/F','ACTIVO',1,'2007-12-05 12:31:00',NULL,NULL),
    (11435,1,'MAGNOLIAS, S. A. ','','C/F','ACTIVO',1,'2007-12-10 10:23:00',NULL,NULL),
    (11498,2,'ROBERTO JOSE MANUEL ANDREU VALLADARES','','C/F','ACTIVO',1,'2007-12-10 15:43:00',NULL,NULL),
    (11502,1,'RECKITT BENCKISER CENTROAMÉRICA, SOCIEDAD ANÓNIMA ','','C/F','ACTIVO',1,'2007-12-10 16:34:00',NULL,NULL),
    (11529,1,'DESARROLLOS LA COLINA, S.A. ','','4796069-8','ACTIVO',1,'2007-12-11 12:39:00',NULL,NULL),
    (11669,1,'PROCTER & GAMBLE INTERAMERICAS, LLC ','','C/F','ACTIVO',1,'2007-12-18 09:03:00',NULL,NULL),
    (11680,1,'CORPORACION CATALEJO, S.A. ','','5806542-3','ACTIVO',1,'2007-12-18 15:44:00',NULL,NULL),
    (11691,2,'JUAN FRANCISCO FERNANDEZ GIRON','','C/F','ACTIVO',1,'2007-12-19 10:27:00',NULL,NULL),
    (11810,2,'RAMON ADOLFO REYES SOLARES','','C/F','ACTIVO',1,'2007-12-27 12:13:00',NULL,NULL),
    (11845,2,'RAUL ANDRES OLIVERO ARROYO','','C/F','ACTIVO',1,'2008-01-02 16:04:00',NULL,NULL),
    (11864,2,'ERICK RODAS RUANO','','C/F','ACTIVO',1,'2008-01-03 08:30:00',NULL,NULL),
    (11883,2,'HECTOR ALEJANDRO GIRON SALGUERO','','C/F','ACTIVO',1,'2008-01-03 15:41:00',NULL,NULL),
    (11926,1,'POSPAN DE GUATEMALA, S.A. ','','C/F','ACTIVO',1,'2008-01-07 10:47:00',NULL,NULL),
    (12164,1,'KILAC, SOCIEDAD ANONIMA ','','615003-9','ACTIVO',1,'2008-01-23 14:46:00',NULL,NULL),
    (12203,2,'MARIA EUGENIA MENDEZ CORDOVA DE BATRES','','C/F','ACTIVO',1,'2008-01-24 16:00:00',NULL,NULL),
    (12214,1,'KASANE, S. A. ','','5853643-4','ACTIVO',1,'2008-01-25 08:47:00',NULL,NULL),
    (12215,1,'KRUGER, S. A. ','','C/F','ACTIVO',1,'2008-01-25 08:48:00',NULL,NULL),
    (12216,1,'MOREMI, S. A. ','','5853700-7','ACTIVO',1,'2008-01-25 08:49:00',NULL,NULL),
    (12403,1,'MEREDITH CORPORATION ','','C/F','ACTIVO',1,'2008-02-05 08:57:00',NULL,NULL),
    (12448,1,'AGROPECUARIA LOS PAJUILES, S. A. ','','475107-8','ACTIVO',1,'2008-02-06 16:43:00',NULL,NULL),
    (12464,1,'INTERNACIONAL DE SUMINISTROS, SOCIEDAD ANONIMA ','','C/F','ACTIVO',1,'2008-02-07 09:44:00',NULL,NULL),
    (12475,2,'FERNANDO COFIÑO K.','','C/F','ACTIVO',1,'2008-02-07 11:32:00',NULL,NULL),
    (12631,1,'CENTRO LINK ','','C/F','ACTIVO',1,'2008-02-13 09:06:00',NULL,NULL),
    (12747,1,'INVERSIONES MB, S. A. ','','C/F','ACTIVO',1,'2008-02-19 15:23:00',NULL,NULL),
    (12780,2,'HILDA HERRERA ','','C/F','ACTIVO',1,'2008-02-20 08:46:00',NULL,NULL),
    (12980,1,'FUNDACION RB ','','C/F','ACTIVO',1,'2008-02-27 16:16:00',NULL,NULL),
    (12999,1,'CADANDY, S. A. ','','C/F','ACTIVO',1,'2008-02-28 11:49:00',NULL,NULL),
    (13202,1,'COMDEX, S. A. ','','455749-2','ACTIVO',1,'2008-03-10 14:40:00',NULL,NULL),
    (13203,1,'FRISIA, S. A. ','','845157-5','ACTIVO',1,'2008-03-10 14:41:00',NULL,NULL),
    (13204,1,'TRANSSEG, S. A. ','','153554-4','ACTIVO',1,'2008-03-10 14:43:00',NULL,NULL),
    (13205,1,'AGROPECUARIA ALIANZA, S. A. ','','C/F','ACTIVO',1,'2008-03-10 14:45:00',NULL,NULL),
    (13237,1,'KIOSKONET, S. A. ','','C/F','ACTIVO',1,'2008-03-11 12:57:00',NULL,NULL),
    (13357,1,'DIVERSIFICADOS RAMA, S. A. ','','7525629-0','ACTIVO',1,'2008-03-17 11:54:00',NULL,NULL),
    (13412,2,'ENRIQUE GOICOLEA MENA','','C/F','ACTIVO',1,'2008-03-25 14:43:00',NULL,NULL),
    (13531,2,'ORANTES SALGUERO GUILLERMO ESTUARDO','','556091-8','ACTIVO',1,'2008-03-31 15:51:00',NULL,NULL),
    (13714,2,'JUAN CARLOS CANO CASTRILLÓN','','C/F','ACTIVO',1,'2008-04-07 14:58:00',NULL,NULL),
    (13717,1,'BUENAVENTURA, S. A. ','','C/F','ACTIVO',1,'2008-04-07 15:12:00',NULL,NULL),
    (13786,2,'GIOVANNI ELISEO ESTRADA ZAPAROLLI','','C/F','ACTIVO',1,'2008-04-10 09:16:00',NULL,NULL),
    (13812,2,'PATRICIA DE OLIVERO','','C/F','ACTIVO',1,'2008-04-11 09:35:00',NULL,NULL),
    (13832,1,'CONSORCIO DE GRUPOS INTEGRADOS, S.A. ','','C/F','ACTIVO',1,'2008-04-14 09:22:00',NULL,NULL),
    (13898,2,'CARLOS RAMIREZ RAMILA','','C/F','ACTIVO',1,'2008-04-16 09:43:00',NULL,NULL),
    (14023,1,'DIECINUEVE DIEZ APARTAMENTOS, SOCIEDAD ANONIMA ','','C/F','ACTIVO',1,'2008-04-22 15:09:00',NULL,NULL),
    (14070,2,'RONALD VINICIO ARGUETA AGUIRRE','','188469-7','ACTIVO',1,'2008-04-24 09:18:00',NULL,NULL),
    (14110,1,'MIMO, SOCIEDAD ANONIMA DE C.V. ','','C/F','ACTIVO',1,'2008-04-25 13:10:00',NULL,NULL),
    (14121,1,'LINEAS AEREAS COSTARRICENSES, SOCIEDA ANONIMA ','','C/F','ACTIVO',1,'2008-04-25 17:32:00',NULL,NULL),
    (14124,1,'INDUSTRIAS BONKY, S.A. DE C.V. ','','C/F','ACTIVO',1,'2008-04-25 17:49:00',NULL,NULL),
    (14158,2,'FREDERICK CHARLES EDWIN MELVILLE NOVELLA','','C/F','ACTIVO',1,'2008-04-29 08:38:00',NULL,NULL),
    (14178,1,'HEINI, SOCIEDAD ANONIMA ','','C/F','ACTIVO',1,'2008-04-29 14:44:00',NULL,NULL),
    (14541,2,'LYDIA M. T. VAN EESBEKE','','C/F','ACTIVO',1,'2008-05-20 11:46:00',NULL,NULL),
    (14632,2,'MIRIAM DE AMADO','','634706-1','ACTIVO',1,'2008-05-22 15:23:00',NULL,NULL),
    (14649,1,'COOPERATIVE DIAGNOSTICS INTERNATIONAL ','','6216480-5','ACTIVO',1,'2008-05-22 16:57:00',NULL,NULL),
    (14889,2,'ORLANDO AYERDI ARANA','','C/F','ACTIVO',1,'2008-05-29 16:31:00',NULL,NULL),
    (14904,2,'JOSE AGUSTIN LIZARRALDE ARRILLAGA','','C/F','ACTIVO',1,'2008-05-30 08:10:00',NULL,NULL),
    (14929,1,'ALONDRA, SOCIEDAD ANONIMA ','','C/F','ACTIVO',1,'2008-05-30 12:40:00',NULL,NULL),
    (14945,2,'JULIO RAUL HERRERA ZEVALLOS','','C/F','ACTIVO',1,'2008-06-02 08:44:00',NULL,NULL),
    (14958,2,'RODRIGO TORREBIARTE SEGURA','','C/F','ACTIVO',1,'2008-06-02 11:22:00',NULL,NULL),
    (15034,1,'FUNDACION UNIVERSITARIA IBEROAMERICANA ','','C/F','ACTIVO',1,'2008-06-04 08:43:00',NULL,NULL),
    (15086,1,'ROMANUS, SOCIEDAD ANONIMA ','','C/F','ACTIVO',1,'2008-06-05 09:18:00',NULL,NULL),
    (15089,1,'PALESA, S.A. ','','C/F','ACTIVO',1,'2008-06-05 09:19:00',NULL,NULL),
    (15118,2,'GILDA LUCRECIA SARAVIA VALENZUELA DE IBARGUEN','','C/F','ACTIVO',1,'2008-06-05 15:59:00',NULL,NULL),
    (15165,2,'ENRIQUE GOICOLEA GARCIA','','C/F','ACTIVO',1,'2008-06-06 15:26:00',NULL,NULL),
    (15188,2,'ISABEL DODD ARENALES HANSEN','','C/F','ACTIVO',1,'2008-06-09 14:59:00',NULL,NULL),
    (15222,1,'GREENERGYZE, SOCIEDAD ANONIMA ','','6060461-1','ACTIVO',1,'2008-06-10 14:04:00',NULL,NULL),
    (15281,1,'MERCADEO ESPECIALIZADO, SOCIEDAD ANÓNIMA ','','1494533-9','ACTIVO',1,'2008-06-11 11:46:00',NULL,NULL),
    (15309,1,'RECKITT BENCKISER CORPORATE SERVICES LIMITED ','','C/F','ACTIVO',1,'2008-06-12 09:10:00',NULL,NULL),
    (15330,2,'ARTURO ROBERTO QUEVEDO WIDMANN','','609658-1','ACTIVO',1,'2008-06-13 10:38:00',NULL,NULL),
    (15440,1,'HOLCIM LTD ','','C/F','ACTIVO',1,'2008-06-18 12:33:00',NULL,NULL),
    (15479,1,'ZEVALLOS HERRICK, LIMITADA ','','105301-9','ACTIVO',1,'2008-06-20 09:03:00',NULL,NULL),
    (15497,2,'BLANCA MERCEDES BANUS MINONDO DE LIZARRALDE','','C/F','ACTIVO',1,'2008-06-20 12:42:00',NULL,NULL),
    (15546,1,'HIDRO SALA, S.A. ','','C/F','ACTIVO',1,'2008-06-25 09:45:00',NULL,NULL),
    (15596,1,'GRUPO OPERACIONAL CENTROAMERICANO, S.A. ','','C/F','ACTIVO',1,'2008-06-26 10:50:00',NULL,NULL),
    (15783,2,'FELIPE ANTONIO VALENZUELA AGUILAR','','190799-9','ACTIVO',1,'2008-07-04 16:18:00',NULL,NULL),
    (15805,1,'SEMAR, SOCIEDAD ANONIMA ','','646127-1','ACTIVO',1,'2008-07-07 09:58:00',NULL,NULL),
    (15816,2,'ALEJANDRA COFIÑO','','C/F','ACTIVO',1,'2008-07-07 10:50:00',NULL,NULL),
    (15836,1,'TRANSPORTES SAN JOSÉ, S. A. ','','120221-9','ACTIVO',1,'2008-07-07 16:17:00',NULL,NULL),
    (15861,1,'PLANTACIONES FORESTALES, S.A. ','','C/F','ACTIVO',1,'2008-07-08 15:57:00',NULL,NULL),
    (16102,1,'REFORESTADORA RIO LAS VACAS, S.A. ','','C/F','ACTIVO',1,'2008-07-17 09:33:00',NULL,NULL),
    (16107,1,'TECNOQUÍMICAS, SOCIEDAD ANÓNIMA DE COLOMBIA ','','C/F','ACTIVO',1,'2008-07-17 09:41:00',NULL,NULL),
    (16236,2,'JUAN CARLOS MENDEZ ORDOÑEZ','','C/F','ACTIVO',1,'2008-07-23 07:57:00',NULL,NULL),
    (16302,1,'RPC SERVICIOS COMERCIALES, SOCIEDAD ANONIMA ','','6216138-5','ACTIVO',1,'2008-07-25 09:54:00',NULL,NULL),
    (16843,1,'SPECTRUM FINANCIAL INVESTMENT LIMITED ','','C/F','ACTIVO',1,'2008-08-18 08:58:00',NULL,NULL),
    (16886,1,'PLANTACIONES SAN ISIDRO Y ANEXOS, S. A. ','','C/F','ACTIVO',1,'2008-08-19 09:04:00',NULL,NULL),
    (16893,1,'AGROPECUARIA GIOVAL, SOCIEDAD ANONIMA ','','C/F','ACTIVO',1,'2008-08-19 10:35:00',NULL,NULL),
    (16964,1,'PIMAVET, S. A. ','','5696054-9','ACTIVO',1,'2008-08-20 16:56:00',NULL,NULL),
    (17084,1,'INTERVALORES GROUP, S. A. (PANAMA) ','','C/F','ACTIVO',1,'2008-08-26 15:26:00',NULL,NULL),
    (17109,1,'INVERSIONES TORANZO, S. A. ','','6209385-1','ACTIVO',1,'2008-08-27 16:13:00',NULL,NULL),
    (17190,1,'HIDROELECTRICA RIO ROCOSO, S.A. ','','C/F','ACTIVO',1,'2008-09-01 11:15:00',NULL,NULL),
    (17193,1,'RIOSOS, SOCIEDAD ANONIMA ','','6717539-2','ACTIVO',1,'2008-09-01 11:17:00',NULL,NULL),
    (17254,1,'ADAMS RESPIRATORY OPERATIONES, INC ','','C/F','ACTIVO',1,'2008-09-03 08:31:00',NULL,NULL),
    (17325,1,'MARIA LINDA, S.A. ','','491051-6','ACTIVO',1,'2008-09-04 16:06:00',NULL,NULL),
    (17341,1,'ESTACIONAMIENTO IC, SOCIEDAD ANONIMA ','','C/F','ACTIVO',1,'2008-09-05 09:27:00',NULL,NULL),
    (17363,2,'BEATRIZ VELIZ DE RODAS','','C/F','ACTIVO',1,'2008-09-05 14:38:00',NULL,NULL),
    (17581,1,'TELEFONICA MOVILES GUATEMALA, S.A. ','','2239239-4','ACTIVO',1,'2008-09-17 14:11:00',NULL,NULL),
    (17609,1,'CONDOMINIO BOSQUES ','','C/F','ACTIVO',1,'2008-09-18 11:10:00',NULL,NULL),
    (17928,2,'AEREO RUTA MAYA S.A ','','C/F','ACTIVO',1,'2008-10-02 16:44:00',NULL,NULL),
    (18026,2,'MARIO EDUARDO BOPPEL CARRERA','','C/F','ACTIVO',1,'2008-10-07 16:26:00',NULL,NULL),
    (18046,1,'CLYDE & CO ','','C/F','ACTIVO',1,'2008-10-08 11:55:00',NULL,NULL),
    (18071,1,'LIBELULAS, S.A. ','','C/F','ACTIVO',1,'2008-10-09 09:38:00',NULL,NULL),
    (18088,1,'ANTIGUA PLAZA, S. A. ','','5202554-3','ACTIVO',1,'2008-10-09 16:00:00',NULL,NULL),
    (18121,1,'SMS VENTURES, S.A. ','','C/F','ACTIVO',1,'2008-10-10 15:45:00',NULL,NULL),
    (18164,1,'CAFE DEL RIO, SOCIEDAD ANONIMA ','','C/F','ACTIVO',1,'2008-10-14 17:51:00',NULL,NULL),
    (18179,2,'VICTOR RODRIGUEZ','','C/F','ACTIVO',1,'2008-10-15 10:52:00',NULL,NULL),
    (18216,2,'INGRID BARBARA OGARRIO WAELTI DE HARTLEBEN','','C/F','ACTIVO',1,'2008-10-16 16:58:00',NULL,NULL),
    (18290,2,'VILMA LUCRECIA CASTELLANOS GONZALEZ','','C/F','ACTIVO',1,'2008-10-22 08:47:00',NULL,NULL),
    (18558,1,'FG Y ASOCIADOS ','','C/F','ACTIVO',1,'2008-11-03 09:55:00',NULL,NULL),
    (18563,1,'CAMBRIA, S. A. ','','6470160-3','ACTIVO',1,'2008-11-03 10:23:00',NULL,NULL),
    (18616,1,'ECAELECTRODOS ','','C/F','ACTIVO',1,'2008-11-04 10:16:00',NULL,NULL),
    (18643,1,'INMOBILIARIA LOS AGAPANTOS, SOCIEDAD ANONIMA ','','6441439-6','ACTIVO',1,'2008-11-05 15:00:00',NULL,NULL),
    (18820,1,'FIRST AMERICAN TITLE INSURANCE COMPANY ','','C/F','ACTIVO',1,'2008-11-13 17:50:00',NULL,NULL),
    (18921,1,'CAVC, SOCIEDAD ANONIMA ','','6481606-0','ACTIVO',1,'2008-11-19 10:24:00',NULL,NULL),
    (18937,2,'PABLO ARROYO LÓPEZ','','C/F','ACTIVO',1,'2008-11-19 14:55:00',NULL,NULL),
    (18979,1,'ERNST & YOUNG GUATEMALA ','','C/F','ACTIVO',1,'2008-11-20 09:30:00',NULL,NULL),
    (19131,1,'INVERSIONES ALTOPINO, S.A. ','','C/F','ACTIVO',1,'2008-11-27 11:24:00',NULL,NULL),
    (19133,1,'SEGUCO, SOCIEDAD ANONIMA ','','4814761-3','ACTIVO',1,'2008-11-27 11:38:00',NULL,NULL),
    (19239,1,'OPERACIONES GLOBALES DE COSTA RICA, S.A. ','','C/F','ACTIVO',1,'2008-12-01 20:25:00',NULL,NULL),
    (19415,1,'SERVICIOS ADMINISTRATIVOS Y DE ENFERMERÍA, S.A. ','','6418219-3','ACTIVO',1,'2008-12-05 15:21:00',NULL,NULL),
    (19445,1,'LA FRAGUA, SOCIEDAD ANONIMA ','','C/F','ACTIVO',1,'2008-12-08 15:56:00',NULL,NULL),
    (19859,1,'AMARELO, S. A. ','','6154679-8','ACTIVO',1,'2009-01-07 09:05:00',NULL,NULL),
    (20324,2,'LOLITA ANDREU VALLADARES DE OLIVERO','','C/F','ACTIVO',1,'2009-01-15 16:41:00',NULL,NULL),
    (20327,1,'SOMAR, SOCIEDAD ANONIMA ','','6475361-1','ACTIVO',1,'2009-01-15 17:13:00',NULL,NULL),
    (20422,1,'MAQUINAS EXACTAS, S.A. ','','847145-2','ACTIVO',1,'2009-01-20 12:02:00',NULL,NULL),
    (20969,1,'MUNICIPALIDAD SAN JUAN SACATEPEQUEZ ','','628488-4','ACTIVO',1,'2009-02-09 07:34:00',NULL,NULL),
    (21079,1,'VIAJES EUROAMERICA INTERNACIONAL, S.A. ','','3535868-8','ACTIVO',1,'2009-02-10 16:06:00',NULL,NULL),
    (21112,1,'LOURDES, S.A. ','','473643-5','ACTIVO',1,'2009-02-11 11:16:00',NULL,NULL),
    (21359,1,'REPRESENTACIONES ACTIVAS, SOCIEDAD ANONIMA ','','C/F','ACTIVO',1,'2009-02-20 13:07:00',NULL,NULL),
    (21771,1,'RENOVABLES DE GUATEMALA, SOCIEDAD ANONIMA ','','6249801-0','ACTIVO',1,'2009-03-10 10:34:00',NULL,NULL),
    (21841,1,'AGENCIA DE SEGUROS QUE SI, S. A. ','','C/F','ACTIVO',1,'2009-03-11 09:51:00',NULL,NULL),
    (21849,1,'SEGURO QUE SI, S.A. ','','C/F','ACTIVO',1,'2009-03-11 12:24:00',NULL,NULL),
    (22015,1,'ASOCIACIÓN CIVIL EDIFICIO VERDE VISTA ','','C/F','ACTIVO',1,'2009-03-17 10:34:00',NULL,NULL),
    (22156,1,'VEDDER PRICE ','','C/F','ACTIVO',1,'2009-03-20 15:14:00',NULL,NULL),
    (22532,2,'MARTA SEGURA','','C/F','ACTIVO',1,'2009-04-02 16:03:00',NULL,NULL),
    (23410,1,'VALLE VIEJO, S. A. ','','C/F','ACTIVO',1,'2009-05-08 08:20:00',NULL,NULL),
    (23636,1,'RAMA, SOCIEDAD ANONIMA. ','','590505-2','ACTIVO',1,'2009-05-18 09:58:00',NULL,NULL),
    (23832,2,'ALFONSO JOSÉ GONZÁLEZ SALGUERO','','C/F','ACTIVO',1,'2009-05-22 11:43:00',NULL,NULL),
    (23900,2,'ROBERTO JOSE MANUEL ANDREU VALLADARES','','C/F','ACTIVO',1,'2009-05-26 12:16:00',NULL,NULL),
    (23924,2,'VILMA LUCRECIA CASTELLANOS','','C/F','ACTIVO',1,'2009-05-27 08:33:00',NULL,NULL),
    (23997,2,'MARIA JOSE MONTERROSO','','C/F','ACTIVO',1,'2009-05-29 11:02:00',NULL,NULL),
    (24033,2,'PETER JOHN NAMUTH HERRERA','','C/F','ACTIVO',1,'2009-06-01 09:52:00',NULL,NULL),
    (24115,2,'BARBARA INGRID WAELTI CASTEJÓN VIUDA DE OGARRIO','','C/F','ACTIVO',1,'2009-06-03 09:15:00',NULL,NULL),
    (24157,2,'CRISTINA LARA','','C/F','ACTIVO',1,'2009-06-04 18:44:00',NULL,NULL),
    (24232,1,'TECNICA MOTRIZ, S.A. ','','C/F','ACTIVO',1,'2009-06-09 10:38:00',NULL,NULL),
    (24243,1,'DIECINUEVE DIEZ APARTAMENTOS, S.A. ','','C/F','ACTIVO',1,'2009-06-09 13:05:00',NULL,NULL),
    (24297,1,'SUGARLAND, SOCIEDAD ANONIMA ','','4057412-1','ACTIVO',1,'2009-06-10 16:42:00',NULL,NULL),
    (24317,1,'AGRICOLA SANTANDER, S.A. ','','C/F','ACTIVO',1,'2009-06-11 11:01:00',NULL,NULL),
    (24389,2,'AURA ILIANA GALVEZ','','C/F','ACTIVO',1,'2009-06-15 09:46:00',NULL,NULL),
    (24588,1,'IBERNY, S. A. ','','C/F','ACTIVO',1,'2009-06-19 12:59:00',NULL,NULL),
    (24643,1,'UNO, DOS, TRES, S.A. ','','C/F','ACTIVO',1,'2009-06-23 11:23:00',NULL,NULL),
    (24750,1,'IRU, SOCIEDAD ANONIMA ','','803784-1','ACTIVO',1,'2009-06-29 09:07:00',NULL,NULL),
    (24801,1,'INVERSIONES PESE, SOCIEDAD ANONIMA ','','820311-3','ACTIVO',1,'2009-07-01 15:45:00',NULL,NULL),
    (25200,1,'JACAMAR, S. A. ','','C/F','ACTIVO',1,'2009-07-16 12:22:00',NULL,NULL),
    (25344,1,'GREAT IDEAS, S.A. ','','C/F','ACTIVO',1,'2009-07-22 17:41:00',NULL,NULL),
    (25532,1,'19-16, S. A. ','','C/F','ACTIVO',1,'2009-07-30 15:47:00',NULL,NULL),
    (25694,1,'NH SERVICES, S.A. ','','6791663-5','ACTIVO',1,'2009-08-06 10:24:00',NULL,NULL),
    (25720,1,'GIMOR, S. A. ','','C/F','ACTIVO',1,'2009-08-07 09:51:00',NULL,NULL),
    (25890,1,'INVERSIONES TRES VALLES, S. A. ','','C/F','ACTIVO',1,'2009-08-13 15:18:00',NULL,NULL),
    (25906,1,'SERVICIOS ALAMEDAS DE VILLA FLORES, S.A. ','','6888966-6','ACTIVO',1,'2009-08-14 10:57:00',NULL,NULL),
    (26350,1,'FUNDACION CUENCA DEL MIRADOR ','','C/F','ACTIVO',1,'2009-09-01 09:59:00',NULL,NULL),
    (26532,1,'SEGUROS UNIVERSAL, C POR. A. ','','C/F','ACTIVO',1,'2009-09-09 09:58:00',NULL,NULL),
    (26562,2,'URI PEREZ','','C/F','ACTIVO',1,'2009-09-10 08:13:00',NULL,NULL),
    (26642,2,'CHRISTA THIELE','','C/F','ACTIVO',1,'2009-09-14 08:02:00',NULL,NULL),
    (26889,2,'RODOLFO LAMBOUR MENDEZ','','C/F','ACTIVO',1,'2009-09-23 10:37:00',NULL,NULL),
    (27197,1,'LÍNEAS AÉREAS COSTARRICENSES, S. A. ','','C/F','ACTIVO',1,'2009-10-06 08:09:00',NULL,NULL),
    (27369,1,'LITOGRAFIA E IMPRENTA LIL, S.A. ','','C/F','ACTIVO',1,'2009-10-12 10:16:00',NULL,NULL),
    (27892,2,'ROBERTO LAINFIESTA','','C/F','ACTIVO',1,'2009-11-05 11:39:00',NULL,NULL),
    (28072,1,'BOVARD, LTD ','','CF','ACTIVO',1,'2009-11-12 15:11:00',NULL,NULL),
    (28219,1,'LISTON VERDE, S.A. ','','C/F','ACTIVO',1,'2009-11-18 09:04:00',NULL,NULL),
    (28256,1,'UNIVERSIDAD FRANCISCO MARROQUIN ','','C/F','ACTIVO',1,'2009-11-18 16:03:00',NULL,NULL),
    (28543,1,'INVERSIONES GUACALATE, S. A. ','','C/F','ACTIVO',1,'2009-11-27 13:40:00',NULL,NULL),
    (28791,2,'ROBERTO ALFONSO DE LA CERDA ROSBACH','','C/F','ACTIVO',1,'2009-12-07 09:56:00',NULL,NULL),
    (29060,1,'FUENTES RENOVABLES DE GUATEMALA, S.A. ','','C/F','ACTIVO',1,'2009-12-15 09:18:00',NULL,NULL),
    (29275,1,'MBA LAZARD CENTROAMERICA ','','C/F','ACTIVO',1,'2009-12-30 08:22:00',NULL,NULL),
    (29487,1,'COMERCIAL JOMA, S.A. ','','C/F','ACTIVO',1,'2010-01-11 15:50:00',NULL,NULL),
    (30263,1,'COMPAÑÍA AGROINDUSTRIAL,  SOCIEDAD ANÓNIMA ','','C/F','ACTIVO',1,'2010-02-05 09:45:00',NULL,NULL),
    (30504,1,'BERINCA, S. A. ','','C/F','ACTIVO',1,'2010-02-11 14:49:00',NULL,NULL),
    (30509,2,'MARIA LUISA CHANG SHUM DE CHAU','','C/F','ACTIVO',1,'2010-02-11 15:00:00',NULL,NULL),
    (30525,2,'CHARLES HERRERA OSBORNE','','C/F','ACTIVO',1,'2010-02-11 15:48:00',NULL,NULL),
    (30810,2,'FERNANDO BANUS','','C/F','ACTIVO',1,'2010-02-22 08:31:00',NULL,NULL),
    (31010,1,'WESER, S.A. ','','C/F','ACTIVO',1,'2010-02-26 09:40:00',NULL,NULL),
    (31327,2,'MANUEL FERNANDO PEREZ PENABAD','','1633601-1','ACTIVO',1,'2010-03-05 09:43:00',NULL,NULL),
    (31479,2,'MAURICIO DE LA TORRE ARMENGOL','','C/F','ACTIVO',1,'2010-03-09 16:09:00',NULL,NULL),
    (31627,1,'HIDROSACPUR, S.A. ','','4089359-6','ACTIVO',1,'2010-03-12 16:01:00',NULL,NULL),
    (31649,2,'RODOLFO ANTONIO VALLADARES SARAVIA','','C/F','ACTIVO',1,'2010-03-15 09:05:00',NULL,NULL),
    (31729,2,'RICARDO ANTONIO ANDREU VALLADARES','','C/F','ACTIVO',1,'2010-03-17 08:26:00',NULL,NULL),
    (31948,1,'TRANSMISORA DE ENERGIA RENOVABLE, S.A. ','','6877116-9','ACTIVO',1,'2010-03-24 15:47:00',NULL,NULL),
    (32031,1,'CORPORACION DE NEGOCIOS VALEVA, S. A. ','','C/F','ACTIVO',1,'2010-03-29 09:46:00',NULL,NULL),
    (32423,1,'DEBASA, S.A. ','','4321370-7','ACTIVO',1,'2010-04-14 11:55:00',NULL,NULL),
    (32448,2,'ANTONIO AYCINENA ABASCAL','','1628159-4','ACTIVO',1,'2010-04-15 07:57:00',NULL,NULL),
    (32456,1,'MARRUECOS, S.A. ','','C/F','ACTIVO',1,'2010-04-15 09:24:00',NULL,NULL),
    (32571,1,'HIDRO ADMINISTRACION Y PERSONAL, S.A. ','','7004501-1','ACTIVO',1,'2010-04-20 11:15:00',NULL,NULL),
    (32574,1,'SUMINISTROS BOJU, S.A. ','','C/F','ACTIVO',1,'2010-04-20 11:42:00',NULL,NULL),
    (32724,1,'SERVICIOS ALAMEDAS SANTA RITA, S.A. ','','C/F','ACTIVO',1,'2010-04-23 10:30:00',NULL,NULL),
    (32725,1,'SERVICIOS ALAMEDAS DE SANTO  DOMINGO, S.A. ','','7059398-1','ACTIVO',1,'2010-04-23 10:31:00',NULL,NULL),
    (33050,2,'ANDRES MENDIZABAL PIVARAL','','C/F','ACTIVO',1,'2010-05-05 08:31:00',NULL,NULL),
    (33199,1,'CAVC ENERGY F1, INC. ','','C/F','ACTIVO',1,'2010-05-11 14:22:00',NULL,NULL),
    (33459,1,'INVERSIONES BLAS, S.A. ','','C/F','ACTIVO',1,'2010-05-20 08:47:00',NULL,NULL),
    (33916,2,'NANCY DE LEON GONZALEZ','','C/F','ACTIVO',1,'2010-06-04 09:33:00',NULL,NULL),
    (33922,2,'JORGE MINI','','C/F','ACTIVO',1,'2010-06-04 10:08:00',NULL,NULL),
    (34200,1,'LUKEN INDUSTRIES, S. A. ','','C/F','ACTIVO',1,'2010-06-14 08:57:00',NULL,NULL),
    (34264,2,'MANUEL JOSE ANDREU VALLADARES','','C/F','ACTIVO',1,'2010-06-16 12:35:00',NULL,NULL),
    (34436,2,'FAMILIA ANDREU MATHEU','','C/F','ACTIVO',1,'2010-06-23 10:08:00',NULL,NULL),
    (34544,2,'LUIS ADOLFO CHACON TORREBIARTE','','C/F','ACTIVO',1,'2010-06-28 14:30:00',NULL,NULL),
    (34547,2,'GLADIS DIAZ HERNANDEZ','','C/F','ACTIVO',1,'2010-06-28 14:57:00',NULL,NULL),
    (34596,1,'CARBOX, SOCIEDAD ANÓNIMA ','','443609-1','ACTIVO',1,'2010-06-29 14:47:00',NULL,NULL),
    (34635,1,'INVAL ','','C/F','ACTIVO',1,'2010-07-01 16:03:00',NULL,NULL),
    (35124,1,'HIDRO JUMINA, SOCIEDAD ANONIMA ','','C/F','ACTIVO',1,'2010-07-22 07:39:00',NULL,NULL),
    (35178,1,'PUBLICIDAD PUNTUAL, S. A. ','','C/F','ACTIVO',1,'2010-07-23 16:38:00',NULL,NULL),
    (35438,1,'DIECINUEVE DIEZ APARTAMENTOS, SOCIEDAD ANÓNIMA ','','5624290-5','ACTIVO',1,'2010-08-04 08:29:00',NULL,NULL),
    (35457,1,'INMOBILIARIA TIERRA SEGURA, S.A. ','','1205866-1','ACTIVO',1,'2010-08-04 16:27:00',NULL,NULL),
    (35765,1,'RUST-OLEUM BRANDS COMPANY ','','C/F','ACTIVO',1,'2010-08-18 15:19:00',NULL,NULL),
    (35766,1,'ZINSSER BRANDS COMPANY ','','C/F','ACTIVO',1,'2010-08-18 15:20:00',NULL,NULL),
    (35767,1,'WATCO UK LIMITED ','','C/F','ACTIVO',1,'2010-08-18 15:21:00',NULL,NULL),
    (35814,2,'MARIAN JANE CLAIRE QUEVEDO LABEREE DE SAPPER','','C/F','ACTIVO',1,'2010-08-20 15:42:00',NULL,NULL),
    (35825,1,'AGROPECUARIA POTRERILLOS, SOCIEDAD ANONIMA ','','481032-5','ACTIVO',1,'2010-08-23 09:18:00',NULL,NULL),
    (36012,1,'HIDROAGUNÁ, SOCIEDAD ANÓNIMA ','','C/F','ACTIVO',1,'2010-09-01 16:10:00',NULL,NULL),
    (36084,1,'INVERSIONES IRULEGUI, S. A. ','','10150450-0','ACTIVO',1,'2010-09-06 17:00:00',NULL,NULL),
    (36286,1,'GASPOINT, SOCIEDAD ANONIMA ','','C/F','ACTIVO',1,'2010-09-16 09:21:00',NULL,NULL),
    (36377,1,'GRUPO PROGRESO LTD. S.A. ','','C/F','ACTIVO',1,'2010-09-22 11:26:00',NULL,NULL),
    (36601,2,'CARMEN ANA BOTRAN LANCHO DE ALEJO','','C/F','ACTIVO',1,'2010-10-06 09:02:00',NULL,NULL),
    (37036,1,'AISFA ','','C/F','ACTIVO',1,'2010-10-27 11:03:00',NULL,NULL),
    (37079,1,'CORDON DE VIDA GUATEMALA, SOCIEDAD ANONIMA ','','7240010-2','ACTIVO',1,'2010-10-28 16:24:00',NULL,NULL),
    (37200,2,'JHON MISAEL RUBIO MORALES','','3852333-7','ACTIVO',1,'2010-11-05 11:07:00',NULL,NULL),
    (37363,2,'CRISTINA MASSANET COFIÑO','','C/F','ACTIVO',1,'2010-11-15 17:10:00',NULL,NULL),
    (37677,1,'MUNDO VERDE, S. A. ','','C/F','ACTIVO',1,'2010-11-26 10:29:00',NULL,NULL),
    (37721,2,'SILVIA BEATRIZ MATHEU RECINOS DE ANDREU','','C/F','ACTIVO',1,'2010-11-29 15:40:00',NULL,NULL),
    (37723,2,'SILVIA  BEATRIZ MATHEU RECINOS DE ANDREU','','C/F','ACTIVO',1,'2010-11-29 16:03:00',NULL,NULL),
    (37797,1,'MANLUVEN, SOCIEDAD ANONIMA ','','C/F','ACTIVO',1,'2010-12-01 12:31:00',NULL,NULL),
    (37836,2,'VICTOR HUGO GONZÁLEZ CASTILLO','','C/F','ACTIVO',1,'2010-12-02 14:37:00',NULL,NULL),
    (37837,1,'CUNTAN, S. A. ','','6566708-5','ACTIVO',1,'2010-12-02 14:57:00',NULL,NULL),
    (37872,1,'MARIO CHAVARRIA INGENIERIA Y CONSULTORIA ','','C/F','ACTIVO',1,'2010-12-06 08:29:00',NULL,NULL),
    (37901,3,'GRUPO RECKIT ','','C/F','ACTIVO',1,'2010-12-06 16:29:00',NULL,NULL),
    (37954,3,'GRUPO FRANCISCO GUZMAN ','','C/F','ACTIVO',1,'2010-12-07 11:28:00',NULL,NULL),
    (37967,3,'GRUPO PAPELERAS ','','C/F','ACTIVO',1,'2010-12-07 11:51:00',NULL,NULL),
    (37978,3,'GRUPO HOLCIM ','','C/F','ACTIVO',1,'2010-12-07 13:52:00',NULL,NULL),
    (37980,3,'GRUPO CEMENTOS ','','C/F','ACTIVO',1,'2010-12-07 13:52:00',NULL,NULL),
    (37991,3,'GRUPO AZUCARERAS ','','C/F','ACTIVO',1,'2010-12-07 14:03:00',NULL,NULL),
    (37998,3,'GRUPO INTELFON ','','C/F','ACTIVO',1,'2010-12-07 14:20:00',NULL,NULL),
    (37999,3,'GRUPO KILAC ','','C/F','ACTIVO',1,'2010-12-07 14:20:00',NULL,NULL),
    (38001,3,'GRUPO EMPRESAS AOA ','','C/F','ACTIVO',1,'2010-12-07 14:21:00',NULL,NULL),
    (38009,3,'GRUPO ERNEST & YOUNG ','','C/F','ACTIVO',1,'2010-12-07 14:23:00',NULL,NULL),
    (38017,3,'GRUPO PROYECTOS LA COLINA ','','C/F','ACTIVO',1,'2010-12-07 14:30:00',NULL,NULL),
    (38019,3,'GRUPO BIOCULTIVOS ','','C/F','ACTIVO',1,'2010-12-07 14:31:00',NULL,NULL),
    (38115,1,'ARTICULOS DE CONSUMO POPULAR, S.A. ','','1494519-3','ACTIVO',1,'2010-12-09 08:15:00',NULL,NULL),
    (38210,3,'GRUPO SEGUROS ','','C/F','ACTIVO',1,'2010-12-14 11:51:00',NULL,NULL),
    (38827,1,'DIVISION DMC GUATEMALA, SOCIEDAD ANONIMA ','','665427-4','ACTIVO',1,'2011-01-11 08:58:00',NULL,NULL),
    (38940,1,'SERVICIOS CALIFICADOS DE LA CONSTRUCCION, SOCIEDAD ANONIMA ','','679130-1','ACTIVO',1,'2011-01-13 11:28:00',NULL,NULL),
    (40380,1,'WENGER, S.A. ','','C/F','ACTIVO',1,'2011-02-24 10:42:00',NULL,NULL),
    (40381,1,'LALIS, SOCIEDAD ANONIMA ','','C/F','ACTIVO',1,'2011-02-24 11:27:00',NULL,NULL),
    (40496,1,'FUNDACION SANTA CLARA ','','C/F','ACTIVO',1,'2011-03-03 15:59:00',NULL,NULL),
    (40518,1,'BBZ CONSTRUCTORES, S. A. ','','4389275-2','ACTIVO',1,'2011-03-07 11:24:00',NULL,NULL),
    (40528,1,'LIMELIGHT, S.A. ','','7441135-7','ACTIVO',1,'2011-03-07 16:01:00',NULL,NULL),
    (40574,1,'MERCADO DE IDEAS, SOCIEDAD ANONIMA ','','7249377-1','ACTIVO',1,'2011-03-09 12:08:00',NULL,NULL),
    (41037,1,'INVERSIONES BÁSICAS, SOCIEDAD ANÓNIMA ','','73560-4','ACTIVO',1,'2011-03-28 13:03:00',NULL,NULL),
    (41104,1,'GA DESIGN & SOURCING CORP. ','','C/F','ACTIVO',1,'2011-03-30 17:03:00',NULL,NULL),
    (41121,1,'HELIGER, S.A. ','','C/F','ACTIVO',1,'2011-03-31 14:28:00',NULL,NULL),
    (41132,1,'HELIGER, S.A. ','','C/F','ACTIVO',1,'2011-03-31 15:04:00',NULL,NULL),
    (41530,1,'COCHEZ Y CIA, SOCIEDAD ANONIMA ','','C/F','ACTIVO',1,'2011-04-28 15:06:00',NULL,NULL),
    (42054,3,'GRUPO COMETRO ','','C/F','ACTIVO',1,'2011-05-26 16:10:00',NULL,NULL),
    (42062,3,'GRUPO DISTRIBUIDORA LA CADENA ','','C/F','ACTIVO',1,'2011-05-26 16:24:00',NULL,NULL),
    (42238,2,'OSCAR FERNANDO GOMEZ MERIDA','','C/F','ACTIVO',1,'2011-06-07 14:35:00',NULL,NULL),
    (42287,1,'RECKITT BENCKISER LLC. ','','C/F','ACTIVO',1,'2011-06-09 10:43:00',NULL,NULL),
    (42330,1,'COMPAÑIA AGRICOLA BUGANVILIA, S.A. ','','C/F','ACTIVO',1,'2011-06-14 10:45:00',NULL,NULL),
    (42702,1,'PEGAUCHO CENTROAMÉRICA S.A. ','','7720805-6','ACTIVO',1,'2011-06-29 09:46:00',NULL,NULL),
    (42848,1,'GA DESIGN & SOURCING CORPORATION ','','C/F','ACTIVO',1,'2011-07-06 08:30:00',NULL,NULL),
    (42934,1,'INVERSIONES PRIMORDIALES, S.A. ','','236121-3','ACTIVO',1,'2011-07-08 15:35:00',NULL,NULL),
    (43029,1,'PROMOCIONES INTELIGENTES PACB, S.A. ','','6864665-8','ACTIVO',1,'2011-07-12 11:47:00',NULL,NULL),
    (43222,1,'TRANSPORTES ASP, S.A. ','','C/F','ACTIVO',1,'2011-07-20 13:17:00',NULL,NULL),
    (43299,2,'CHARLES MICHAEL FURLAN CHARLES MICHAEL FURLAN','','C/F','ACTIVO',1,'2011-07-25 08:26:00',NULL,NULL),
    (43430,1,'AKZO NOBEL PULP AND PERFORMANCE CHEMICALS, S.A. ','','7311245-3','ACTIVO',1,'2011-07-26 14:11:00',NULL,NULL),
    (43461,1,'GANADOR, SOCIEDAD ANONIMA ','','5333200-8','ACTIVO',1,'2011-07-27 09:39:00',NULL,NULL),
    (43478,2,'GUILLERMO GUSTAVO MONROY HERRERA GUILLERMO MONROY HERRERA','','C/F','ACTIVO',1,'2011-07-27 12:24:00',NULL,NULL),
    (43553,1,'NATURALISIMO, SOCIEDAD ANONIMA ','','3002034-4','ACTIVO',1,'2011-08-01 08:50:00',NULL,NULL),
    (43728,1,'INVERSIONES Y SERVICIOS COMERCIALES DE GUATEMALA, S.A. ','','170319-6','ACTIVO',1,'2011-08-05 09:13:00',NULL,NULL),
    (43855,2,'CAYETANO URBINA DEL AGUILAR','','C/F','ACTIVO',1,'2011-08-10 08:21:00',NULL,NULL),
    (43936,1,'RENACE S.A. ','','C/F','ACTIVO',1,'2011-08-11 14:16:00',NULL,NULL),
    (44023,2,'EDGAR MIGUEL LOPEZ ALVAREZ','','C/F','ACTIVO',1,'2011-08-16 16:47:00',NULL,NULL),
    (44033,3,'GRUPO RIDE ','','C/F','ACTIVO',1,'2011-08-17 08:19:00',NULL,NULL),
    (44418,1,'RECURSOS AUXILIARES, SOCIEDAD ANONIMA ','','C/F','ACTIVO',1,'2011-09-05 12:05:00',NULL,NULL),
    (44419,1,'COMPAÑIA DE SERVICIOS DEL BOSQUE, SOCIEDAD ANONIMA ','','579402-1','ACTIVO',1,'2011-09-05 12:07:00',NULL,NULL),
    (44432,2,'FERNANDO CASTILLO','','C/F','ACTIVO',1,'2011-09-06 12:10:00',NULL,NULL),
    (44460,2,'LOS TURISTAS, SOCIEDAD ANONIMA ','','6997884-0','ACTIVO',1,'2011-09-07 17:03:00',NULL,NULL),
    (45395,1,'COMPAÑIA AGRICOLA INDUSTRIAL SANTA ANA, SOCIEDAD ANONIMA ','','72959-0','ACTIVO',1,'2011-10-18 09:35:00',NULL,NULL),
    (45465,1,'TRANSPAGOS, S.A. ','','C/F','ACTIVO',1,'2011-10-24 08:55:00',NULL,NULL),
    (45688,1,'LRC PRODUCTS LIMITED ','','C/F','ACTIVO',1,'2011-11-02 10:15:00',NULL,NULL),
    (45814,2,'CARLOS FERNANDO ALARCON ARGUETA','','3945176-3','ACTIVO',1,'2011-11-09 11:16:00',NULL,NULL),
    (45818,1,'HYDRO GROUP SOCIEDAD ANONIMA ','','C/F','ACTIVO',1,'2011-11-09 12:19:00',NULL,NULL),
    (46082,1,'TNT (TRANSPORTES) ','','C/F','ACTIVO',1,'2011-11-23 12:40:00',NULL,NULL),
    (46232,2,'HIDROELECTRICA RIO COLORADO, SOCIEDAD ANONIMA ','','C/F','ACTIVO',1,'2011-11-30 14:25:00',NULL,NULL),
    (46404,2,'BIODYNAMICS MEDICAL GUATEMALA, S.A ','','C/F','ACTIVO',1,'2011-12-13 09:17:00',NULL,NULL),
    (46637,2,'NURIA DEL ROSARIO TORREBIARTE SEGURA DE GRANAI','','C/F','ACTIVO',1,'2011-12-27 16:03:00',NULL,NULL),
    (46859,1,'INVERSIONES INMOBILIARIAS ZONA NUEVE, S.A. ','','C/F','ACTIVO',1,'2012-01-11 13:32:00',NULL,NULL),
    (46866,2,'MORTUAL HECTOR MARIO MONTANO PAZ','','C/F','ACTIVO',1,'2012-01-12 10:27:00',NULL,NULL),
    (46886,3,'GRUPO FAMILIA MINONDO ','','C/F','ACTIVO',1,'2012-01-13 13:24:00',NULL,NULL),
    (46945,2,'SIOPA, S.A ','','C/F','ACTIVO',1,'2012-01-18 13:15:00',NULL,NULL),
    (47029,1,'COMERCIALIZADORA LA BODEGA, S.A. ','','541637-K','ACTIVO',1,'2012-01-24 14:35:00',NULL,NULL),
    (47084,1,'SEGURIDAD INDUSTRIAL DE GUATEMALA, S.A. ','','C/F','ACTIVO',1,'2012-01-27 14:24:00',NULL,NULL),
    (47457,2,'MARIA ELISA DEL ROSARIO ERDMENGER ESCOBAR DE UTSMAN','','C/F','ACTIVO',1,'2012-02-27 10:46:00',NULL,NULL),
    (47512,1,'CONCEPTOS DE DESARROLLO, S.A. ','','2823903-2','ACTIVO',1,'2012-02-29 11:08:00',NULL,NULL),
    (47620,1,'ARM, SOCIEDAD ANONIMA ','','3943433-8','ACTIVO',1,'2012-03-06 13:42:00',NULL,NULL),
    (48405,2,'ANA MARIA ERDMENGER ESCOBAR DE ANDREU','','C/F','ACTIVO',1,'2012-04-26 10:16:00',NULL,NULL),
    (48773,1,'RPC SERVICIOS DEL ATLANTICO, S.A. ','','C/F','ACTIVO',1,'2012-05-18 08:50:00',NULL,NULL),
    (49069,1,'ROSALBA, S. A. ','','C/F','ACTIVO',1,'2012-05-31 09:47:00',NULL,NULL),
    (49142,1,'LIFEMILES CORP ','','C/F','ACTIVO',1,'2012-06-04 18:30:00',NULL,NULL),
    (49211,2,'ANA MARIA ZAUGG ORIVE','','C/F','ACTIVO',1,'2012-06-06 15:26:00',NULL,NULL),
    (49500,3,'GRUPO DESIDERO ','','C/F','ACTIVO',1,'2012-06-20 14:50:00',NULL,NULL),
    (49520,2,'SARINA OLIVERO PENN','','C/F','ACTIVO',1,'2012-06-21 09:47:00',NULL,NULL),
    (49593,2,'SILVIA RUTH ALVARADO SILVA DE CORDOVA','','487408-0','ACTIVO',1,'2012-06-25 10:23:00',NULL,NULL),
    (49995,1,'GRUPO DESIDERO ','','C/F','ACTIVO',1,'2012-07-10 12:00:00',NULL,NULL),
    (50052,1,'SONOMA, SOCIEDAD ANONIMA ','','2457952-1','ACTIVO',1,'2012-07-11 15:15:00',NULL,NULL),
    (50607,2,'MARIA OLGA MONTANO LAZO MARIA OLGA MONTANO LAZO','','C/F','ACTIVO',1,'2012-08-07 13:23:00',NULL,NULL),
    (50843,1,'ORGANIZACION DE LINEAS DE TRANSMISION, S.A. ','','C/F','ACTIVO',1,'2012-08-21 14:34:00',NULL,NULL),
    (50856,1,'FUNDACION SANTA CLARA ','','C/F','ACTIVO',1,'2012-08-22 08:47:00',NULL,NULL),
    (51028,1,'INVERSIONES CRECE SOCIEDAD ANÓNIMA ','','3504928-6','ACTIVO',1,'2012-08-31 08:33:00',NULL,NULL),
    (51274,2,'ALEJANDRO VILLAVICENCIO ','','C/F','ACTIVO',1,'2012-09-19 14:19:00',NULL,NULL),
    (51303,1,'FUNDACION MARGARITA TEJADA ','','1688840-5','ACTIVO',1,'2012-09-21 11:31:00',NULL,NULL),
    (51355,2,'SIN GRUPO','','C/F','ACTIVO',1,'2012-09-24 15:55:00',NULL,NULL),
    (51521,2,'FRANCISCO BALTODANO CANTARERO','','C/F','ACTIVO',1,'2012-10-02 09:53:00',NULL,NULL),
    (51714,2,'SALVADOR FRECH KAWAS','','2436016-3','ACTIVO',1,'2012-10-12 11:27:00',NULL,NULL),
    (52125,2,'HECTOR BURGOS MEJIA','','C/F','ACTIVO',1,'2012-11-09 16:23:00',NULL,NULL),
    (52126,2,'HECTOR DIEGO BURGOS MEJIA','','C/F','ACTIVO',1,'2012-11-09 16:26:00',NULL,NULL),
    (52230,2,'ANTONIO VALLADARES EVANS','','C/F','ACTIVO',1,'2012-11-15 11:49:00',NULL,NULL),
    (52301,1,'PROMOTORES UNITY-CORREDORES DE SEGUROS, SOCIEDAD ANÓNIMA ','','154321-0','ACTIVO',1,'2012-11-20 09:27:00',NULL,NULL),
    (52475,2,'RODRIGO JIMENEZ HERRERA','','1636467-8','ACTIVO',1,'2012-12-04 11:58:00',NULL,NULL),
    (52531,2,'JULIO PEDRO HERRERA HERRICK','','C/F','ACTIVO',1,'2012-12-07 12:26:00',NULL,NULL),
    (52560,1,'THE SEAFOOD STORE, SOCIEDAD ANONIMA ','','C/F','ACTIVO',1,'2012-12-10 10:31:00',NULL,NULL),
    (53251,2,'WILLIAM CALVILLO','','29013-0','ACTIVO',1,'2013-01-28 14:37:00',NULL,NULL),
    (53568,1,'ADMINISTRADORA DE BIENES SAN JUAN, S.A. ','','169634-3','ACTIVO',1,'2013-02-19 09:05:00',NULL,NULL),
    (53677,1,'PRATO INVERSIONES, S.A. ','','C/F','ACTIVO',1,'2013-02-26 08:50:00',NULL,NULL),
    (53981,2,'DOÑA LIDIA (DE MUSSAIN, S.A.) ','','C/F','ACTIVO',1,'2013-03-20 11:53:00',NULL,NULL),
    (53989,2,'OSCAR GUERRA','','2714055-5','ACTIVO',1,'2013-03-21 08:12:00',NULL,NULL),
    (54010,2,'ANA SOFIA CAROLINA AYCINENA DURAN.','','C/F','ACTIVO',1,'2013-03-22 14:40:00',NULL,NULL),
    (54011,1,'ADMINISTRADORA DE BIENES SAN JUAN SOCIEDAD ANÓNIM ','','C/F','ACTIVO',1,'2013-03-22 16:34:00',NULL,NULL),
    (54103,1,'EXPORTADORA B Y P, S.A. ','','C/F','ACTIVO',1,'2013-04-08 08:44:00',NULL,NULL),
    (54129,1,'SERVICIOS ARGENTINA, SOCIEDAD ANONIMA ','','C/F','ACTIVO',1,'2013-04-09 10:27:00',NULL,NULL),
    (54186,2,'ANGELA CALLEJAS.','','84095-5','ACTIVO',1,'2013-04-11 14:35:00',NULL,NULL),
    (54212,2,'INMOBILIARIA LA PEDRERA, S.A. ','','157645-3','ACTIVO',1,'2013-04-12 15:57:00',NULL,NULL),
    (54645,1,'PROVERDE, S.A. ','','C/F','ACTIVO',1,'2013-05-08 11:37:00',NULL,NULL),
    (54782,1,'VALLE FRESCO, S.A. ','','C/F','ACTIVO',1,'2013-05-15 10:47:00',NULL,NULL),
    (54856,1,'SAFARI SEGURIDAD, SOCIEDAD ANONIMA ','','559609-2','ACTIVO',1,'2013-05-22 11:04:00',NULL,NULL),
    (54981,1,'COATI, SOCIEDAD ANONIMA ','','C/F','ACTIVO',1,'2013-05-29 10:35:00',NULL,NULL),
    (55101,1,'FILTRO DE INVERSION, S.A. ','','5196395-7','ACTIVO',1,'2013-06-05 13:27:00',NULL,NULL),
    (55189,1,'INMOBILIARIA BANO, S.A. ','','747732-5','ACTIVO',1,'2013-06-07 16:23:00',NULL,NULL),
    (55239,1,'FUSION SEIS, SOCIEDAD ANONIMA ','','C/F','ACTIVO',1,'2013-06-11 14:16:00',NULL,NULL),
    (55247,1,'ALIMENTOS COSTEÑOS, S.A. ','','C/F','ACTIVO',1,'2013-06-11 14:28:00',NULL,NULL),
    (55308,1,'CABEN, S.A. ','','521137-9','ACTIVO',1,'2013-06-14 10:41:00',NULL,NULL),
    (55310,1,'CATLAYA, S. A. ','','C/F','ACTIVO',1,'2013-06-14 10:44:00',NULL,NULL),
    (55354,1,'PERHSONAS GLOBAL, S.A. ','','C/F','ACTIVO',1,'2013-06-17 15:51:00',NULL,NULL),
    (55357,2,'FIESTA Y ALEGRIA, S.A. ','','C/F','ACTIVO',1,'2013-06-17 15:56:00',NULL,NULL),
    (55385,1,'MASLEA, S.A. ','','C/F','ACTIVO',1,'2013-06-18 15:45:00',NULL,NULL),
    (55673,2,'EAGLE GT LINE, S.A. DIEGO BURGOS','','C/F','ACTIVO',1,'2013-06-26 16:03:00',NULL,NULL),
    (55758,1,'COMPAÑIA AGROINDUSTRIAL S. A. ','','C/F','ACTIVO',1,'2013-07-01 09:14:00',NULL,NULL),
    (55765,1,'SERVICIOS TECNICOS, S.A. ','','C/F','ACTIVO',1,'2013-07-01 09:24:00',NULL,NULL),
    (55825,1,'AGROPECUARIA LAS TROJES, S.A. ','','385358-6','ACTIVO',1,'2013-07-04 15:27:00',NULL,NULL),
    (55905,2,'CARMEN HERRERIAS','','C/F','ACTIVO',1,'2013-07-11 11:48:00',NULL,NULL),
    (56142,2,'JUAN CARLOS VELÁSQUEZ VASSAUX ','','C/F','ACTIVO',1,'2013-07-24 10:32:00',NULL,NULL),
    (56195,2,'MIGUEL ANTONIO GAITAN PELLECER','','1581124-7','ACTIVO',1,'2013-07-29 11:25:00',NULL,NULL),
    (56264,1,'VEVUSH, SOCIEDAD ANÓNIMA ','','C/F','ACTIVO',1,'2013-07-31 16:27:00',NULL,NULL),
    (56352,1,'ENERGIAS SAN JOSE, SOCIEDAD ANONIMA ','','C/F','ACTIVO',1,'2013-08-06 12:32:00',NULL,NULL),
    (56445,1,'COMERCIALIZADORA EL DETALLE, S.A. ','','C/F','ACTIVO',1,'2013-08-12 10:24:00',NULL,NULL),
    (56541,1,'INMOBILIARIA ALEN, SOCIEDAD ANÓNIM ','','822008-5','ACTIVO',1,'2013-08-19 18:38:00',NULL,NULL),
    (56554,1,'ASESORIA Y TECNOLOGIA MULTIPLE, S.A. ','','7610734-5','ACTIVO',1,'2013-08-20 09:51:00',NULL,NULL),
    (57148,2,'ALVARO FERNANDO ASTURIAS COTTER','','C/F','ACTIVO',1,'2013-09-23 14:27:00',NULL,NULL),
    (57384,2,'ELENA MARÍA  DEL PILAR ASTURIAS','','7735586-5','ACTIVO',1,'2013-10-10 11:28:00',NULL,NULL),
    (57692,2,'MARIA TERESA RAMIREZ ORANTES MARIA TERESA RAMIREZ ORANTES','','C/F','ACTIVO',1,'2013-11-04 10:30:00',NULL,NULL),
    (57765,1,'AGROPECUARIA LA FE, SOCIEDAD ANÓNIMA ','','105463-5','ACTIVO',1,'2013-11-07 12:04:00',NULL,NULL),
    (57794,2,'JOHN WILLIAM CARROLL SAMAYOA','','C/F','ACTIVO',1,'2013-11-11 09:28:00',NULL,NULL),
    (57808,1,'ECONOVA, S.A. ','','C/F','ACTIVO',1,'2013-11-11 14:30:00',NULL,NULL),
    (58017,2,'CARMEN LUCIA RICHARD BATRES','','C/F','ACTIVO',1,'2013-11-21 14:07:00',NULL,NULL),
    (58155,1,'WAU, S.A. ','','3549416-6','ACTIVO',1,'2013-12-05 08:30:00',NULL,NULL),
    (58194,1,'20-34, SOCIEDAD ANÓNIMA ','','C/F','ACTIVO',1,'2013-12-09 09:19:00',NULL,NULL),
    (58239,1,'CORPORACION SANICO, SOCIEDAD ANONIMA ','','C/F','ACTIVO',1,'2013-12-12 10:16:00',NULL,NULL),
    (58462,1,'ZOFIACO ESTATES, S.A. ','','C/F','ACTIVO',1,'2014-01-13 09:07:00',NULL,NULL),
    (58567,2,'JAIME OSWALDO AZANZA GUALPA','','C/F','ACTIVO',1,'2014-01-21 10:46:00',NULL,NULL),
    (58579,2,'MARTÍN MODAI','','C/F','ACTIVO',1,'2014-01-22 10:19:00',NULL,NULL),
    (58581,1,'CUATRO ROSAS, S.A. ','','135934-7','ACTIVO',1,'2014-01-22 10:35:00',NULL,NULL),
    (58592,2,'BENJAMIN FRANK SUÁREZ RICHARD ABULARACH','','C/F','ACTIVO',1,'2014-01-23 08:53:00',NULL,NULL),
    (58659,1,'CONSUMO DE ARTÍCULOS, S.A. ','','1494534-7','ACTIVO',1,'2014-01-29 14:53:00',NULL,NULL),
    (58660,1,'CENTRO DE EMPAQUE KALEL, S.A. ','','3851486-9','ACTIVO',1,'2014-01-29 15:03:00',NULL,NULL),
    (58661,1,'EMPAQUES EXACTOS, SOCIEDAD ANÓNIMA. ','','706425-K','ACTIVO',1,'2014-01-29 15:06:00',NULL,NULL),
    (58725,2,'EDUARDO ANTONIO HERRERA HASTEDT','','C/F','ACTIVO',1,'2014-02-04 14:56:00',NULL,NULL),
    (58769,1,'ARTES MONAGA, SOCIEDAD ANONIMA ','','2497365-3','ACTIVO',1,'2014-02-11 11:39:00',NULL,NULL),
    (58797,1,'SERPINTEX, SOCIEDAD ANONIMA ','','4525970-4','ACTIVO',1,'2014-02-13 14:23:00',NULL,NULL),
    (58822,1,'INVERSIONES FELGUERA, S.A. ','','C/F','ACTIVO',1,'2014-02-18 11:54:00',NULL,NULL),
    (58823,1,'AGUA NOBLE, S.A. ','','C/F','ACTIVO',1,'2014-02-18 11:54:00',NULL,NULL),
    (58824,1,'BERIASA, S.A. ','','C/F','ACTIVO',1,'2014-02-18 12:00:00',NULL,NULL),
    (58852,1,'ALEANA, SOCIEDAD ANONIMA ','','2455194-5','ACTIVO',1,'2014-02-20 11:13:00',NULL,NULL),
    (58952,1,'INMOBILIARIA COSTA MESSA, S.A. ','','8387577-8','ACTIVO',1,'2014-03-05 10:37:00',NULL,NULL),
    (59016,2,'MARIA CRISTINA ORIVE GOUBAUD','','C/F','ACTIVO',1,'2014-03-12 09:52:00',NULL,NULL),
    (59047,1,'ENDIKA, SOCIEDAD ANONIMA ','','C/F','ACTIVO',1,'2014-03-12 16:56:00',NULL,NULL),
    (59110,2,'INSTITUTO PRIVADO DE INVESTIGACION SOBRE EL CAMBIO CLIMÁTICO (ICC) ','','8259688-3','ACTIVO',1,'2014-03-20 14:57:00',NULL,NULL),
    (59202,2,'JAVIER PRADO','','C/F','ACTIVO',1,'2014-03-31 15:46:00',NULL,NULL),
    (59273,1,'PECOF HOLDINGS INC. ','','C/F','ACTIVO',1,'2014-04-10 14:57:00',NULL,NULL),
    (59376,2,'JAVIER PRADO','','C/F','ACTIVO',1,'2014-04-29 11:29:00',NULL,NULL),
    (59409,1,'LACTEOS BALCANICOS GLAD, SOCIEDAD ANONIMA ','','2559733-7','ACTIVO',1,'2014-05-06 15:43:00',NULL,NULL),
    (59576,2,'RB PHARMACEUTICALS LIMITED ','','C/F','ACTIVO',1,'2014-05-22 14:28:00',NULL,NULL),
    (59634,1,'INTERDONAS DE GUATEMALA, S.A. ','','7257797-5','ACTIVO',1,'2014-05-29 12:03:00',NULL,NULL),
    (59701,1,'INMOBILIARIA GIARFE, S.A. ','','1419141-5','ACTIVO',1,'2014-06-10 08:41:00',NULL,NULL),
    (59721,1,'INVERSIONES SALISBURY, S.A. ','','3190920-5','ACTIVO',1,'2014-06-13 11:27:00',NULL,NULL),
    (59722,1,'BACKTEE, SOCIEDAD ANONIMA ','','C/F','ACTIVO',1,'2014-06-13 12:44:00',NULL,NULL),
    (60059,1,'POMPIDOU, S.A. ','','7359087-8','ACTIVO',1,'2014-07-24 07:40:00',NULL,NULL),
    (60066,2,'JORGE EDUARDO ANDREU MATHEU','','C/F','ACTIVO',1,'2014-07-24 09:52:00',NULL,NULL),
    (60107,1,'BASES SOLIDAS, SOCIEDAD ANONIMA ','','4302052-6','ACTIVO',1,'2014-07-29 09:36:00',NULL,NULL),
    (60117,1,'DOSCM, S.A. ','','C/F','ACTIVO',1,'2014-07-30 08:01:00',NULL,NULL),
    (60255,1,'PRODUCTOS, SERVICIOS Y ASESORIAS UNIVERSALES, S.A. ','','C/F','ACTIVO',1,'2014-08-14 16:09:00',NULL,NULL),
    (60290,1,'PRODUCTOS MINEROS DE GUATEMALA S.A. ','','C/F','ACTIVO',1,'2014-08-21 10:19:00',NULL,NULL),
    (60366,2,'TERE LIGORRIA ','','C/F','ACTIVO',1,'2014-09-04 12:54:00',NULL,NULL),
    (60456,2,'GUILLERMO ANTONIO RALDA CONDE','','C/F','ACTIVO',1,'2014-09-19 16:01:00',NULL,NULL),
    (60457,1,'EL CREDITO HIPOTECARIO NACIONAL DE GUATEMALA ','','33038-8','ACTIVO',1,'2014-09-19 16:09:00',NULL,NULL),
    (60598,2,'ANGEL BOANERGES CARRERA SANDOVAL','','C/F','ACTIVO',1,'2014-10-14 09:42:00',NULL,NULL),
    (60852,1,'INMOBILIARIA SORRENTO, S. A. ','','C/F','ACTIVO',1,'2014-11-14 08:25:00',NULL,NULL),
    (60877,1,'BANCO G&T CONTINENTAL, S.A. ','','C/F','ACTIVO',1,'2014-11-19 08:40:00',NULL,NULL),
    (60878,2,'ANA MERCEDES VALDES SANDOVAL ANA MERCEDES VALDES SANDOVAL','','C/F','ACTIVO',1,'2014-11-20 11:13:00',NULL,NULL),
    (60924,2,'GABRIELA MATUS BONILLA','','6266602-9','ACTIVO',1,'2014-11-27 08:33:00',NULL,NULL),
    (61003,2,'LUIS PEDRO AGUIRRE FISCHER','','C/F','ACTIVO',1,'2014-12-02 16:06:00',NULL,NULL),
    (61013,1,'LORALMA, SOCIEDAD ANÓNIMA ','','C/F','ACTIVO',1,'2014-12-04 08:05:00',NULL,NULL),
    (61146,2,'JEAN-CLAUDE EUGENE LATTES','','C/F','ACTIVO',1,'2014-12-12 10:54:00',NULL,NULL),
    (61176,1,'VUELA, S.A. ','','C/F','ACTIVO',1,'2014-12-18 08:59:00',NULL,NULL),
    (61189,1,'BIENES Y SERVICIOS LHA, S.A. ','','5436381-0','ACTIVO',1,'2014-12-22 09:48:00',NULL,NULL),
    (61300,1,'JEDI ','','C/F','ACTIVO',1,'2015-01-15 11:58:00',NULL,NULL),
    (61356,1,'BALTIMORE SPICE (COSTA RICA) ','','C/F','ACTIVO',1,'2015-01-21 10:29:00',NULL,NULL),
    (61462,1,'SERVICIOS PUBLICITARIOS ','','C/F','ACTIVO',1,'2015-02-06 15:32:00',NULL,NULL),
    (61463,2,'GEM GEM','','C/F','ACTIVO',1,'2015-02-06 15:33:00',NULL,NULL),
    (61474,2,'RAUL ENRIQUE GALINDO WEVER','','947984-8','ACTIVO',1,'2015-02-09 15:36:00',NULL,NULL),
    (61483,1,'DISTRIBUIDORA MAD, SOCIEDAD ANÓNIMA ','','8948994-2','ACTIVO',1,'2015-02-10 09:07:00',NULL,NULL),
    (61485,1,'INVERSIONES VIP, SOCIEDAD ANÓNIMA ','','C/F','ACTIVO',1,'2015-02-10 11:55:00',NULL,NULL),
    (61500,1,'VSA ','','C/F','ACTIVO',1,'2015-02-11 15:52:00',NULL,NULL),
    (61530,1,'BALTIMORE SPICE GUATEMALA, S.A. ','','C/F','ACTIVO',1,'2015-02-16 15:55:00',NULL,NULL),
    (61686,1,'ELDECLO, S.A. ','','C/F','ACTIVO',1,'2015-03-09 09:24:00',NULL,NULL),
    (61948,1,'AROMAS Y SABORES TECNICOS, SOCIEDAD ANONIMA ','','C/F','ACTIVO',1,'2015-04-09 11:52:00',NULL,NULL),
    (61953,2,'LUIS GUILLERMO VILLEGAS SANTIAGO COLOMBIANO','','C/F','ACTIVO',1,'2015-04-09 16:04:00',NULL,NULL),
    (61968,1,'EUROAMÉRICA, S.A. ','','C/F','ACTIVO',1,'2015-04-13 10:23:00',NULL,NULL),
    (62190,2,'CLAUDIA VIRGINIA ARENAS BIANCHI','','C/F','ACTIVO',1,'2015-04-22 12:22:00',NULL,NULL),
    (62239,1,'CASA FEMAJO,  SOCIEDAD ANÓNIMA ','','673302-6','ACTIVO',1,'2015-04-29 16:11:00',NULL,NULL),
    (62294,3,'GRUPO SILVERSIDE ','','C/F','ACTIVO',1,'2015-05-05 15:14:00',NULL,NULL),
    (62300,3,'GRUPO HUESA ','','C/F','ACTIVO',1,'2015-05-05 15:24:00',NULL,NULL),
    (62304,3,'GRUPO PAH ','','C/F','ACTIVO',1,'2015-05-05 15:30:00',NULL,NULL),
    (62306,1,'PAH GUATEMALA, S.A. ','','7200992-6','ACTIVO',1,'2015-05-05 15:34:00',NULL,NULL),
    (62364,1,'AVIATION SERVICES, SOCIEDAD ANONIM ','','8807859-0','ACTIVO',1,'2015-05-08 09:51:00',NULL,NULL),
    (62565,2,'JENNY FABIOLA ROJAS CUBIDES','','7327607-3','ACTIVO',1,'2015-05-26 09:04:00',NULL,NULL),
    (62571,1,'LA HOGAREÑA SOCIEDAD ANONIMA ','','8763476-7','ACTIVO',1,'2015-05-26 16:09:00',NULL,NULL),
    (62575,1,'RECKITT BENCKISER (BRANDS) LIMITED ','','C/F','ACTIVO',1,'2015-05-27 09:46:00',NULL,NULL),
    (62700,1,'MARMAR, SOCIEDAD ANÓNIMA ','','C/F','ACTIVO',1,'2015-06-10 07:34:00',NULL,NULL),
    (62706,2,'ANTONIO TEJEDA ARENAS','','804035-4','ACTIVO',1,'2015-06-10 10:23:00',NULL,NULL),
    (62760,2,'EDUARDO ARRIVILLAGA','','453360-7','ACTIVO',1,'2015-06-18 09:45:00',NULL,NULL),
    (62786,2,'MELISSA MARIA BUSTAMANTE GUIROLA','','C/F','ACTIVO',1,'2015-06-22 16:12:00',NULL,NULL),
    (62798,1,'DOCE OAKLAND, S.A. ','','8800633-6','ACTIVO',1,'2015-06-23 15:10:00',NULL,NULL),
    (62846,1,'GRUPO FORTALEZA, S.A. ','','C/F','ACTIVO',1,'2015-07-02 14:09:00',NULL,NULL),
    (62908,1,'TOWNSEND SYSTEMS DE CENTROAMERICA, SOCIEDAD ANÓNIMA ','','C/F','ACTIVO',1,'2015-07-14 15:28:00',NULL,NULL),
    (62954,1,'MELI, SOCIEDAD ANÓNIMA ','','604415-8','ACTIVO',1,'2015-07-21 11:50:00',NULL,NULL),
    (63007,2,'VIVIAN SOLIS ','','C/F','ACTIVO',1,'2015-07-27 09:34:00',NULL,NULL),
    (63062,1,'IFSI ','','C/F','ACTIVO',1,'2015-08-03 09:56:00',NULL,NULL),
    (63110,2,'MONICA ISABEL SOLER HERRERA','','C/F','ACTIVO',1,'2015-08-11 14:07:00',NULL,NULL),
    (63143,2,'YOLANDA PATRICIA DEL CARMEN COFIÑO GONZALEZ','','206674-2','ACTIVO',1,'2015-08-18 08:26:00',NULL,NULL),
    (63201,2,'ALVARO ASTURIAS','','C/F','ACTIVO',1,'2015-08-25 11:49:00',NULL,NULL),
    (63246,2,'MARIA DEL ROSARIO CASTILLO','','C/F','ACTIVO',1,'2015-09-02 15:30:00',NULL,NULL),
    (63249,1,'PAOLA ROJAS ','','C/F','ACTIVO',1,'2015-09-03 10:12:00',NULL,NULL),
    (63273,1,'DESARROLLOS INMOBILIARIOS CASCADAS DE HONDURAS, S.A. DE C.V. ','','C/F','ACTIVO',1,'2015-09-10 08:26:00',NULL,NULL),
    (63275,2,'LUIS ALEJANDRO ARRIAZA CASTRO','','C/F','ACTIVO',1,'2015-09-10 10:34:00',NULL,NULL),
    (63292,2,'JUAN CARLOS GALINDO WEVER','','2231452-0','ACTIVO',1,'2015-09-11 08:31:00',NULL,NULL),
    (63297,1,'ARRENDAMIENTOS E INVERSIONES SAN MIGUEL, S.A. ','','3971756-9','ACTIVO',1,'2015-09-11 15:09:00',NULL,NULL),
    (63327,2,'JUAN CARLOS GALINDO WEVER','','C/F','ACTIVO',1,'2015-09-22 09:15:00',NULL,NULL),
    (63342,1,'LA ESPERANZA, S. A. ','','C/F','ACTIVO',1,'2015-09-23 13:24:00',NULL,NULL),
    (63348,1,'LA ESPERANZA, S. A. ','','C/F','ACTIVO',1,'2015-09-24 09:52:00',NULL,NULL),
    (63428,1,'ENERGIA SAN JOSE ','','C/F','ACTIVO',1,'2015-10-01 15:51:00',NULL,NULL),
    (63443,1,'PLAGANO, SOCIEDAD ANONIMA ','','8486620-9','ACTIVO',1,'2015-10-06 15:57:00',NULL,NULL),
    (63446,1,'SAMANER, SOCIEDAD ANONIMA ','','8486466-4','ACTIVO',1,'2015-10-06 16:00:00',NULL,NULL),
    (63447,1,'SALAMO, SOCIEDAD ANONIMA ','','8479566-2','ACTIVO',1,'2015-10-06 16:01:00',NULL,NULL),
    (63466,1,'CHUPAC, SOCIEDAD ANONIMA ','','C/F','ACTIVO',1,'2015-10-08 15:46:00',NULL,NULL),
    (63475,2,'RENE FRANCISCO MUÑOZ BARNOYA','','C/F','ACTIVO',1,'2015-10-12 09:15:00',NULL,NULL),
    (63478,1,'MERCADEO MASIVO, SOCIEDAD ANONIMA ','','C/F','ACTIVO',1,'2015-10-12 12:06:00',NULL,NULL),
    (63481,1,'MERCADEO MASIVO, SOCIEDAD ANONIMA ','','C/F','ACTIVO',1,'2015-10-12 12:08:00',NULL,NULL),
    (63486,1,'INVERSIONES CAFARIS, S.A. ','','C/F','ACTIVO',1,'2015-10-13 08:51:00',NULL,NULL),
    (63585,2,'HÉCTOR MARIO EDUARDO MONTANO MELVILLE','','C/F','ACTIVO',1,'2015-10-21 14:33:00',NULL,NULL),
    (63594,2,'LOS NAZARENOS ','','C/F','ACTIVO',1,'2015-10-22 08:34:00',NULL,NULL),
    (63605,1,'CAJON DE IDEAS ','','C/F','ACTIVO',1,'2015-10-22 16:25:00',NULL,NULL),
    (63606,1,'INVERSIONES GUATEMALA, S.A. ','','C/F','ACTIVO',1,'2015-10-22 16:40:00',NULL,NULL),
    (63620,1,'POLYPRODUCTOS DE GUATEMALA, S.A. ','','108429-1','ACTIVO',1,'2015-10-26 14:33:00',NULL,NULL),
    (63795,2,'MARCO TULIO POLANCO ','','C/F','ACTIVO',1,'2015-11-20 13:26:00',NULL,NULL),
    (63824,1,'ZURCHER MONTOYA & ZURCHER, S.A. ','','C/F','ACTIVO',1,'2015-11-27 14:18:00',NULL,NULL),
    (63833,1,'ALMACENADORA CORPORATIVA, S.A. ','','591727-1','ACTIVO',1,'2015-11-30 15:50:00',NULL,NULL),
    (63846,2,'BENCE SZIKLAY','','CF','ACTIVO',1,'2015-12-01 15:33:00',NULL,NULL),
    (63864,2,'MARIA GABRIELA HEYLIGERS WEVER','','7198221-3','ACTIVO',1,'2015-12-07 16:19:00',NULL,NULL),
    (63941,1,'FINCA LA PLATA, S.A. ','','8004126-4','ACTIVO',1,'2015-12-21 11:08:00',NULL,NULL),
    (63943,1,'ALMISHA, S.A. ','','2282834-6','ACTIVO',1,'2015-12-21 15:36:00',NULL,NULL),
    (63948,2,'MARIA RENE AGUILAR PRADO','','C/F','ACTIVO',1,'2015-12-28 09:32:00',NULL,NULL),
    (63954,1,'SPTM VIVIENDA ADMINISTRACIÓN, S.A. ','','8931828-5','ACTIVO',1,'2015-12-29 10:56:00',NULL,NULL),
    (63986,2,'TPS OPERACIONES DE GUATEMALA, SOCIEDAD ANÓNIMA ','','986615-9','ACTIVO',1,'2016-01-07 10:07:00',NULL,NULL),
    (64017,2,'CARLOS RAMIREZ','','C/F','ACTIVO',1,'2016-01-12 15:31:00',NULL,NULL),
    (64083,2,'GLORIA DE CARIAS ','','C/F','ACTIVO',1,'2016-01-25 15:20:00',NULL,NULL),
    (64090,1,'RIMINI ESTATES, S.A. ','','C/F','ACTIVO',1,'2016-01-26 15:54:00',NULL,NULL),
    (64141,1,'EL ESTARTAZO, S.A. ','','4416822-5','ACTIVO',1,'2016-02-08 15:16:00',NULL,NULL),
    (64208,1,'ADMINISTRADORA PSF, SOCIEDAD ANÓNIMA ','','C/F','ACTIVO',1,'2016-02-19 13:34:00',NULL,NULL),
    (64236,1,'TEXTIL SB, S.A. ','','C/F','ACTIVO',1,'2016-02-26 13:53:00',NULL,NULL),
    (64274,1,'RECKITT BENCKISER AG ','','C/F','ACTIVO',1,'2016-03-07 10:25:00',NULL,NULL),
    (64368,1,'MIRTO, SOCIEDAD ANONIMA ','','C/F','ACTIVO',1,'2016-04-04 09:36:00',NULL,NULL),
    (64370,1,'CAÑADAS DE VERSALLES, S.A. ','','6391744-0','ACTIVO',1,'2016-04-04 13:23:00',NULL,NULL),
    (64383,1,'MONIMONA, S.A. ','','C/F','ACTIVO',1,'2016-04-05 14:42:00',NULL,NULL),
    (64403,2,'CENTRAL AGRO INDUSTRIAL GUATEMALTECA, S.A. CAIGSA','','C/F','ACTIVO',1,'2016-04-11 11:05:00',NULL,NULL),
    (64499,2,'ANDREA CAROLINA YAFE CABRERA','','C/F','ACTIVO',1,'2016-04-28 15:43:00',NULL,NULL),
    (64519,1,'PROYECTOS MARISCAL, S.A. ','','9021672-5','ACTIVO',1,'2016-05-03 10:38:00',NULL,NULL),
    (64548,2,'JENNIFER CUPERSMITH HERNANDEZ','','C/F','ACTIVO',1,'2016-05-09 12:00:00',NULL,NULL),
    (64574,1,'LUNI, SOCIEDAD ANÓNIMA ','','9190391-2','ACTIVO',1,'2016-05-16 09:50:00',NULL,NULL),
    (64575,1,'INVERSIONES VOLTERA, SOCIEDAD ANÓNIMA ','','9189032-2','ACTIVO',1,'2016-05-16 09:51:00',NULL,NULL),
    (64577,1,'NESSO, SOCIEDAD ANÓNIMA ','','9191249-0','ACTIVO',1,'2016-05-16 09:53:00',NULL,NULL),
    (64613,2,'JUAN CARLOS RIVERA MONTES','','9278098-9','ACTIVO',1,'2016-05-19 18:52:00',NULL,NULL),
    (64658,1,'RPC SERVICIOS DEL NARANJO, S.A. ','','8389402-0','ACTIVO',1,'2016-06-01 08:19:00',NULL,NULL),
    (64729,1,'COMERCIAL ROANT, S.A. ','','8008630-6','ACTIVO',1,'2016-06-08 11:00:00',NULL,NULL),
    (64777,2,'JULIO ROBERTO MAZA NORIEGA','','129155-6','ACTIVO',1,'2016-06-10 10:30:00',NULL,NULL),
    (64788,1,'INVERSIONES CANIS MAJORIS, S. A. ','','C/F','ACTIVO',1,'2016-06-13 11:42:00',NULL,NULL),
    (64808,1,'ELEMENTOS COMERCIALES, S.A. ','','6991617-9','ACTIVO',1,'2016-06-20 14:42:00',NULL,NULL),
    (64824,1,'CARNOW, SOCIEDAD ANÓNIMA ','','7954271-9','ACTIVO',1,'2016-06-24 10:28:00',NULL,NULL),
    (64825,2,'MARIA OLGA NOVELLA ','','126582-2','ACTIVO',1,'2016-06-24 10:29:00',NULL,NULL),
    (64826,1,'PROYECTOS INMOBILIARIOS EXCLUSIVOS S.A. ','','723777-4','ACTIVO',1,'2016-06-24 10:30:00',NULL,NULL),
    (64954,2,'CARLOS SANCHEZ','','8997286-4','ACTIVO',1,'2016-07-21 11:49:00',NULL,NULL),
    (65040,2,'MARY ELIZABETH MELVILLE DE MONTANO','','C/F','ACTIVO',1,'2016-08-03 14:51:00',NULL,NULL),
    (65041,2,'CLAUDIA PORRAS INGOUVILLE','','C/F','ACTIVO',1,'2016-08-03 14:53:00',NULL,NULL),
    (65128,1,'MUNDIAL DE TELECOMUNICACIONES GUATEMALA,S.A. ','','C/F','ACTIVO',1,'2016-08-22 14:24:00',NULL,NULL),
    (65151,2,'MIGUEL ARTURO DUEÑAS HERRERA','','C/F','ACTIVO',1,'2016-08-24 17:20:00',NULL,NULL),
    (65194,1,'INVERSIONES LAS CASCADAS, S.A. ','','C/F','ACTIVO',1,'2016-08-30 09:56:00',NULL,NULL),
    (65211,1,'ADMINISTRACIÓN DE PERSONAL, S. A. ','','773655-K','ACTIVO',1,'2016-08-31 08:52:00',NULL,NULL),
    (65251,1,'TENAPA, S. A. ','','C/F','ACTIVO',1,'2016-09-06 15:44:00',NULL,NULL),
    (65330,1,'ASOCIACIÓN FUTURO VIVO ','','C/F','ACTIVO',1,'2016-09-28 09:10:00',NULL,NULL),
    (65333,1,'FINCA EL OBRAJE, SOCIEDAD ANÓNIMA ','','C/F','ACTIVO',1,'2016-09-28 16:26:00',NULL,NULL),
    (65341,1,'ASOCIACION FUTURO VIVO ','','C/F','ACTIVO',1,'2016-09-30 09:19:00',NULL,NULL),
    (65342,1,'ZURCHER ','','C/F','ACTIVO',1,'2016-09-30 09:35:00',NULL,NULL),
    (65376,1,'PRICESMART ','','C/F','ACTIVO',1,'2016-10-11 11:07:00',NULL,NULL),
    (65478,2,'BOLAÑOS (AGROAMERICA) MIRIAM Y MONICA','','C/F','ACTIVO',1,'2016-10-24 19:32:00',NULL,NULL),
    (65535,1,'MOLINOS DE COSTA RICA ','','C/F','ACTIVO',1,'2016-11-10 14:04:00',NULL,NULL),
    (65580,1,'DESARROLLOS INMOBILIARIOS EL VALLE, S.A. ','','415043-0','ACTIVO',1,'2016-11-17 15:15:00',NULL,NULL),
    (65594,1,'FUNDACIÓN MIRAFLORES ','','3555574-2','ACTIVO',1,'2016-11-22 09:12:00',NULL,NULL),
    (65659,1,'INVERSIONES MERCANTILES GODEL SOCIEDAD ANÓNIMA ','','C/F','ACTIVO',1,'2016-12-06 09:19:00',NULL,NULL),
    (65702,2,'NELSON MARROQUIN','','C/F','ACTIVO',1,'2016-12-08 18:35:00',NULL,NULL),
    (65784,3,'GRUPO VUELA ','','C/F','ACTIVO',1,'2016-12-16 13:28:00',NULL,NULL),
    (65948,2,'EDGAR ESTUARDO MENDOZA TOLEDO','','C/F','ACTIVO',1,'2017-01-05 15:58:00',NULL,NULL),
    (66034,2,'DANIELA FISCHER ','','C/F','ACTIVO',1,'2017-01-18 10:27:00',NULL,NULL),
    (66042,1,'TELECOMUNICACIONES DE GUATEMALA, S.A. ','','C/F','ACTIVO',1,'2017-01-18 14:53:00',NULL,NULL),
    (66066,1,'AEROVÍAS DEL CONTINENTE AMERICANO, S.A. AVIANCA ','','8413296-5','ACTIVO',1,'2017-01-20 11:09:00',NULL,NULL),
    (66085,1,'ANTENAS, S.A. DE C.V. ','','C/F','ACTIVO',1,'2017-01-25 09:25:00',NULL,NULL),
    (66097,1,'BACKPACKERS S.A ','','C/F','ACTIVO',1,'2017-01-26 09:36:00',NULL,NULL),
    (66120,2,'LILIANA PADILLA','','C/F','ACTIVO',1,'2017-01-31 09:12:00',NULL,NULL),
    (66137,2,'MARTHA JANE MELVILLE ','','C/F','ACTIVO',1,'2017-02-01 14:25:00',NULL,NULL),
    (66167,1,'E.R. SQUIBB & SONS, LLC. ','','C/F','ACTIVO',1,'2017-02-07 15:56:00',NULL,NULL),
    (66169,2,'JORGE ADRIAN SOLARES CARRANZA','','C/F','ACTIVO',1,'2017-02-07 16:25:00',NULL,NULL),
    (66183,1,'LAFARGEHOLCIM LTD ','','C/F','ACTIVO',1,'2017-02-09 08:23:00',NULL,NULL),
    (66186,1,'PRICESMART (GUATEMALA), S.A. ','','1494045-0','ACTIVO',1,'2017-02-09 08:30:00',NULL,NULL),
    (66197,2,'CRISTA MARIANA ZELADA','','C/F','ACTIVO',1,'2017-02-09 11:36:00',NULL,NULL),
    (66238,1,'SINERGIA VENTURES, SOCIEDAD ANÓNIMA ','','C/F','ACTIVO',1,'2017-02-15 11:28:00',NULL,NULL),
    (66298,1,'RECKITT BENCKISER FINISH B.V. ','','C/F','ACTIVO',1,'2017-02-24 10:43:00',NULL,NULL),
    (66299,1,'RECKITT BENCKISER VAHISH B.V. ','','C/F','ACTIVO',1,'2017-02-24 10:44:00',NULL,NULL),
    (66301,2,'ELLA SOFIA LEMUS GONZÁLEZ','','C/F','ACTIVO',1,'2017-02-24 11:49:00',NULL,NULL),
    (66305,1,'RECKITT BENCKISER CALGON B.V. ','','C/F','ACTIVO',1,'2017-02-27 08:09:00',NULL,NULL),
    (66306,2,'RECKITT BENCKISER FINISH B.V. ','','C/F','ACTIVO',1,'2017-02-27 08:10:00',NULL,NULL),
    (66318,2,'SARINA DEL ROSARIO OLIVERO ARROYO','','C/F','ACTIVO',1,'2017-02-27 09:15:00',NULL,NULL),
    (66335,1,'INSTALACIONES MODERNAS, S. A. ','','84846-8','ACTIVO',1,'2017-02-28 13:33:00',NULL,NULL),
    (66340,1,'URBAX, S.A. ','','5705856-3','ACTIVO',1,'2017-03-01 08:05:00',NULL,NULL),
    (66401,1,'INTACO CORPORATIVO INCO S.A. ','','C/F','ACTIVO',1,'2017-03-10 15:05:00',NULL,NULL),
    (66403,1,'CUSPIDE ECONOMICA Y COMPAÑÍA, S.C.A ','','657680-K','ACTIVO',1,'2017-03-10 17:01:00',NULL,NULL),
    (66419,2,'MARVIN ALEJANDRO GRADÍZ GARCIA','','1971597-8','ACTIVO',1,'2017-03-15 14:26:00',NULL,NULL),
    (66439,1,'AUTOS EUROPA SOCIEDAD ANÓNIMA ','','556863-3','ACTIVO',1,'2017-03-16 09:17:00',NULL,NULL),
    (66462,1,'MOLINOS DE COSTA RICA, S. A. ','','C/F','ACTIVO',1,'2017-03-20 09:43:00',NULL,NULL),
    (66492,1,'BAGNERES, SOCIEDAD ANÓNIMA ','','C/F','ACTIVO',1,'2017-03-23 13:00:00',NULL,NULL),
    (66511,2,'EL MAJADAL, SOCIEDAD ANONIMA ','','794548-5','ACTIVO',1,'2017-03-27 10:08:00',NULL,NULL),
    (66528,1,'NOWI, SOCIEDAD ANÓNIMA ','','C/F','ACTIVO',1,'2017-03-28 09:43:00',NULL,NULL),
    (66556,2,'AMANDA MIDENCE ROHRMANN ','','C/F','ACTIVO',1,'2017-03-31 12:23:00',NULL,NULL),
    (66570,1,'FINANCIERA MVA, SOCIEDAD ANÓNIMA ','','797320-9','ACTIVO',1,'2017-04-04 10:02:00',NULL,NULL),
    (66593,1,'VISIÓN ALIMENTARIA, S.A. ','','9675750-7','ACTIVO',1,'2017-04-06 09:05:00',NULL,NULL),
    (66595,1,'CORPORACIÓN BECA Y ANSA, S.A. ','','5230333-0','ACTIVO',1,'2017-04-06 11:08:00',NULL,NULL),
    (66598,2,'LUIS MANUEL DIAZ AGUILAR','','2428425-4','ACTIVO',1,'2017-04-07 09:45:00',NULL,NULL),
    (66801,2,'MINERALES AVÍCOLAS Y AGRÍCOLAS MARINOS, SOCIEDAD ANONIMA ','','C/F','ACTIVO',1,'2017-05-24 13:11:00',NULL,NULL),
    (66803,1,'HOLCIM TECHNOLOGY LTD ','','C/F','ACTIVO',1,'2017-05-24 16:19:00',NULL,NULL),
    (66804,1,'RECKITT BENCKISER MEXICO, S.A. DE C.V. GUATEMALA. ','','C/F','ACTIVO',1,'2017-05-24 16:21:00',NULL,NULL),
    (66807,1,'CURADORES DE DISEÑO, S.A. ','','C/F','ACTIVO',1,'2017-05-25 10:19:00',NULL,NULL),
    (66926,1,'INVERSIONES KOLFRAN ','','7167202-8','ACTIVO',1,'2017-06-13 14:46:00',NULL,NULL),
    (66944,1,'CALURI, SOCIEDAD ANÓNIMA ','','8478143-2','ACTIVO',1,'2017-06-19 09:04:00',NULL,NULL),
    (66961,2,'ALEXANDROS POULIAS ','','C/F','ACTIVO',1,'2017-06-21 14:40:00',NULL,NULL),
    (66995,2,'FRANCISCO ISMAEL CARDONA LEHNHOFF','','454781-0','ACTIVO',1,'2017-06-28 15:51:00',NULL,NULL),
    (66996,2,'ELIZABETH ORELLANA MELÉNDEZ','','553488-7','ACTIVO',1,'2017-06-28 15:52:00',NULL,NULL),
    (67017,1,'COMPAÑÍA DE DESARROLLO, S.A. ','','119930-7','ACTIVO',1,'2017-07-04 08:18:00',NULL,NULL),
    (67033,2,'MARISCAL GROUP DEVELOPMENT CORP. ','','C/F','ACTIVO',1,'2017-07-04 16:04:00',NULL,NULL),
    (67052,1,'EMMA AZCUY, S.A. ','','C/F','ACTIVO',1,'2017-07-07 11:16:00',NULL,NULL),
    (67067,1,'MARCAMER, S.A. ','','2430557-K','ACTIVO',1,'2017-07-11 09:47:00',NULL,NULL),
    (67097,1,'SOLUCIONES DE INFORMÁTICA CON TECNOLOGÍA AVANZADA, SOCIEDAD ANÓNIMA ','','5472931-9','ACTIVO',1,'2017-07-13 09:43:00',NULL,NULL),
    (67215,1,'TRANSPORTES MONROY ZUÑIGA, SOCIEDAD ANÓNIMA ','','1277540-1','ACTIVO',1,'2017-08-01 08:53:00',NULL,NULL),
    (67217,1,'THE FRENCH´S FOOD COMPANY LLC ','','C/F','ACTIVO',1,'2017-08-01 14:14:00',NULL,NULL),
    (67276,1,'HANMO, SOCIEDAD ANÓNIMA ','','C/F','ACTIVO',1,'2017-08-08 11:27:00',NULL,NULL),
    (67277,1,'LEAFAR, SOCIEDAD ANÓNIMA ','','C/F','ACTIVO',1,'2017-08-08 11:27:00',NULL,NULL),
    (67327,2,'SEBASTIAN ISAZA','','C/F','ACTIVO',1,'2017-08-17 19:24:00',NULL,NULL),
    (67340,1,'SERVICIOS ALAMEDAS DE VILLA FLORES, SOCIEDAD ANÓNIMA ','','C/F','ACTIVO',1,'2017-08-21 15:52:00',NULL,NULL),
    (67394,1,'ZAETA COMERCIAL, SOCIEDAD ANÓNIMA ','','2559337-4','ACTIVO',1,'2017-08-24 13:08:00',NULL,NULL),
    (67396,2,'JUAN CARLOS SERRA','','C/F','ACTIVO',1,'2017-08-24 14:24:00',NULL,NULL),
    (67605,1,'SFB GUATEMALA, S.A ','','C/F','ACTIVO',1,'2017-09-27 11:35:00',NULL,NULL),
    (67609,1,'NBC UNIVERSAL NETWORKS INTERNATIONAL GUATEMALA LIMITADA ','','C/F','ACTIVO',1,'2017-09-27 15:32:00',NULL,NULL),
    (67614,1,'INVERSIONES Y SERVICIOS LHA, S.A. ','','C/F','ACTIVO',1,'2017-09-28 09:06:00',NULL,NULL),
    (67641,1,'NEGOCIOS DE CONSUMO, S.A. ','','3890048-3','ACTIVO',1,'2017-10-02 11:50:00',NULL,NULL),
    (67765,1,'CEMENTOS ROCA FUERTE ','','8230328-2','ACTIVO',1,'2017-10-17 10:18:00',NULL,NULL),
    (67802,1,'BIENES Y SERVICIOS L.H.C.H. ','','C/F','ACTIVO',1,'2017-10-25 08:26:00',NULL,NULL),
    (67819,1,'LATAM ADVERTISING VIRTUAL RESOURCES, SOCIEDAD ANÓNIMA ','','C/F','ACTIVO',1,'2017-10-27 13:54:00',NULL,NULL),
    (67820,1,'PECLA, SOCIEDAD ANONIMA ','','C/F','ACTIVO',1,'2017-10-27 15:11:00',NULL,NULL),
    (67906,1,'SEGURO DE RIESGOS, S.A. ','','CF','ACTIVO',1,'2017-11-13 10:35:00',NULL,NULL),
    (67928,1,'PIETRASANTA DEVELOPMENT, SOCIEDAD ANÓNIMA ','','9291788-7','ACTIVO',1,'2017-11-15 12:46:00',NULL,NULL),
    (67937,1,'SOCIEDAD DIVING SERVICE SALVAGE LIMITADA ','','C/F','ACTIVO',1,'2017-11-17 08:42:00',NULL,NULL),
    (67938,1,'SOCIEDAD DIVING SERVICE SALVAGE LIMITADA ','','C/F','ACTIVO',1,'2017-11-17 08:46:00',NULL,NULL),
    (68024,1,'VUELA AVIACION, S.A. ','','9441502-1','ACTIVO',1,'2017-12-05 14:51:00',NULL,NULL),
    (68040,1,'ISIDRO DEVELOPMENT CORP. ','','C/F','ACTIVO',1,'2017-12-07 17:29:00',NULL,NULL),
    (68102,1,'ASOCIACION SOLIDARISTA DE TRABAJADORES DE AVIATECA Y EMPRESAS ANEXAS ','','C/F','ACTIVO',1,'2017-12-13 08:38:00',NULL,NULL),
    (68127,1,'PARDES, S. A. ','','C/F','ACTIVO',1,'2017-12-18 11:15:00',NULL,NULL),
    (68190,2,'ELBA EDITH MALDONADO MÉRIDA DE BONIS ','','C/F','ACTIVO',1,'2018-01-09 16:59:00',NULL,NULL),
    (68224,1,'SDR CORREDORES DE SEGUROS, S.A ','','C/F','ACTIVO',1,'2018-01-16 09:05:00',NULL,NULL),
    (68328,2,'GERARDO ANTONIO SALAS CARBALLO','','5348242-5','ACTIVO',1,'2018-01-30 17:56:00',NULL,NULL),
    (68367,2,'SOCIEDAD ACTIVE SERVICES, S.A. ','','C/F','ACTIVO',1,'2018-02-07 08:46:00',NULL,NULL),
    (68374,1,'SERVICIOS DE CONSULTORIA INTEGRADOS, S.A. ','','9648755-0','ACTIVO',1,'2018-02-08 16:11:00',NULL,NULL),
    (68476,1,'MARIELA, SOCIEDAD ANÓNIMA ','','C/F','ACTIVO',1,'2018-02-22 10:02:00',NULL,NULL),
    (68585,1,'IICA, SOCIEDAD ANÓNIMA ','','9996257-8','ACTIVO',1,'2018-03-14 09:50:00',NULL,NULL),
    (68667,2,'JUAN ZAUNER','','C/F','ACTIVO',1,'2018-04-03 16:02:00',NULL,NULL),
    (68820,2,'MODESTO PAR','','C/F','ACTIVO',1,'2018-05-03 16:35:00',NULL,NULL),
    (68840,2,'GUILLERMO RENE MALDONADO GONZALEZ','','1238119-5','ACTIVO',1,'2018-05-08 15:36:00',NULL,NULL),
    (68893,1,'FASKEN ','','C/F','ACTIVO',1,'2018-05-22 09:54:00',NULL,NULL),
    (68898,2,'PABLO SANCHEZ','','C/F','ACTIVO',1,'2018-05-23 10:04:00',NULL,NULL),
    (68954,1,'ACTIVE SERVICES S.A. ','','C/F','ACTIVO',1,'2018-06-05 14:22:00',NULL,NULL),
    (68965,2,'MARÍA BELÍN NAVARRO GODINEZ','','1270771-6','ACTIVO',1,'2018-06-07 09:54:00',NULL,NULL),
    (68966,2,'MARIA BELEN NAVARRO GODINEZ','','1270771-6','ACTIVO',1,'2018-06-07 09:57:00',NULL,NULL),
    (69006,1,'DISEÑOS Y CONSTRUCCIONES URBANAS DE GUATEMALA, S.A. ','','C/F','ACTIVO',1,'2018-06-12 12:44:00',NULL,NULL),
    (69014,2,'BARBARA ARROYO LOPEZ DE PIETERS','','C/F','ACTIVO',1,'2018-06-18 09:29:00',NULL,NULL),
    (69020,1,'INMOBILIARIA VILLA ANTONIA, S.A. ','','6783600-3','ACTIVO',1,'2018-06-21 09:23:00',NULL,NULL),
    (69066,2,'SERVICIOS E INVERSIONES STELLA MARIS, SOCIEDAD ANONIMA ','','C/F','ACTIVO',1,'2018-07-10 10:19:00',NULL,NULL),
    (69077,1,'SALERMO INVESTMENTS, SOCIEDAD ANONIMA ','','C/F','ACTIVO',1,'2018-07-10 16:34:00',NULL,NULL),
    (69078,1,'PARQUE CINCO ARCO, S.A. ','','C/F','ACTIVO',1,'2018-07-10 16:42:00',NULL,NULL),
    (69206,1,'ADMINISTRADORA DEL EDIFICIO PARQUE 15, S.A. ','','C/F','ACTIVO',1,'2018-07-25 10:26:00',NULL,NULL),
    (69320,1,'AGROPECUARIA EL PILAR, SOCIEDAD ANÓNIMA ','','C/F','ACTIVO',1,'2018-08-14 09:05:00',NULL,NULL),
    (69463,1,'BENDITO MAR, SOCIEDAD ANONIMA ','','C/F','ACTIVO',1,'2018-09-13 08:41:00',NULL,NULL),
    (69468,2,'ANA MARIA GLORIA NOVELLA WYLD DE URRUELA','','C/F','ACTIVO',1,'2018-09-13 10:27:00',NULL,NULL),
    (69474,1,'VINTALIA, S.A. ','','10041144-4','ACTIVO',1,'2018-09-17 09:40:00',NULL,NULL),
    (69475,1,'PARQUE CINCO ARCO, SOCIEDAD ANONIMA ','','10150394-6','ACTIVO',1,'2018-09-17 09:41:00',NULL,NULL),
    (69502,1,'CONSORCIO AUTOPISTAS DE GUATEMALA, S.A.D.I.E. ','','10183499-3','ACTIVO',1,'2018-09-19 10:14:00',NULL,NULL),
    (69514,1,'FUNDACION ALDO CASTAÑEDA ONG ','','C/F','ACTIVO',1,'2018-09-19 14:34:00',NULL,NULL),
    (69515,1,'VELINOR AG ','','C/F','ACTIVO',1,'2018-09-19 14:38:00',NULL,NULL),
    (69621,1,'AGROPECUARIA EL CAMPO, SOCIEDAD ANÓNIMA ','','C/F','ACTIVO',1,'2018-10-08 12:11:00',NULL,NULL),
    (69629,1,'DESARROLLOS Z11, S.A. ','','C/F','ACTIVO',1,'2018-10-09 11:18:00',NULL,NULL),
    (69645,2,'JORGE ARMANDO PERUSSINA ALFARO','','1756759-9','ACTIVO',1,'2018-10-10 17:37:00',NULL,NULL),
    (69650,1,'SPECTRUM PROPIEDADES ','','C/F','ACTIVO',1,'2018-10-12 15:06:00',NULL,NULL),
    (69673,1,'INMOBILIARIA PLATENSE, S. A. ','','C/F','ACTIVO',1,'2018-10-18 08:48:00',NULL,NULL),
    (69688,2,'JUAN CARLOS SARAVIA','','683535-K','ACTIVO',1,'2018-10-19 10:56:00',NULL,NULL),
    (69708,2,'INVERSIONES CEMSOL, SOCIEDAD ANÓNIMA ','','536189-3','ACTIVO',1,'2018-10-23 17:04:00',NULL,NULL),
    (69735,1,'INVERSIONES GROGASA, S.A. ','','8018001-9','ACTIVO',1,'2018-10-31 12:03:00',NULL,NULL),
    (69748,1,'SERVICIOS DIVERSIFICADOS VIVIENDA, S.A. ','','9242462-7','ACTIVO',1,'2018-11-06 09:25:00',NULL,NULL),
    (69749,1,'INVERSIONES LAS ADELFAS, S. A. ','','C/F','ACTIVO',1,'2018-11-06 09:34:00',NULL,NULL),
    (69782,1,'DISTRIBUIDORA LA CADENA ','','C/F','ACTIVO',1,'2018-11-09 10:03:00',NULL,NULL),
    (69847,1,'ROCIOS, SOCIEDAD ANÓNIMA ','','C/F','ACTIVO',1,'2018-11-22 14:50:00',NULL,NULL),
    (69889,2,'ANA MARÍA GONZÁLEZ VALDÉZ','','C/F','ACTIVO',1,'2018-12-03 12:10:00',NULL,NULL),
    (69897,2,'VILMA CAROLA HENKLE MEJÍA DE FERNÁNDEZ','','C/F','ACTIVO',1,'2018-12-04 11:53:00',NULL,NULL),
    (69910,1,'AGROPECUARIA CHIPO, SOCIEDAD ANÓNIMA ','','C/F','ACTIVO',1,'2018-12-05 15:11:00',NULL,NULL),
    (69928,2,'MARÍA OLGA POKORNY','','152586-7','ACTIVO',1,'2018-12-07 16:02:00',NULL,NULL),
    (69950,1,'SERVICIOS PROFESIONALES DE AUTOPISTA, SOCIEDAD ANONIMA ','','C/F','ACTIVO',1,'2018-12-13 08:48:00',NULL,NULL),
    (70012,1,'INVERVALLE, SOCIEDAD ANÓNIMA ','','C/F','ACTIVO',1,'2019-01-08 10:39:00',NULL,NULL),
    (70017,1,'PRO TRIUNFO, S.A. ','','10325769-1','ACTIVO',1,'2019-01-09 15:19:00',NULL,NULL),
    (70018,1,'PRO INVENTO, S.A. ','','10328156-8','ACTIVO',1,'2019-01-09 15:20:00',NULL,NULL),
    (70055,2,'MARIA LOURDES HARRISON PERALTA','','C/F','ACTIVO',1,'2019-01-16 15:39:00',NULL,NULL),
    (70063,1,'CONCESIONARIA VUELA COMPAÑIA DE AVIACION, S.A. PROMOTORA DE INVERSION DE C.V. ','','8990590-3','ACTIVO',1,'2019-01-17 16:49:00',NULL,NULL),
    (70066,1,'VUELA EL SALVADOR ','','10410923-8','ACTIVO',1,'2019-01-17 16:52:00',NULL,NULL),
    (70079,1,'RB HEALTH (US) LLC ','','C/F','ACTIVO',1,'2019-01-22 08:57:00',NULL,NULL),
    (70094,2,'PABLO VELIZ','','2498985-1','ACTIVO',1,'2019-01-25 09:01:00',NULL,NULL),
    (70126,1,'MJN U.S. HOLDINGS LLC ','','C/F','ACTIVO',1,'2019-02-01 15:19:00',NULL,NULL),
    (70152,1,'INMOBILIARIA ESCOCIA, S. A. ','','C/F','ACTIVO',1,'2019-02-08 14:38:00',NULL,NULL),
    (70168,1,'SILVERFORREST,S.A. ','','7749621-3','ACTIVO',1,'2019-02-11 15:30:00',NULL,NULL),
    (70169,1,'SILVERWOODS, S.A. ','','7795986-8','ACTIVO',1,'2019-02-11 15:31:00',NULL,NULL),
    (70267,1,'INVERSIONES REFREMO, S.A. ','','9046192-4','ACTIVO',1,'2019-03-05 14:34:00',NULL,NULL),
    (70312,1,'APUNTE REAL, S.A. ','','10427710-6','ACTIVO',1,'2019-03-11 16:12:00',NULL,NULL),
    (70315,1,'BIENES DE OTOÑO, S. A. ','','C/F','ACTIVO',1,'2019-03-12 09:56:00',NULL,NULL),
    (70347,1,'ASOCIACION PARA EL PROGRESO DE LOS TRABAJADORES ','','1968082-1','ACTIVO',1,'2019-03-19 16:27:00',NULL,NULL),
    (70472,2,'WILLIAM GEOVANNI LÓPEZ CATALÁN','','1211875-3','ACTIVO',1,'2019-04-10 09:09:00',NULL,NULL),
    (70532,1,'AVANCES REALES, SOCIEDAD ANÓNIMA ','','C/F','ACTIVO',1,'2019-05-02 09:21:00',NULL,NULL),
    (70600,1,'FELIX EL GATO, S. A. ','','C/F','ACTIVO',1,'2019-05-20 11:28:00',NULL,NULL),
    (70619,1,'FUNDACIÓN HERRERA LLERANDI ','','CF','ACTIVO',1,'2019-05-22 15:57:00',NULL,NULL),
    (70753,1,'ASOCIACION DEPORTIVA Y CULTURAL VIA SIETE ','','9438884-9','ACTIVO',1,'2019-06-04 09:20:00',NULL,NULL),
    (70755,2,'BARBARA LISSETTE CRUZ BLANCHARD DE TOLEDO','','427593-4','ACTIVO',1,'2019-06-04 11:47:00',NULL,NULL),
    (70758,2,'BÁRBARA LISSETTE CRUZ BLANCHARD DE TOLEDO','','427593-4','ACTIVO',1,'2019-06-04 15:28:00',NULL,NULL),
    (70760,2,'BÁRBARA LISSETTE CRUZ BLANCHARD DE TOLEDO','','427593-4','ACTIVO',1,'2019-06-04 15:36:00',NULL,NULL),
    (70777,1,'SERVICIOS EARHART, S. A. ','','C/F','ACTIVO',1,'2019-06-05 15:31:00',NULL,NULL),
    (70827,2,'JAIME CASALS BONIFASI','','C/F','ACTIVO',1,'2019-06-17 12:22:00',NULL,NULL),
    (70998,1,'INMOBILIARIA GUADAIRA, S.A. ','','C/F','ACTIVO',1,'2019-06-25 10:09:00',NULL,NULL),
    (71114,1,'PRODUCTOS DE PLASTICO, S.A. DE C.V. ','','C/F','ACTIVO',1,'2019-07-15 14:09:00',NULL,NULL),
    (71145,2,'MARY MELVILLE DE MONTANO','','C/F','ACTIVO',1,'2019-07-18 10:59:00',NULL,NULL),
    (71160,1,'ARTSIL, SOCIEDAD ANONIMA ','','C/F','ACTIVO',1,'2019-07-23 08:58:00',NULL,NULL),
    (71240,2,'MARTA REGINA FISCHER PIVARAL DE FERNÉNDEZ','','C/F','ACTIVO',1,'2019-07-31 11:07:00',NULL,NULL),
    (71312,2,'SOFIA PAPAHIU VIENNA','','C/F','ACTIVO',1,'2019-08-19 12:28:00',NULL,NULL),
    (71337,1,'ESENCIA URBANA, S.A. ','','10074837-6','ACTIVO',1,'2019-08-22 10:20:00',NULL,NULL),
    (71338,1,'PRO BONO GUATEMALA ','','C/F','ACTIVO',1,'2019-08-22 11:59:00',NULL,NULL),
    (71387,1,'INMOBILIARIA ESCOCIA, S.A. ','','2493939-0','ACTIVO',1,'2019-08-29 16:29:00',NULL,NULL),
    (71427,2,'MARÍA OLGA NOVELLA ALVARADO','','C/F','ACTIVO',1,'2019-09-05 08:53:00',NULL,NULL),
    (71437,2,'HECTOR ROLANDO OLIVA CACEROS','','3204132-2','ACTIVO',1,'2019-09-05 14:55:00',NULL,NULL),
    (71507,2,'CARLA NOVELLA WIGGINS','','C/F','ACTIVO',1,'2019-09-19 10:44:00',NULL,NULL),
    (71538,2,'JOSE ARNOLDO ARRIAZA SAAVEDRA ','','C/F','ACTIVO',1,'2019-09-26 14:39:00',NULL,NULL),
    (71548,1,'MAVIBIENES CENTROAMERICA, SOCIEDAD ANÓNIMA ','','C/F','ACTIVO',1,'2019-10-01 09:28:00',NULL,NULL),
    (71665,2,'CAROLINA VELÁSQUEZ','','C/F','ACTIVO',1,'2019-10-24 16:24:00',NULL,NULL),
    (71773,1,'OLIANDRE, S. A. ','','C/F','ACTIVO',1,'2019-11-20 12:10:00',NULL,NULL),
    (71839,2,'JOSÉ GUILLERMO PONCE FIGUEROA','','305863-8','ACTIVO',1,'2019-12-05 15:51:00',NULL,NULL),
    (71842,2,'CESARE ARTURO ATTILI YANES','','513505-2','ACTIVO',1,'2019-12-05 16:49:00',NULL,NULL),
    (71843,2,'GLADYS JANNETTE MENDOZA ESCOBAR DE HERMAN','','314747-9','ACTIVO',1,'2019-12-05 16:53:00',NULL,NULL),
    (71870,2,'MARIA EUGENIA SAMCAM NAVARRETE','','599452-7','ACTIVO',1,'2019-12-10 15:54:00',NULL,NULL),
    (71871,2,'RAÚL OSBERTO NAJARRO PELAEZ','','142408-4','ACTIVO',1,'2019-12-10 15:57:00',NULL,NULL),
    (71889,1,'INVERSIONES GENCO ','','C/F','ACTIVO',1,'2019-12-12 12:12:00',NULL,NULL),
    (71890,2,'MARIA HAYDEE MONGE SAM DE MOSQUERA ','','764808-1','ACTIVO',1,'2019-12-12 12:50:00',NULL,NULL),
    (71894,1,'LA CITA, SOCIEDAD ANÓNIMA ','','C/F','ACTIVO',1,'2019-12-12 13:03:00',NULL,NULL),
    (71907,2,'JOSÉ ALFREDO EMILIO MOLLINEDO PANIAGUA','','163474-7','ACTIVO',1,'2019-12-13 15:18:00',NULL,NULL),
    (71914,1,'MAYALATEX, S.A ','','C/F','ACTIVO',1,'2019-12-16 14:42:00',NULL,NULL),
    (71969,1,'RECKITT & COLMAN (OVERSEAS) HEALTH LIMITED ','','C/F','ACTIVO',1,'2020-01-03 10:57:00',NULL,NULL),
    (71974,2,'RAÚL ANTONIO AMENÁBAR PERDOMO','','191181-3','ACTIVO',1,'2020-01-06 15:14:00',NULL,NULL),
    (71975,2,'JORGE MARIO RUATA VILLANUEVA','','121227-3','ACTIVO',1,'2020-01-06 15:32:00',NULL,NULL),
    (72013,2,'MARIANO FRANCISCO ARNULFO GUERRERO DE LEÓN','','1184770-0','ACTIVO',1,'2020-01-14 09:20:00',NULL,NULL),
    (72163,1,'SERVICIOS VF, SOCIEDAD ANÓNIMA ','','C/F','ACTIVO',1,'2020-01-29 17:02:00',NULL,NULL),
    (72255,2,'JUAN CARLOS PONCE GARCÍA','','501340-2','ACTIVO',1,'2020-02-17 16:18:00',NULL,NULL),
    (72256,2,'JUAN CARLOS MONZÓN BONATTI','','765350-6','ACTIVO',1,'2020-02-17 16:21:00',NULL,NULL),
    (72258,2,'ELSA CAROLINA VELÁSQUEZ BARRERA','','573813-K','ACTIVO',1,'2020-02-17 16:33:00',NULL,NULL),
    (72261,1,'CARNOVEL, S. A. ','','C/F','ACTIVO',1,'2020-02-18 10:03:00',NULL,NULL),
    (72264,1,'WESTERN GEMINIS, INC. ','','C/F','ACTIVO',1,'2020-02-18 10:34:00',NULL,NULL),
    (72286,2,'JAIME RENE QUAN WOK','','C/F','ACTIVO',1,'2020-02-20 10:16:00',NULL,NULL),
    (72311,1,'BAMBU - GUATEMALA ','','C/F','ACTIVO',1,'2020-02-21 15:58:00',NULL,NULL),
    (72325,1,'MANALU, SOCIEDAD ANÓNIMA ','','10375354-0','ACTIVO',1,'2020-02-25 10:03:00',NULL,NULL),
    (72331,2,'SERGIO NICOLAS MARTINEZ SIEKAVIZZA','','1235086-9','ACTIVO',1,'2020-02-25 16:01:00',NULL,NULL),
    (72346,2,'CELINA NOVELLA ','','6895142-6','ACTIVO',1,'2020-02-27 08:40:00',NULL,NULL),
    (72359,1,'INMOBILIARIA ENMI, S. A. ','','C/F','ACTIVO',1,'2020-02-27 15:41:00',NULL,NULL),
    (72364,1,'TEXTILES PARAISO, SOCIEDAD ANÓNIMA ','','8991078-8','ACTIVO',1,'2020-02-28 12:08:00',NULL,NULL),
    (72409,2,'MARGARITA MARIA MAEGLI NOVELLA','','C/F','ACTIVO',1,'2020-03-04 10:15:00',NULL,NULL),
    (72413,1,'COMERCIALIZADORA ELECTRICA LA UNION, S.A. ','','C/F','ACTIVO',1,'2020-03-04 11:10:00',NULL,NULL),
    (72416,1,'AVICOLA LLANOS DE MARIA S. A. ','','C/F','ACTIVO',1,'2020-03-04 15:33:00',NULL,NULL),
    (72432,2,'CLARA ARGUEDA','','C/F','ACTIVO',1,'2020-03-05 09:47:00',NULL,NULL),
    (72440,1,'RHODES HOLDINGS INC. ','','C/F','ACTIVO',1,'2020-03-05 17:49:00',NULL,NULL),
    (72459,1,'MONAMONA, S. A. ','','C/F','ACTIVO',1,'2020-03-09 16:08:00',NULL,NULL),
    (72489,2,'GILDA MARIELA DURAN ECHEVERRIA','','C/F','ACTIVO',1,'2020-03-12 14:47:00',NULL,NULL),
    (72496,1,'BIOINNOVACIONES MEDICAS, S.A. ','','4772025-5','ACTIVO',1,'2020-03-13 10:22:00',NULL,NULL),
    (72499,1,'AE NEXT, S.A. ','','C/F','ACTIVO',1,'2020-03-13 11:18:00',NULL,NULL),
    (72568,2,'TORREBIARTE NOVELLA ','','C/F','ACTIVO',1,'2020-04-02 09:36:00',NULL,NULL),
    (72590,1,'AREA, SOCIEDAD ANONIMA ','','8599970-9','ACTIVO',1,'2020-04-13 09:10:00',NULL,NULL),
    (72632,1,'BAMBU GUATEMALA ','','C/F','ACTIVO',1,'2020-04-27 14:24:00',NULL,NULL),
    (72677,2,'JULIO PENADOS','','C/F','ACTIVO',1,'2020-05-08 09:23:00',NULL,NULL),
    (72730,2,'JULIO FRANCISCO JAVIER PENADOS BETANCOURT','','C/F','ACTIVO',1,'2020-05-27 08:47:00',NULL,NULL),
    (72735,1,'INVERSIONES LAS CELIDONIAS, S. A. ','','C/F','ACTIVO',1,'2020-05-28 09:52:00',NULL,NULL),
    (72766,1,'COOPERATIVA INTEGRAL DE AHORRO Y CREDITO PRIMAVERA Y PALO BLANCO RESP. LTDA. ','','7805047-2','ACTIVO',1,'2020-06-08 11:39:00',NULL,NULL),
    (72781,2,'CLARA ARGUEDAS','','C/F','ACTIVO',1,'2020-06-11 08:10:00',NULL,NULL),
    (72821,2,'RAMIRO ARTURO ALFARO SAMAYOA','','C/F','ACTIVO',1,'2020-06-24 09:18:00',NULL,NULL),
    (72832,1,'SPECTRUM VIVIENDA, S.A. ','','C/F','ACTIVO',1,'2020-06-26 12:17:00',NULL,NULL),
    (72841,2,'MARIO FALLA','','C/F','ACTIVO',1,'2020-07-06 11:52:00',NULL,NULL),
    (72874,2,'MARIO RICARDO FALLA GIRÓN','','C/F','ACTIVO',1,'2020-07-15 15:04:00',NULL,NULL),
    (72888,2,'VILMA ELIZABETH RODAS SANDOVAL','','482367-2','ACTIVO',1,'2020-07-16 13:18:00',NULL,NULL),
    (72955,2,'OMAR ROBLES','','C/F','ACTIVO',1,'2020-07-30 13:25:00',NULL,NULL),
    (72982,1,'INVERSIONES EL JUNQUILLO, S. A. ','','C/F','ACTIVO',1,'2020-08-05 11:48:00',NULL,NULL),
    (73000,2,'PETER SEBASTIAN GIESEMANN WIDMANN','','481713-3','ACTIVO',1,'2020-08-06 15:06:00',NULL,NULL),
    (73071,1,'ASOCIACIÓN DE MÉDICOS ESPECIALISTAS ','','95520-5','ACTIVO',1,'2020-08-25 09:05:00',NULL,NULL),
    (73073,1,'SANTISTA TEXTIL LTDA. ','','C/F','ACTIVO',1,'2020-08-25 12:37:00',NULL,NULL),
    (73076,1,'BDI GUATEMALA, SOCIEDAD ANÓNIMA ','','10829152-9','ACTIVO',1,'2020-08-25 15:17:00',NULL,NULL),
    (73120,1,'DFDF ','','C/F','ACTIVO',1,'2020-09-04 08:10:00',NULL,NULL),
    (73123,1,'CQS, S. A. ','','C/F','ACTIVO',1,'2020-09-04 10:00:00',NULL,NULL),
    (73203,1,'RODIJU, SOCIEDAD ANONIMA ','','C/F','ACTIVO',1,'2020-09-18 12:10:00',NULL,NULL),
    (73219,1,'LANCASTER SQUARE HOLDINGS S.L. ','','CF','ACTIVO',1,'2020-09-21 16:04:00',NULL,NULL),
    (73245,2,'JUAN JACOBO CASTAÑEDA ILLESCAS','','C/F','ACTIVO',1,'2020-09-23 12:48:00',NULL,NULL),
    (73259,2,'JUAN RODRIGO SANDOVAL WYSS','','3335634-3','ACTIVO',1,'2020-09-24 18:31:00',NULL,NULL),
    (73271,2,'MARCOS AGUIRRE FERNANDEZ','','8993915-8','ACTIVO',1,'2020-09-28 16:20:00',NULL,NULL),
    (73289,1,'CCP MANAGEMENT GUATEMALA, S.A ','','10513544-5','ACTIVO',1,'2020-09-30 12:46:00',NULL,NULL),
    (73302,1,'VISUALIZA, S. A. ','','C/F','ACTIVO',1,'2020-10-01 15:53:00',NULL,NULL),
    (73309,2,'MANUEL HERRERA ','','C/F','ACTIVO',1,'2020-10-02 09:13:00',NULL,NULL),
    (73323,2,'MARÍA MARTA NOVELLA WYLD','','C/F','ACTIVO',1,'2020-10-05 09:51:00',NULL,NULL),
    (73330,1,'RECKITT BENCKISER (BRASIL) LTDA ','','C/F','ACTIVO',1,'2020-10-06 11:33:00',NULL,NULL),
    (73333,2,'MARIA MARTA JULIA NOVELLA WYLD DE MAEGLI','','C/F','ACTIVO',1,'2020-10-07 10:49:00',NULL,NULL),
    (73334,2,'MARIA MARTA JULIA NOVELLA WYLD DE MAEGLI','','C/F','ACTIVO',1,'2020-10-07 10:53:00',NULL,NULL),
    (73342,1,'ENEL GREEN POWER ','','C/F','ACTIVO',1,'2020-10-07 12:34:00',NULL,NULL),
    (73352,1,'DISTRIBUIDORA ELECTRÓNICA, S.A ','','C/F','ACTIVO',1,'2020-10-08 11:08:00',NULL,NULL),
    (73379,1,'INVERSIONES LAS CORREHUELAS, S. A. ','','C/F','ACTIVO',1,'2020-10-13 11:16:00',NULL,NULL),
    (73385,2,'ANA CARLOTA FLORES ASTURIAS','','334040-6','ACTIVO',1,'2020-10-14 09:37:00',NULL,NULL),
    (73399,2,'GUSTAVO ADOLFO ROSALES SPENNEMANN','','CF','ACTIVO',1,'2020-10-16 10:34:00',NULL,NULL),
    (73445,1,'INVERSIONES MISCELANEAS, S. A. ','','C/F','ACTIVO',1,'2020-10-27 07:17:00',NULL,NULL),
    (73459,2,'JUAN CARLOS RIO NEVADO CORONADO','','CF','ACTIVO',1,'2020-10-28 10:38:00',NULL,NULL),
    (73462,2,'LOURDES HARRISON DE NOVELLA','','C/F','ACTIVO',1,'2020-10-28 14:22:00',NULL,NULL),
    (73464,2,'CYNTHIA DEL AGUILA DE SAENZ DE TEJADA','','C/F','ACTIVO',1,'2020-10-28 14:31:00',NULL,NULL),
    (73476,1,'BOCA GIFT SHOP, S.A. ','','9369189-0','ACTIVO',1,'2020-10-29 15:48:00',NULL,NULL),
    (73484,1,'COMPAÑIA NUEVE ONCE, S.A. ','','8587716-6','ACTIVO',1,'2020-10-30 14:35:00',NULL,NULL),
    (73517,1,'REFRIGERACIÓN TOTAL, S.A. ','','10173649-5','ACTIVO',1,'2020-11-06 10:56:00',NULL,NULL),
    (73521,2,'MARÍA REGINA MONTANO MELVILLE','','C/F','ACTIVO',1,'2020-11-06 11:23:00',NULL,NULL),
    (73557,1,'CADANDY HOLDINGS INC. ','','C/F','ACTIVO',1,'2020-11-12 12:46:00',NULL,NULL),
    (73580,2,'CATERINA OLIVERO ANDREU','','C/F','ACTIVO',1,'2020-11-18 09:06:00',NULL,NULL);

INSERT INTO phone_contact
    (entity_id, entity_type, phone_number, phone_type, status) 
VALUES
    (3, 1, '2277 5100', 4, 'ACTIVO'),
     (3, 1, '2332 1805', 4, 'ACTIVO'),
     (32, 1, '2277-5100', 4, 'ACTIVO'),
     (32, 1, '2277-5150', 4, 'ACTIVO'),
     (33, 1, '2277 7500', 4, 'ACTIVO'),
     (34, 1, '2277 7500', 4, 'ACTIVO'),
     (35, 1, '2277 7500', 4, 'ACTIVO'),
     (36, 1, '2277 7500', 4, 'ACTIVO'),
     (41, 1, '2368-1234', 4, 'ACTIVO'),
     (41, 1, '5703-0899', 3, 'ACTIVO'),
     (42, 1, '2365 2000', 4, 'ACTIVO'),
     (43, 1, '2332 7979', 4, 'ACTIVO'),
     (43, 1, '7831-5110 y 11', 4, 'ACTIVO'),
     (43, 1, '5704-0786', 3, 'ACTIVO'),
     (60, 1, '2428.6000', 4, 'ACTIVO'),
     (62, 1, '2339 3175', 4, 'ACTIVO'),
     (63, 1, '2331-7068/88/77', 4, 'ACTIVO'),
     (63, 1, '2413 3513', 4, 'ACTIVO'),
     (64, 1, '2338-9100 al 02', 4, 'ACTIVO'),
     (64, 1, '2338-9105', 5, 'ACTIVO'),
     (66, 1, '2279 8222', 4, 'ACTIVO'),
     (67, 1, '2331-7214', 4, 'ACTIVO'),
     (67, 1, '2331-6993 y 4', 4, 'ACTIVO'),
     (68, 1, '2277 5156', 4, 'ACTIVO'),
     (92, 1, '2470-8222', 4, 'ACTIVO'),
     (94, 1, '2334-7238', 4, 'ACTIVO'),
     (95, 1, '236  1546', 4, 'ACTIVO'),
     (95, 1, '2428.6000', 4, 'ACTIVO'),
     (96, 1, '2366 1546', 4, 'ACTIVO'),
     (96, 1, '2428.6000', 4, 'ACTIVO'),
     (97, 1, '2366 1546', 4, 'ACTIVO'),
     (98, 1, '7879 3505', 4, 'ACTIVO'),
     (98, 1, '2470 3277', 4, 'ACTIVO'),
     (98, 1, '2470 3279', 4, 'ACTIVO'),
     (98, 1, '2470 3280', 4, 'ACTIVO'),
     (98, 1, '2470 3278', 5, 'ACTIVO'),
     (99, 1, '2474 3127', 4, 'ACTIVO'),
     (99, 1, '2474 3131', 4, 'ACTIVO'),
     (109, 1, '22366-1656 al 8', 4, 'ACTIVO'),
     (109, 1, '2366-1652', 5, 'ACTIVO'),
     (109, 1, '5204-3056', 3, 'ACTIVO'),
     (111, 1, '2332 7979', 4, 'ACTIVO'),
     (113, 1, '2332 7979', 4, 'ACTIVO'),
     (116, 1, '2428.6000', 4, 'ACTIVO'),
     (117, 1, '2479-2444', 4, 'ACTIVO'),
     (117, 1, '5417-4374', 3, 'ACTIVO'),
     (118, 1, '2332 7979 al 83', 4, 'ACTIVO'),
     (118, 1, '2431-22778', 5, 'ACTIVO'),
     (118, 1, '2220-7836', 4, 'ACTIVO'),
     (119, 1, '2470-3277', 4, 'ACTIVO'),
     (119, 1, '2470 3279', 4, 'ACTIVO'),
     (119, 1, '2470-3278', 4, 'ACTIVO'),
     (122, 1, '2470-3277', 4, 'ACTIVO'),
     (122, 1, '2470-3279', 4, 'ACTIVO'),
     (122, 1, '2470-3278', 5, 'ACTIVO'),
     (143, 1, '2428 6000', 4, 'ACTIVO'),
     (166, 1, '2277-5555', 4, 'ACTIVO'),
     (174, 1, '(5255) 17207000', 4, 'ACTIVO'),
     (179, 1, '2238-8636', 4, 'ACTIVO'),
     (179, 1, '2326-0500', 4, 'ACTIVO'),
     (181, 1, '2277 7500', 4, 'ACTIVO'),
     (188, 1, '2332 7979 al 83', 4, 'ACTIVO'),
     (188, 1, '(571) 3238050', 4, 'ACTIVO'),
     (188, 1, '(571) 2884531', 4, 'ACTIVO'),
     (267, 1, '2367 2536', 4, 'ACTIVO'),
     (287, 1, '5203 1542', 4, 'ACTIVO'),
     (298, 1, '2423 7000', 4, 'ACTIVO'),
     (310, 1, '2338 9100', 4, 'ACTIVO'),
     (318, 1, '(502) 2248697', 4, 'ACTIVO'),
     (321, 1, '2334 6645', 4, 'ACTIVO'),
     (321, 1, '2334 6646', 4, 'ACTIVO'),
     (321, 1, '5917-7781', 3, 'ACTIVO'),
     (322, 1, '5917 7781', 3, 'ACTIVO'),
     (322, 1, '2334 6645', 4, 'ACTIVO'),
     (322, 1, '2334 6646', 4, 'ACTIVO'),
     (323, 1, '2334 6645', 4, 'ACTIVO'),
     (323, 1, '2334 6646', 4, 'ACTIVO'),
     (328, 1, '2429 8100', 4, 'ACTIVO'),
     (332, 1, '6636 3270', 4, 'ACTIVO'),
     (332, 1, '6636 2773', 4, 'ACTIVO'),
     (332, 1, '66284100 al 99', 4, 'ACTIVO'),
     (345, 1, '2332 7979', 4, 'ACTIVO'),
     (350, 1, '2332 7979', 4, 'ACTIVO'),
     (355, 1, '2277 5156', 4, 'ACTIVO'),
     (368, 1, '2433 9466', 4, 'ACTIVO'),
     (368, 1, '2439 7447', 5, 'ACTIVO'),
     (368, 1, '5990 2144', 3, 'ACTIVO'),
     (392, 1, '2277 5156', 4, 'ACTIVO'),
     (419, 1, '2332 7979', 4, 'ACTIVO'),
     (465, 1, '2238 1154', 1, 'ACTIVO'),
     (485, 1, '2362 8626', 4, 'ACTIVO'),
     (485, 1, '2339-3245', 4, 'ACTIVO'),
     (485, 1, '5204-7513', 4, 'ACTIVO'),
     (492, 1, '2235 8744', 4, 'ACTIVO'),
     (497, 1, '2332 7979', 4, 'ACTIVO'),
     (500, 1, '2332 7979', 4, 'ACTIVO'),
     (534, 1, '2379 1444', 4, 'ACTIVO'),
     (534, 1, '5704 8783', 3, 'ACTIVO'),
     (612, 1, '2332 7979 al 83', 4, 'ACTIVO'),
     (612, 1, '2339 2952', 5, 'ACTIVO'),
     (612, 1, '2332 7980', 4, 'ACTIVO'),
     (639, 1, '2332 7979', 4, 'ACTIVO'),
     (665, 1, '23327980-83', 4, 'ACTIVO'),
     (716, 1, '2331 2116', 4, 'ACTIVO'),
     (733, 1, '2338 9100', 4, 'ACTIVO'),
     (739, 1, '2334 6645', 4, 'ACTIVO'),
     (739, 1, '5917 7781', 4, 'ACTIVO'),
     (780, 1, '2363-6373', 4, 'ACTIVO'),
     (780, 1, '5966-3736', 3, 'ACTIVO'),
     (784, 1, '2332 7979', 4, 'ACTIVO'),
     (785, 1, '2332 7979', 4, 'ACTIVO'),
     (806, 1, '2338 9100', 4, 'ACTIVO'),
     (836, 1, '2442 4330', 4, 'ACTIVO'),
     (883, 1, '2470 5300', 4, 'ACTIVO'),
     (884, 1, '2470 5300', 4, 'ACTIVO'),
     (885, 1, '2470 5300', 4, 'ACTIVO'),
     (886, 1, '2470 5300', 4, 'ACTIVO'),
     (907, 1, '2277 5555', 4, 'ACTIVO'),
     (907, 1, '5702 8593', 3, 'ACTIVO'),
     (914, 1, '2332 7979', 4, 'ACTIVO'),
     (926, 1, '2476 3544', 4, 'ACTIVO'),
     (926, 1, '2277 1440', 4, 'ACTIVO'),
     (926, 1, '2476 0837', 5, 'ACTIVO'),
     (953, 1, '5062015005', 4, 'ACTIVO'),
     (997, 1, '2277 5156', 4, 'ACTIVO'),
     (998, 1, '2339 3244', 4, 'ACTIVO'),
     (1012, 1, '2328 6600', 4, 'ACTIVO'),
     (1019, 1, '2277 5156', 4, 'ACTIVO'),
     (1062, 1, '2331 0737', 4, 'ACTIVO'),
     (1066, 1, '5206 3435', 3, 'ACTIVO'),
     (1066, 1, '2369 3135', 4, 'ACTIVO'),
     (1078, 1, '2331 5816', 4, 'ACTIVO'),
     (1097, 1, '2332-7275', 4, 'ACTIVO'),
     (1100, 1, '2279-5100', 4, 'ACTIVO'),
     (1133, 1, '2473 7450', 1, 'ACTIVO'),
     (1133, 1, '2332 7979', 4, 'ACTIVO'),
     (1149, 1, '2279 8222', 4, 'ACTIVO'),
     (1235, 1, '2470 5353', 4, 'ACTIVO'),
     (1235, 1, '2470 5354', 4, 'ACTIVO'),
     (1235, 1, '2470 5300', 4, 'ACTIVO'),
     (1235, 1, '2470 5322', 5, 'ACTIVO'),
     (1243, 1, '2332 7979', 4, 'ACTIVO'),
     (1271, 1, '2332 7979 al 83', 4, 'ACTIVO'),
     (1448, 1, '2331 9326', 4, 'ACTIVO'),
     (1466, 1, '2365 4407', 1, 'ACTIVO'),
     (1468, 1, '2328 8888', 4, 'ACTIVO'),
     (1486, 1, '2339 2926', 4, 'ACTIVO'),
     (1600, 1, '2339-2629', 4, 'ACTIVO'),
     (1609, 1, '2339-3173', 4, 'ACTIVO'),
     (1618, 1, '2423 2323', 4, 'ACTIVO'),
     (1619, 1, '2332-7979', 4, 'ACTIVO'),
     (1630, 1, '2470-5300', 4, 'ACTIVO'),
     (1660, 1, '2470-5300', 4, 'ACTIVO'),
     (1660, 1, '2470-5323', 5, 'ACTIVO'),
     (1683, 1, '2470-5300', 4, 'ACTIVO'),
     (1683, 1, '2470-5323', 5, 'ACTIVO'),
     (1723, 1, '2332 7979', 4, 'ACTIVO'),
     (1790, 1, '2470-5300', 4, 'ACTIVO'),
     (1795, 1, '2339 3173 al 75', 4, 'ACTIVO'),
     (1795, 1, '2339-3176', 4, 'ACTIVO'),
     (1815, 1, '2288-8360', 4, 'ACTIVO'),
     (1815, 1, '2289-5897', 4, 'ACTIVO'),
     (1815, 1, '5204-3959', 3, 'ACTIVO'),
     (1824, 1, '2338 9100', 4, 'ACTIVO'),
     (1830, 1, '2470 5300', 4, 'ACTIVO'),
     (1887, 1, '2427 9800', 4, 'ACTIVO'),
     (1887, 1, '2427 9809', 5, 'ACTIVO'),
     (1900, 1, '2332 7979', 4, 'ACTIVO'),
     (1905, 1, '2332 7979 al 83', 4, 'ACTIVO'),
     (1916, 1, '2470-5300', 4, 'ACTIVO'),
     (1922, 1, '2470-5300', 4, 'ACTIVO'),
     (1985, 1, '2367 1604', 1, 'ACTIVO'),
     (1990, 1, '2473 0135', 4, 'ACTIVO'),
     (1999, 1, '2385 5304', 4, 'ACTIVO'),
     (2009, 1, '2277 2451', 4, 'ACTIVO'),
     (2015, 1, '5799 5688', 3, 'ACTIVO'),
     (2024, 1, '2337 1175', 4, 'ACTIVO'),
     (2036, 1, '2332-7979', 4, 'ACTIVO'),
     (2040, 1, '2470-5300', 4, 'ACTIVO'),
     (2049, 1, '2334-0783-0784', 4, 'ACTIVO'),
     (2071, 1, '2362 8626', 4, 'ACTIVO'),
     (2075, 1, '2470-5300', 4, 'ACTIVO'),
     (2086, 1, '2470-5300', 4, 'ACTIVO'),
     (2099, 1, '2277-5100', 4, 'ACTIVO'),
     (2132, 1, '2277-5100', 4, 'ACTIVO'),
     (2177, 1, '2277-5401', 4, 'ACTIVO'),
     (2178, 1, '2277-5401', 4, 'ACTIVO'),
     (2197, 1, '2332 7979', 4, 'ACTIVO'),
     (2238, 1, '2332 7979 al 83', 4, 'ACTIVO'),
     (2238, 1, '2277-5100', 4, 'ACTIVO'),
     (2238, 1, '2277-5159', 4, 'ACTIVO'),
     (2353, 1, '2332 1152', 1, 'ACTIVO'),
     (2386, 1, '2328 8888', 4, 'ACTIVO'),
     (2485, 1, '598-6220239', 4, 'ACTIVO'),
     (2487, 1, '2332-7979', 4, 'ACTIVO'),
     (2518, 1, '2421-0400', 4, 'ACTIVO'),
     (2518, 1, '2440-9666', 5, 'ACTIVO'),
     (2518, 1, '2440-9665', 4, 'ACTIVO'),
     (2590, 1, '2470-5300', 4, 'ACTIVO'),
     (2682, 1, '2277 5100', 4, 'ACTIVO'),
     (2689, 1, '2239617', 4, 'ACTIVO'),
     (2703, 1, '2473-6245', 4, 'ACTIVO'),
     (2718, 1, '2470 5300', 4, 'ACTIVO'),
     (2740, 1, '2277 5100', 4, 'ACTIVO'),
     (2789, 1, '2470-5300', 4, 'ACTIVO'),
     (2844, 1, '2338 9100', 4, 'ACTIVO'),
     (2860, 1, '2470-5300', 4, 'ACTIVO'),
     (2870, 1, '2332-7979 al 83', 4, 'ACTIVO'),
     (2881, 1, '2385 3304', 4, 'ACTIVO'),
     (2897, 1, '2331 7270', 4, 'ACTIVO'),
     (2901, 1, '2332 7979', 4, 'ACTIVO'),
     (2903, 1, '2332 7979', 4, 'ACTIVO'),
     (2905, 1, '2332 7979', 4, 'ACTIVO'),
     (3052, 1, '2338 9100', 4, 'ACTIVO'),
     (3083, 1, '2428 6000', 4, 'ACTIVO'),
     (3118, 1, '2277 5100', 4, 'ACTIVO'),
     (3121, 1, '2277 5100', 4, 'ACTIVO'),
     (3144, 1, '2470-5300', 4, 'ACTIVO'),
     (3178, 1, '2332-7979 al 83', 4, 'ACTIVO'),
     (3350, 1, '2332 7979', 4, 'ACTIVO'),
     (3627, 1, '2332 7979', 4, 'ACTIVO'),
     (3692, 1, '2277 5141', 4, 'ACTIVO'),
     (3710, 1, '2253-7521', 1, 'ACTIVO'),
     (3726, 1, '7888-0313', 4, 'ACTIVO'),
     (3726, 1, '7888-0319', 5, 'ACTIVO'),
     (3786, 1, '2333-5323', 4, 'ACTIVO'),
     (3804, 1, '2332 7979', 4, 'ACTIVO'),
     (3865, 1, '2477-2538', 1, 'ACTIVO'),
     (3865, 1, '55-443435', 3, 'ACTIVO'),
     (3871, 1, '2332-7979', 4, 'ACTIVO'),
     (3907, 1, '2332-7979', 4, 'ACTIVO'),
     (4103, 1, '2339-2931', 4, 'ACTIVO'),
     (4191, 1, '2332-7979', 4, 'ACTIVO'),
     (4281, 1, '2338-9100 al 02', 4, 'ACTIVO'),
     (4281, 1, '2338-9105', 5, 'ACTIVO'),
     (4417, 1, '2332 7979', 4, 'ACTIVO'),
     (4420, 1, '2332 7979', 4, 'ACTIVO'),
     (4653, 1, '5318-2748', 4, 'ACTIVO'),
     (4695, 1, '2332 7979', 4, 'ACTIVO'),
     (4704, 1, '2332 7979', 4, 'ACTIVO'),
     (4740, 1, '2470 5300', 4, 'ACTIVO'),
     (4753, 1, '2332 7979', 4, 'ACTIVO'),
     (4820, 1, '2332 7979', 4, 'ACTIVO'),
     (5094, 1, '2428 6000', 4, 'ACTIVO'),
     (5117, 1, '2332 7983', 4, 'ACTIVO'),
     (5140, 1, '2337-3287', 4, 'ACTIVO'),
     (5141, 1, '2337-3287', 4, 'ACTIVO'),
     (5146, 1, '5401-0576', 4, 'ACTIVO'),
     (5185, 1, '2470 5300', 4, 'ACTIVO'),
     (5342, 1, '2470-5300', 4, 'ACTIVO'),
     (5364, 1, '2332 7979', 4, 'ACTIVO'),
     (5412, 1, '2331 7270', 4, 'ACTIVO'),
     (5440, 1, '2427 1300', 4, 'ACTIVO'),
     (5693, 1, '2277-5100', 4, 'ACTIVO'),
     (5710, 1, '3232-3287', 4, 'ACTIVO'),
     (5725, 1, '2277 7000', 4, 'ACTIVO'),
     (5769, 1, '2338 9100', 4, 'ACTIVO'),
     (5943, 1, '2332 7979', 4, 'ACTIVO'),
     (5987, 1, '2363-6373', 4, 'ACTIVO'),
     (6040, 1, '2332 7980', 4, 'ACTIVO'),
     (6040, 1, '503 264-4499', 4, 'ACTIVO'),
     (6087, 1, '2332 7979', 4, 'ACTIVO'),
     (6133, 1, '2369 0229', 4, 'ACTIVO'),
     (6177, 1, '2332 7979', 4, 'ACTIVO'),
     (6353, 1, '5401 2368', 3, 'ACTIVO'),
     (6365, 1, '2332 7979', 4, 'ACTIVO'),
     (6411, 1, '5318-2940', 4, 'ACTIVO'),
     (6497, 1, '2338-9100', 4, 'ACTIVO'),
     (6530, 1, '5203-9734', 4, 'ACTIVO'),
     (6586, 1, '2277-5100', 4, 'ACTIVO'),
     (6609, 1, '2339 2132', 4, 'ACTIVO'),
     (6612, 1, '2331-2320', 4, 'ACTIVO'),
     (6626, 1, '2277 4200', 4, 'ACTIVO'),
     (6666, 1, '2365 3907', 4, 'ACTIVO'),
     (6666, 1, '5918 4937', 3, 'ACTIVO'),
     (6805, 1, '2331 7270', 4, 'ACTIVO'),
     (6822, 1, '2332-7979', 4, 'ACTIVO'),
     (6851, 1, '2332 7979', 4, 'ACTIVO'),
     (6993, 1, '2386-2000', 4, 'ACTIVO'),
     (7009, 1, '5401 1186', 3, 'ACTIVO'),
     (7021, 1, '2331-6993/94', 4, 'ACTIVO'),
     (7043, 1, '2470-5300', 4, 'ACTIVO'),
     (7076, 1, '3232-7983', 4, 'ACTIVO'),
     (7077, 1, '2332-7980', 4, 'ACTIVO'),
     (7078, 1, '2332-7979', 4, 'ACTIVO'),
     (7097, 1, '2277-5100', 4, 'ACTIVO'),
     (7163, 1, '2277 5100', 4, 'ACTIVO'),
     (7165, 1, '2332 7979', 4, 'ACTIVO'),
     (7228, 1, '5482-2450', 4, 'ACTIVO'),
     (7275, 1, '2332-7983', 4, 'ACTIVO'),
     (7320, 1, '2331 7270', 4, 'ACTIVO'),
     (7381, 1, '2332 7979', 4, 'ACTIVO'),
     (7433, 1, '2332 7979', 4, 'ACTIVO'),
     (7434, 1, '2332 7979', 4, 'ACTIVO'),
     (7458, 1, '2332 7979', 4, 'ACTIVO'),
     (7516, 1, '2334 8790', 1, 'ACTIVO'),
     (7584, 1, '2332-7979', 4, 'ACTIVO'),
     (7673, 1, '2339 3173', 4, 'ACTIVO'),
     (7822, 1, '2277-5100', 4, 'ACTIVO'),
     (7956, 1, '2332 7979', 4, 'ACTIVO'),
     (7988, 1, '2413 3565', 4, 'ACTIVO'),
     (8083, 1, '2261.1455', 1, 'ACTIVO'),
     (8083, 1, '5171.4062', 3, 'ACTIVO'),
     (8235, 1, '(503) 22672700', 4, 'ACTIVO'),
     (8401, 1, '2368-1255', 4, 'ACTIVO'),
     (8696, 1, '2437 7010', 1, 'ACTIVO'),
     (8712, 1, '2332-7979', 4, 'ACTIVO'),
     (8744, 1, '2277-5154', 4, 'ACTIVO'),
     (8779, 1, '2421 3100', 4, 'ACTIVO'),
     (8824, 1, '2332 7979', 4, 'ACTIVO'),
     (8876, 1, '2332-7979', 4, 'ACTIVO'),
     (8945, 1, '2421 0400', 4, 'ACTIVO'),
     (8959, 1, '2360 9199', 1, 'ACTIVO'),
     (9018, 1, '2332-7979', 4, 'ACTIVO'),
     (9048, 1, '2368-1255', 4, 'ACTIVO'),
     (9049, 1, '2332-7983', 4, 'ACTIVO'),
     (9087, 1, '2332-7983', 4, 'ACTIVO'),
     (9132, 1, '2414 3600', 4, 'ACTIVO'),
     (9224, 1, '2332 7979', 4, 'ACTIVO'),
     (9416, 1, '2332 7979', 4, 'ACTIVO'),
     (9591, 1, '2323 6700', 4, 'ACTIVO'),
     (9655, 1, '2332-7979', 4, 'ACTIVO'),
     (9660, 1, '2332 7979', 4, 'ACTIVO'),
     (9671, 1, '2332 7979', 4, 'ACTIVO'),
     (9694, 1, '2384-3838', 4, 'ACTIVO'),
     (9784, 1, '2332 7979', 4, 'ACTIVO'),
     (9787, 1, '2332 7979', 4, 'ACTIVO'),
     (9789, 1, '2332 7979', 4, 'ACTIVO'),
     (9803, 1, '2427 1300', 4, 'ACTIVO'),
     (9805, 1, '2323 6700', 4, 'ACTIVO'),
     (9823, 1, '2277-5154', 4, 'ACTIVO'),
     (9830, 1, '2277-5100', 4, 'ACTIVO'),
     (9889, 1, '2277-5100', 4, 'ACTIVO'),
     (9975, 1, '2365 2000', 4, 'ACTIVO'),
     (10253, 1, '5460 1944', 3, 'ACTIVO'),
     (10296, 1, '2339-2860', 4, 'ACTIVO'),
     (10320, 1, '2332-7983', 4, 'ACTIVO'),
     (10321, 1, '2332-7979', 4, 'ACTIVO'),
     (10351, 1, '2277-5100', 4, 'ACTIVO'),
     (10409, 1, '2332-7979', 4, 'ACTIVO'),
     (10433, 1, '2332-7979', 4, 'ACTIVO'),
     (10433, 1, '5308 2299', 3, 'ACTIVO'),
     (10509, 1, '2277-5100', 4, 'ACTIVO'),
     (10779, 1, '5510 8924', 3, 'ACTIVO'),
     (10783, 1, '2338-8636', 4, 'ACTIVO'),
     (10787, 1, '2387 3838', 4, 'ACTIVO'),
     (10801, 1, '2248697', 4, 'ACTIVO'),
     (10833, 1, '2368-2588', 4, 'ACTIVO'),
     (11098, 1, '2277-5100', 4, 'ACTIVO'),
     (11158, 1, '2414-3600', 4, 'ACTIVO'),
     (11205, 1, '2332 7979', 4, 'ACTIVO'),
     (11218, 1, '2277 5100', 4, 'ACTIVO'),
     (11370, 1, '5917-7322', 4, 'ACTIVO'),
     (11435, 1, '2277-5100', 4, 'ACTIVO'),
     (11498, 1, '6634-6486', 1, 'ACTIVO'),
     (11502, 1, '506 2248697', 4, 'ACTIVO'),
     (11529, 1, '2387-3838', 4, 'ACTIVO'),
     (11529, 1, '2387-3839', 5, 'ACTIVO'),
     (11680, 1, '2323 5380', 4, 'ACTIVO'),
     (11691, 1, '2414 3600', 4, 'ACTIVO'),
     (11810, 1, '2238-8636', 4, 'ACTIVO'),
     (11810, 1, '2326-0500', 4, 'ACTIVO'),
     (11845, 1, '2332-7983', 4, 'ACTIVO'),
     (11883, 1, '2332 7979', 4, 'ACTIVO'),
     (11883, 1, '5626-7094', 3, 'ACTIVO'),
     (11926, 1, '2332 7979', 4, 'ACTIVO'),
     (12203, 1, '2477-2535', 4, 'ACTIVO'),
     (12214, 1, '2389 7900', 4, 'ACTIVO'),
     (12215, 1, '2332-7980', 4, 'ACTIVO'),
     (12216, 1, '2332-7981', 4, 'ACTIVO'),
     (12403, 1, '(506) 2248697', 4, 'ACTIVO'),
     (12448, 1, '2332-7983', 4, 'ACTIVO'),
     (12475, 1, '2338 7000', 4, 'ACTIVO'),
     (12631, 1, '2332 7979', 4, 'ACTIVO'),
     (12747, 1, '5527-9477', 4, 'ACTIVO'),
     (12780, 1, '2333 5929', 4, 'ACTIVO'),
     (12980, 1, '2277 4200', 4, 'ACTIVO'),
     (12999, 1, '2332-7979', 4, 'ACTIVO'),
     (13202, 1, '2337-3287', 4, 'ACTIVO'),
     (13203, 1, '2332-3287', 4, 'ACTIVO'),
     (13204, 1, '2337-3287', 4, 'ACTIVO'),
     (13205, 1, '2337-3287', 4, 'ACTIVO'),
     (13237, 1, '2473 0135', 4, 'ACTIVO'),
     (13357, 1, '2332-7983', 4, 'ACTIVO'),
     (13412, 1, '2332-7983', 4, 'ACTIVO'),
     (13531, 1, '5586-1896', 4, 'ACTIVO'),
     (13714, 1, '2470-3277', 4, 'ACTIVO'),
     (13717, 1, '2332-7083', 4, 'ACTIVO'),
     (13786, 1, '2332-7979', 4, 'ACTIVO'),
     (13812, 1, '2367 0923', 1, 'ACTIVO'),
     (13832, 1, '2476-1952', 4, 'ACTIVO'),
     (13832, 1, '2476-6043', 5, 'ACTIVO'),
     (13898, 1, '2470 5300', 4, 'ACTIVO'),
     (14023, 1, '2338 9100', 4, 'ACTIVO'),
     (14070, 1, '5918 3929', 4, 'ACTIVO'),
     (14110, 1, '5362 0862', 4, 'ACTIVO'),
     (14110, 1, '5398 7870', 4, 'ACTIVO'),
     (14110, 1, '5362 0689', 5, 'ACTIVO'),
     (14158, 1, '2338-9125', 4, 'ACTIVO'),
     (14178, 1, '5208-3655', 3, 'ACTIVO'),
     (14541, 1, '4370 4126', 3, 'ACTIVO'),
     (14632, 1, '2277 5100', 4, 'ACTIVO'),
     (14889, 1, '2339-3173', 4, 'ACTIVO'),
     (14904, 1, '2277 5100', 4, 'ACTIVO'),
     (14929, 1, '2332 -779', 4, 'ACTIVO'),
     (14945, 1, '2277 5100', 4, 'ACTIVO'),
     (14958, 1, '5208 4683', 3, 'ACTIVO'),
     (14958, 1, '5208 4684', 3, 'ACTIVO'),
     (15034, 1, '2337-4949', 4, 'ACTIVO'),
     (15086, 1, '2368 1730', 4, 'ACTIVO'),
     (15086, 1, '2338 4051', 4, 'ACTIVO'),
     (15089, 1, '2368 1730', 4, 'ACTIVO'),
     (15089, 1, '2367 0955', 4, 'ACTIVO'),
     (15118, 1, '2414 3600', 4, 'ACTIVO'),
     (15165, 1, '2277 5100', 4, 'ACTIVO'),
     (15188, 1, '2450-6109', 4, 'ACTIVO'),
     (15222, 1, '2268 2706', 4, 'ACTIVO'),
     (15281, 1, '2279 1534', 4, 'ACTIVO'),
     (15309, 1, '(506)2248697', 4, 'ACTIVO'),
     (15330, 1, '2332-7979', 4, 'ACTIVO'),
     (15440, 1, '+4131 3352000', 4, 'ACTIVO'),
     (15440, 1, '+4131 3328159', 4, 'ACTIVO'),
     (15479, 1, '2277-5154', 4, 'ACTIVO'),
     (15497, 1, '2277 5200', 4, 'ACTIVO'),
     (15546, 1, '2421 0400', 4, 'ACTIVO'),
     (15596, 1, '2470-5300', 4, 'ACTIVO'),
     (15783, 1, '5202 9873', 3, 'ACTIVO'),
     (15805, 1, '2366 1572', 4, 'ACTIVO'),
     (15836, 1, '2277-5100', 4, 'ACTIVO'),
     (15861, 1, '2427 1300', 4, 'ACTIVO'),
     (16102, 1, '2421 0400', 4, 'ACTIVO'),
     (16107, 1, '(506) 22248697', 4, 'ACTIVO'),
     (16236, 1, '2327 7000', 4, 'ACTIVO'),
     (16302, 1, '2470-5300', 4, 'ACTIVO'),
     (16843, 1, '2470-5300', 4, 'ACTIVO'),
     (16886, 1, '2363 6373', 4, 'ACTIVO'),
     (16893, 1, '2337 1175', 4, 'ACTIVO'),
     (16964, 1, '2369-1876', 4, 'ACTIVO'),
     (17084, 1, '2332 7979', 4, 'ACTIVO'),
     (17109, 1, '2332-7979', 4, 'ACTIVO'),
     (17190, 1, '2421 0400', 4, 'ACTIVO'),
     (17193, 1, '2332 7979', 4, 'ACTIVO'),
     (17254, 1, '2332-7983', 4, 'ACTIVO'),
     (17325, 1, '2277 5100', 4, 'ACTIVO'),
     (17341, 1, '2368 0692', 4, 'ACTIVO'),
     (17363, 1, '2327 7000', 4, 'ACTIVO'),
     (17581, 1, '2470 5300', 4, 'ACTIVO'),
     (17609, 1, '5555-1621', 4, 'ACTIVO'),
     (17928, 1, '2361 9486', 4, 'ACTIVO'),
     (18026, 1, '2362-6373', 4, 'ACTIVO'),
     (18046, 1, '+4402076231244', 4, 'ACTIVO'),
     (18088, 1, '2332-7979', 4, 'ACTIVO'),
     (18121, 1, '2332 7979', 4, 'ACTIVO'),
     (18164, 1, '2332 7979', 4, 'ACTIVO'),
     (18179, 1, '5104 4657', 3, 'ACTIVO'),
     (18216, 1, '2365 6444', 4, 'ACTIVO'),
     (18290, 1, '2338 9100', 4, 'ACTIVO'),
     (18563, 1, '2332-7083', 4, 'ACTIVO'),
     (18616, 1, '2421 0400', 4, 'ACTIVO'),
     (18643, 1, '2332 7979', 4, 'ACTIVO'),
     (18820, 1, '(714) 4608428', 4, 'ACTIVO'),
     (18921, 1, '2332 7979', 4, 'ACTIVO'),
     (18937, 1, '2369-1876', 4, 'ACTIVO'),
     (19131, 1, '2338-9100', 4, 'ACTIVO'),
     (19133, 1, '2332 7979', 4, 'ACTIVO'),
     (19239, 1, '4014 1901', 4, 'ACTIVO'),
     (19415, 1, '2332-7983', 4, 'ACTIVO'),
     (19859, 1, '2363-6373', 4, 'ACTIVO'),
     (20324, 1, '2332-7983', 4, 'ACTIVO'),
     (20327, 1, '2332 7979', 4, 'ACTIVO'),
     (20969, 1, '6630-2185', 4, 'ACTIVO'),
     (21079, 1, '2320 4949', 4, 'ACTIVO'),
     (21112, 1, '2423 4000', 4, 'ACTIVO'),
     (21359, 1, '2332 7979', 4, 'ACTIVO'),
     (21771, 1, '2327 7000', 4, 'ACTIVO'),
     (21841, 1, '2332-7979', 4, 'ACTIVO'),
     (21849, 1, '2389 7900', 4, 'ACTIVO'),
     (22015, 1, '2229 4600', 4, 'ACTIVO'),
     (22156, 1, '2124077769', 4, 'ACTIVO'),
     (22156, 1, '2124077799', 5, 'ACTIVO'),
     (22532, 1, '5544 3435', 4, 'ACTIVO'),
     (23410, 1, '2389-7900', 4, 'ACTIVO'),
     (23636, 1, '2421 0400', 4, 'ACTIVO'),
     (23832, 1, '2389-7900', 2, 'ACTIVO'),
     (23900, 1, '2365-8184', 1, 'ACTIVO'),
     (23924, 1, '2338 9100', 4, 'ACTIVO'),
     (23997, 1, '2470 5300', 4, 'ACTIVO'),
     (24033, 1, '2277-5100', 4, 'ACTIVO'),
     (24115, 1, '2365-8184', 4, 'ACTIVO'),
     (24232, 1, '2328 8888', 4, 'ACTIVO'),
     (24243, 1, '2414-3600', 4, 'ACTIVO'),
     (24389, 1, '2389 7900', 4, 'ACTIVO'),
     (24588, 1, '2277-5100', 4, 'ACTIVO'),
     (24643, 1, '2389 7900', 4, 'ACTIVO'),
     (24750, 1, '2289 7900', 4, 'ACTIVO'),
     (24801, 1, '2337 0323', 4, 'ACTIVO'),
     (24801, 1, '5895 7065', 4, 'ACTIVO'),
     (25200, 1, '2389-7900', 4, 'ACTIVO'),
     (25344, 1, '2428 5252', 4, 'ACTIVO'),
     (25532, 1, '2389-7900', 4, 'ACTIVO'),
     (25694, 1, '2338 9100', 4, 'ACTIVO'),
     (25720, 1, '6634-6486', 4, 'ACTIVO'),
     (25890, 1, '2389-7900', 4, 'ACTIVO'),
     (25906, 1, '2470-5300', 4, 'ACTIVO'),
     (26350, 1, '2338-9120', 4, 'ACTIVO'),
     (26532, 1, '2389 7900', 4, 'ACTIVO'),
     (26562, 1, '5515-1900', 4, 'ACTIVO'),
     (26642, 1, '2389-7900', 4, 'ACTIVO'),
     (26889, 1, '2328-8888', 4, 'ACTIVO'),
     (27197, 1, '2279-8222', 4, 'ACTIVO'),
     (27369, 1, '2389-7900', 4, 'ACTIVO'),
     (28072, 1, '(41) 313352000', 4, 'ACTIVO'),
     (28219, 1, '2389-7900', 4, 'ACTIVO'),
     (28256, 1, '2338-7700', 4, 'ACTIVO'),
     (28543, 1, '2277 5100', 4, 'ACTIVO'),
     (28791, 1, '2389-7900', 4, 'ACTIVO'),
     (29060, 1, '2389-7900', 4, 'ACTIVO'),
     (29275, 1, '507- 265-0200', 4, 'ACTIVO'),
     (29275, 1, '507-265-1674', 5, 'ACTIVO'),
     (29487, 1, '5515 4673', 3, 'ACTIVO'),
     (30263, 1, '5318 7442', 4, 'ACTIVO'),
     (30504, 1, '2279-5100', 4, 'ACTIVO'),
     (30509, 1, '2277-5100', 4, 'ACTIVO'),
     (30525, 1, '2389-7900', 4, 'ACTIVO'),
     (30810, 1, '6634 7569', 4, 'ACTIVO'),
     (30810, 1, '4730 8545', 3, 'ACTIVO'),
     (31010, 1, '2337 3287', 4, 'ACTIVO'),
     (31327, 1, '5515 1900', 3, 'ACTIVO'),
     (31479, 1, '2428 6000', 4, 'ACTIVO'),
     (31627, 1, '2389-7900', 4, 'ACTIVO'),
     (31649, 1, '6634 2223', 4, 'ACTIVO'),
     (31729, 1, '2238-1154', 4, 'ACTIVO'),
     (31948, 1, '2327 7000', 4, 'ACTIVO'),
     (32031, 1, '6634-2223', 4, 'ACTIVO'),
     (32423, 1, '2389-7900', 4, 'ACTIVO'),
     (32448, 1, '5515 4673', 3, 'ACTIVO'),
     (32456, 1, '5726-3845', 4, 'ACTIVO'),
     (32571, 1, '2389-7900', 4, 'ACTIVO'),
     (32574, 1, '2389-7900', 4, 'ACTIVO'),
     (32724, 1, '2470-5300', 4, 'ACTIVO'),
     (32725, 1, '2470-5300', 4, 'ACTIVO'),
     (33050, 1, '2389 7900', 4, 'ACTIVO'),
     (33199, 1, '2389-7900', 4, 'ACTIVO'),
     (33916, 1, '2428 6000', 4, 'ACTIVO'),
     (33922, 1, '2331-5224', 4, 'ACTIVO'),
     (34200, 1, '2389 7900', 4, 'ACTIVO'),
     (34264, 1, '2369-3135', 1, 'ACTIVO'),
     (34436, 1, '2369-3135', 1, 'ACTIVO'),
     (34544, 1, '2338-9100', 4, 'ACTIVO'),
     (34547, 1, '2361-4722', 4, 'ACTIVO'),
     (34596, 1, '2421 0400', 4, 'ACTIVO'),
     (34635, 1, '2389 7900', 4, 'ACTIVO'),
     (35124, 1, '2389-7900', 4, 'ACTIVO'),
     (35178, 1, '5905 9909', 4, 'ACTIVO'),
     (35438, 1, '2338 9100', 4, 'ACTIVO'),
     (35457, 1, '2389 7900', 4, 'ACTIVO'),
     (35814, 1, '2386-8000', 4, 'ACTIVO'),
     (35825, 1, '7879-4099', 4, 'ACTIVO'),
     (36012, 1, '2421 0400', 4, 'ACTIVO'),
     (36084, 1, '2389 7900', 4, 'ACTIVO'),
     (36286, 1, '2389-7900', 4, 'ACTIVO'),
     (36377, 1, '2338 9100', 4, 'ACTIVO'),
     (36601, 1, '2389 7900', 4, 'ACTIVO'),
     (37036, 1, '2339-0921', 4, 'ACTIVO'),
     (37200, 1, '5917 2380', 4, 'ACTIVO'),
     (37363, 1, '23666-5349', 4, 'ACTIVO'),
     (37677, 1, '2389 7900', 4, 'ACTIVO'),
     (37721, 1, '2365 8184', 4, 'ACTIVO'),
     (37723, 1, '2365 8184', 1, 'ACTIVO'),
     (37797, 1, '2470-5300', 4, 'ACTIVO'),
     (37836, 1, '2389 7900', 4, 'ACTIVO'),
     (37837, 1, '5203-5709', 4, 'ACTIVO'),
     (37837, 1, '2331-6790', 4, 'ACTIVO'),
     (37872, 1, '2389 7900', 4, 'ACTIVO'),
     (38115, 1, '2389 7900', 4, 'ACTIVO'),
     (38827, 1, '2338 9100', 4, 'ACTIVO'),
     (38940, 1, '2389 7900', 4, 'ACTIVO'),
     (40381, 1, '2389 7900', 4, 'ACTIVO'),
     (40496, 1, '2229-6666', 4, 'ACTIVO'),
     (40518, 1, '5200 2735', 4, 'ACTIVO'),
     (40528, 1, '2389 7900', 4, 'ACTIVO'),
     (40574, 1, '2389-7900', 4, 'ACTIVO'),
     (41037, 1, '2331 3705', 4, 'ACTIVO'),
     (41121, 1, '2277-5100', 4, 'ACTIVO'),
     (41132, 1, '2775100', 4, 'ACTIVO'),
     (41530, 1, '507 300-9200', 4, 'ACTIVO'),
     (42238, 1, '2428 6000', 4, 'ACTIVO'),
     (42330, 1, '2364 0850', 4, 'ACTIVO'),
     (42848, 1, '2389 7900', 4, 'ACTIVO'),
     (42934, 1, '2389-7900', 4, 'ACTIVO'),
     (43029, 1, '2389-7900', 4, 'ACTIVO'),
     (43222, 1, '2427-1300', 4, 'ACTIVO'),
     (43299, 1, '2428 6000', 4, 'ACTIVO'),
     (43430, 1, '6628 1700', 4, 'ACTIVO'),
     (43461, 1, '2331-6790', 4, 'ACTIVO'),
     (43478, 1, '2367-1056', 4, 'ACTIVO'),
     (43553, 1, '2432 0073', 4, 'ACTIVO'),
     (43728, 1, '2277 5100', 4, 'ACTIVO'),
     (43936, 1, '2420 - 3000', 4, 'ACTIVO'),
     (44418, 1, '2389-7900', 4, 'ACTIVO'),
     (44419, 1, '2389-7900', 4, 'ACTIVO'),
     (44460, 1, '2366 4296', 4, 'ACTIVO'),
     (45395, 1, '2379-5100', 4, 'ACTIVO'),
     (45465, 1, '2389 7900', 4, 'ACTIVO'),
     (45814, 1, '7879 4175', 2, 'ACTIVO'),
     (45814, 1, '4080 0639', 3, 'ACTIVO'),
     (45818, 1, '2421 0400', 4, 'ACTIVO'),
     (46232, 1, '2421 0400', 4, 'ACTIVO'),
     (46637, 1, '2389 7900', 4, 'ACTIVO'),
     (46859, 1, '2277 5100', 4, 'ACTIVO'),
     (46866, 1, '2338-9100', 4, 'ACTIVO'),
     (46886, 1, '2389 7900', 4, 'ACTIVO'),
     (47029, 1, '5208 4684', 3, 'ACTIVO'),
     (47084, 1, '2338-9100', 4, 'ACTIVO'),
     (47457, 1, '2238-1154', 4, 'ACTIVO'),
     (47512, 1, '2277 5100', 4, 'ACTIVO'),
     (47620, 1, '2339 5279', 4, 'ACTIVO'),
     (48405, 1, '2238-1154', 1, 'ACTIVO'),
     (48773, 1, '2470 5300', 4, 'ACTIVO'),
     (49069, 1, '2419 1000', 4, 'ACTIVO'),
     (49520, 1, '2389 7900', 4, 'ACTIVO'),
     (49593, 1, '5204 3056', 3, 'ACTIVO'),
     (49995, 1, '2389 7900', 4, 'ACTIVO'),
     (50052, 1, '2389-7900', 4, 'ACTIVO'),
     (50607, 1, '2389 7900', 4, 'ACTIVO'),
     (50843, 1, '2389 7900', 4, 'ACTIVO'),
     (50856, 1, '2389-7900', 4, 'ACTIVO'),
     (51028, 1, '2389 7900', 4, 'ACTIVO'),
     (51303, 1, '2261 0886', 4, 'ACTIVO'),
     (51303, 1, '2261 0888', 4, 'ACTIVO'),
     (51303, 1, '2261 0890', 4, 'ACTIVO'),
     (51355, 1, '2389 7900', 4, 'ACTIVO'),
     (51521, 1, '2277 5100', 4, 'ACTIVO'),
     (51714, 1, '2470 5300', 4, 'ACTIVO'),
     (52125, 1, '4008 5410', 4, 'ACTIVO'),
     (52126, 1, '4008 5410', 4, 'ACTIVO'),
     (52230, 1, '5203 9450', 4, 'ACTIVO'),
     (52301, 1, '2386 3700', 4, 'ACTIVO'),
     (52475, 1, '2335 5076', 4, 'ACTIVO'),
     (52531, 1, '2277-5197', 4, 'ACTIVO'),
     (52560, 1, '2389-7900', 4, 'ACTIVO'),
     (53251, 1, '2386-2000', 4, 'ACTIVO'),
     (53568, 1, '2335 2041', 4, 'ACTIVO'),
     (53568, 1, '2335 2065', 4, 'ACTIVO'),
     (53568, 1, '2335 2262', 5, 'ACTIVO'),
     (53677, 1, '2389-7900', 4, 'ACTIVO'),
     (53989, 1, '5527-6183', 4, 'ACTIVO'),
     (54010, 1, '2389 7900', 4, 'ACTIVO'),
     (54011, 1, '2389 7900', 4, 'ACTIVO'),
     (54103, 1, '2389 7900', 4, 'ACTIVO'),
     (54129, 1, '2421 0400', 4, 'ACTIVO'),
     (54186, 1, '5567 7888', 4, 'ACTIVO'),
     (54212, 1, '2338 9100', 4, 'ACTIVO'),
     (54645, 1, '2389 7900', 4, 'ACTIVO'),
     (54782, 1, '2389 7900', 4, 'ACTIVO'),
     (54856, 1, '7882 5142', 4, 'ACTIVO'),
     (54981, 1, '2277 5197', 4, 'ACTIVO'),
     (55101, 1, '2470-5300', 4, 'ACTIVO'),
     (55189, 1, '2229 6666', 4, 'ACTIVO'),
     (55239, 1, '2366-8230', 4, 'ACTIVO'),
     (55308, 1, '2337-3287', 4, 'ACTIVO'),
     (55310, 1, '2337-3287', 4, 'ACTIVO'),
     (55354, 1, '5202 6048', 4, 'ACTIVO'),
     (55357, 1, '2360 8400', 4, 'ACTIVO'),
     (55385, 1, '4033 2213', 3, 'ACTIVO'),
     (55758, 1, '5318 7442', 4, 'ACTIVO'),
     (55765, 1, '5318 7442', 4, 'ACTIVO'),
     (55825, 1, '2389-7900', 4, 'ACTIVO'),
     (55905, 1, '5889 5866', 3, 'ACTIVO'),
     (56142, 1, '2389-7900', 4, 'ACTIVO'),
     (56195, 1, '2277 5131', 4, 'ACTIVO'),
     (56264, 1, '5510 5039', 3, 'ACTIVO'),
     (56352, 1, '2334-2066', 4, 'ACTIVO'),
     (56445, 1, '2415-9000', 4, 'ACTIVO'),
     (56554, 1, '2474 4216', 4, 'ACTIVO'),
     (57148, 1, '5204 0865', 4, 'ACTIVO'),
     (57384, 1, '2331 5797', 4, 'ACTIVO'),
     (57692, 1, '2389-7900', 4, 'ACTIVO'),
     (57765, 1, '2328 8888', 4, 'ACTIVO'),
     (57808, 1, '2389 7900', 4, 'ACTIVO'),
     (58017, 1, '2389-7900', 4, 'ACTIVO'),
     (58155, 1, '2389 7900', 4, 'ACTIVO'),
     (58194, 1, '2389-7900', 4, 'ACTIVO'),
     (58239, 1, '2389-7900', 4, 'ACTIVO'),
     (58462, 1, '2389 7900', 4, 'ACTIVO'),
     (58567, 1, '2337 2015', 4, 'ACTIVO'),
     (58579, 1, '2389 7900', 4, 'ACTIVO'),
     (58581, 1, '2251 2614', 4, 'ACTIVO'),
     (58581, 1, '2238 3065', 4, 'ACTIVO'),
     (58581, 1, '22203637-9', 4, 'ACTIVO'),
     (58592, 1, '5205 3233', 4, 'ACTIVO'),
     (58659, 1, '7979 3245', 4, 'ACTIVO'),
     (58659, 1, '7979 3249', 4, 'ACTIVO'),
     (58660, 1, '7779 3100', 4, 'ACTIVO'),
     (58661, 1, '7879 3543', 4, 'ACTIVO'),
     (58725, 1, '2389 7900', 4, 'ACTIVO'),
     (58769, 1, '2389 7900', 4, 'ACTIVO'),
     (58797, 1, '2389 7900', 4, 'ACTIVO'),
     (58822, 1, '2389-7900', 4, 'ACTIVO'),
     (58823, 1, '2389-7900', 4, 'ACTIVO'),
     (58824, 1, '2389 7900', 4, 'ACTIVO'),
     (58852, 1, '2389 7900', 4, 'ACTIVO'),
     (58952, 1, '2470 5300', 4, 'ACTIVO'),
     (59016, 1, '7832 3637', 4, 'ACTIVO'),
     (59047, 1, '2379 8900', 4, 'ACTIVO'),
     (59110, 1, '2389 7900', 4, 'ACTIVO'),
     (59202, 1, '2389 7900', 4, 'ACTIVO'),
     (59273, 1, '2389 7900', 4, 'ACTIVO'),
     (59376, 1, '2389 7900', 4, 'ACTIVO'),
     (59409, 1, '2389 7900', 4, 'ACTIVO'),
     (59576, 1, '2389 7900', 4, 'ACTIVO'),
     (59634, 1, '5208 2888', 4, 'ACTIVO'),
     (59701, 1, '2232 7226', 4, 'ACTIVO'),
     (59721, 1, '2338-9100', 4, 'ACTIVO'),
     (59722, 1, '2389 7900', 4, 'ACTIVO'),
     (60059, 1, '2389 7900', 4, 'ACTIVO'),
     (60066, 1, '2389 7900', 4, 'ACTIVO'),
     (60107, 1, '2389 7900', 4, 'ACTIVO'),
     (60117, 1, '2208 1111', 4, 'ACTIVO'),
     (60255, 1, '2389 7900', 4, 'ACTIVO'),
     (60290, 1, '2389 7900', 4, 'ACTIVO'),
     (60366, 1, '2389 7900', 4, 'ACTIVO'),
     (60456, 1, '5030 0493', 4, 'ACTIVO'),
     (60457, 1, '2223 0333', 4, 'ACTIVO'),
     (60598, 1, '5000 9788', 4, 'ACTIVO'),
     (60852, 1, '6646 6244', 4, 'ACTIVO'),
     (60877, 1, '2339 2001', 4, 'ACTIVO'),
     (60878, 1, '2389 7900', 4, 'ACTIVO'),
     (60924, 1, '4723066', 3, 'ACTIVO'),
     (61003, 1, '2389 7900', 4, 'ACTIVO'),
     (61013, 1, '2389 7900', 4, 'ACTIVO'),
     (61146, 1, '2389 7900', 4, 'ACTIVO'),
     (61176, 1, '2389 7900', 4, 'ACTIVO'),
     (61189, 1, '2389 7900', 4, 'ACTIVO'),
     (61300, 1, '2389 7900', 4, 'ACTIVO'),
     (61462, 1, '2389 7900', 4, 'ACTIVO'),
     (61463, 1, '2389 7900', 4, 'ACTIVO'),
     (61474, 1, '5510 5256', 4, 'ACTIVO'),
     (61483, 1, '2389 7900', 4, 'ACTIVO'),
     (61485, 1, '2389 7900', 4, 'ACTIVO'),
     (61500, 1, '2389 7917', 4, 'ACTIVO'),
     (61530, 1, '2389 7900', 4, 'ACTIVO'),
     (61686, 1, '2389 7900', 4, 'ACTIVO'),
     (61948, 1, '2389 7900', 4, 'ACTIVO'),
     (61953, 1, '5401 2698', 3, 'ACTIVO'),
     (62190, 1, '2389 7900', 4, 'ACTIVO'),
     (62239, 1, '2332 1211', 4, 'ACTIVO'),
     (62306, 1, '2360-9897', 4, 'ACTIVO'),
     (62364, 1, '2389 7900', 4, 'ACTIVO'),
     (62565, 1, '2376 3232', 4, 'ACTIVO'),
     (62565, 1, '4393 3273', 3, 'ACTIVO'),
     (62571, 1, '2221-2687', 4, 'ACTIVO'),
     (62575, 1, '2389 7900', 4, 'ACTIVO'),
     (62700, 1, '2389 7900', 4, 'ACTIVO'),
     (62706, 1, '5630 7864', 3, 'ACTIVO'),
     (62760, 1, '503 77491335', 4, 'ACTIVO'),
     (62786, 1, '2000000', 4, 'ACTIVO'),
     (62798, 1, '2208 1111', 4, 'ACTIVO'),
     (62954, 1, '2369 0586', 4, 'ACTIVO'),
     (63007, 1, '2389 7900', 4, 'ACTIVO'),
     (63110, 1, '2389 7900', 4, 'ACTIVO'),
     (63143, 1, '2389 7900', 4, 'ACTIVO'),
     (63246, 1, '2389 7900', 4, 'ACTIVO'),
     (63275, 1, '2389 7900', 4, 'ACTIVO'),
     (63292, 1, '2312 3618', 4, 'ACTIVO'),
     (63292, 1, '4194 2844', 3, 'ACTIVO'),
     (63297, 1, '2382 9900', 4, 'ACTIVO'),
     (63327, 1, '2389 7900', 4, 'ACTIVO'),
     (63342, 1, '2220 0027', 4, 'ACTIVO'),
     (63348, 1, '2220 0027', 4, 'ACTIVO'),
     (63443, 1, '2389 7900', 4, 'ACTIVO'),
     (63446, 1, '2389 7900', 4, 'ACTIVO'),
     (63447, 1, '2389 7900', 4, 'ACTIVO'),
     (63466, 1, '2389 7900', 4, 'ACTIVO'),
     (63475, 1, '2389 7900', 4, 'ACTIVO'),
     (63478, 1, '2389 7900', 4, 'ACTIVO'),
     (63481, 1, '2389 7900', 4, 'ACTIVO'),
     (63486, 1, '2360 8511', 4, 'ACTIVO'),
     (63585, 1, '2338 9100', 4, 'ACTIVO'),
     (63594, 1, '2389 7900', 4, 'ACTIVO'),
     (63620, 1, '6628 3131', 4, 'ACTIVO'),
     (63824, 1, '506022013800', 4, 'ACTIVO'),
     (63833, 1, '2476 7814', 4, 'ACTIVO'),
     (63833, 1, '2476 7815', 4, 'ACTIVO'),
     (63833, 1, '2476 2085', 5, 'ACTIVO'),
     (63846, 1, '2389 7900', 4, 'ACTIVO'),
     (63864, 1, '2389 7900', 4, 'ACTIVO'),
     (63941, 1, '6642 0046', 4, 'ACTIVO'),
     (63948, 1, '5417 2143', 3, 'ACTIVO'),
     (64236, 1, '5859-7547', 4, 'ACTIVO'),
     (64274, 1, '2389 7900', 4, 'ACTIVO'),
     (64370, 1, '2208 1111', 4, 'ACTIVO'),
     (64499, 1, '2389 7900', 4, 'ACTIVO'),
     (64519, 1, '2208 1111', 4, 'ACTIVO'),
     (64574, 1, '2208 1111', 4, 'ACTIVO'),
     (64575, 1, '2208 1111', 4, 'ACTIVO'),
     (64577, 1, '2208 1111', 4, 'ACTIVO'),
     (64658, 1, '2208 1111', 4, 'ACTIVO'),
     (64729, 1, '6642 0046', 4, 'ACTIVO'),
     (64777, 1, '5413 0263', 4, 'ACTIVO'),
     (64788, 1, '5155 2226', 3, 'ACTIVO'),
     (64808, 1, '6642 0046', 4, 'ACTIVO'),
     (64954, 1, '3006 4294', 3, 'ACTIVO'),
     (65040, 1, '2338 9100', 4, 'ACTIVO'),
     (65041, 1, '2338 9100', 4, 'ACTIVO'),
     (65128, 1, '22697182/85', 4, 'ACTIVO'),
     (65151, 1, '5318 7442', 4, 'ACTIVO'),
     (65211, 1, '2205 5700', 4, 'ACTIVO'),
     (65251, 1, '2277 5154', 4, 'ACTIVO'),
     (65376, 1, '4031 7259', 4, 'ACTIVO'),
     (65535, 1, '2429-2929', 4, 'ACTIVO'),
     (65580, 1, '4212 5522', 3, 'ACTIVO'),
     (65594, 1, '2208 1111', 4, 'ACTIVO'),
     (65659, 1, '2422700', 4, 'ACTIVO'),
     (65702, 1, '503 77972725', 4, 'ACTIVO'),
     (66042, 1, '2389 7900', 4, 'ACTIVO'),
     (66066, 1, '2279 8222', 4, 'ACTIVO'),
     (66085, 1, '2389 7900', 4, 'ACTIVO'),
     (66137, 1, '5523 8556', 4, 'ACTIVO'),
     (66167, 1, '2389 7900', 4, 'ACTIVO'),
     (66169, 1, '2389 7900', 4, 'ACTIVO'),
     (66183, 1, '2389 7900', 4, 'ACTIVO'),
     (66186, 1, '2301-5000', 4, 'ACTIVO'),
     (66197, 1, '2311 0400', 4, 'ACTIVO'),
     (66238, 1, '6645-9694', 4, 'ACTIVO'),
     (66298, 1, '2389 7900', 4, 'ACTIVO'),
     (66299, 1, '2389 7900', 4, 'ACTIVO'),
     (66301, 1, '5808 0024', 4, 'ACTIVO'),
     (66305, 1, '2389 7900', 4, 'ACTIVO'),
     (66306, 1, '2389 7900', 4, 'ACTIVO'),
     (66318, 1, '238979000', 4, 'ACTIVO'),
     (66335, 1, '2384 7651', 4, 'ACTIVO'),
     (66401, 1, '2389 7900', 4, 'ACTIVO'),
     (66403, 1, '2427 9500', 4, 'ACTIVO'),
     (66419, 1, '4610 5985', 3, 'ACTIVO'),
     (66439, 1, '2334 6323', 4, 'ACTIVO'),
     (66462, 1, '(506) 24292929', 4, 'ACTIVO'),
     (66511, 1, '4217 0060', 4, 'ACTIVO'),
     (66556, 1, '2337 2654', 4, 'ACTIVO'),
     (66556, 1, '2337 2658', 4, 'ACTIVO'),
     (66593, 1, '2207 2000', 4, 'ACTIVO'),
     (66598, 1, '2384 2311', 4, 'ACTIVO'),
     (66801, 1, '2421 1917', 4, 'ACTIVO'),
     (66803, 1, '2389 7900', 4, 'ACTIVO'),
     (66804, 1, '2389700', 4, 'ACTIVO'),
     (66926, 1, '5155 2226', 3, 'ACTIVO'),
     (66995, 1, '2362 8680', 4, 'ACTIVO'),
     (66996, 1, '2415-9000 ext 1', 4, 'ACTIVO'),
     (66996, 1, '5414-4804', 3, 'ACTIVO'),
     (67017, 1, '2328 8888', 4, 'ACTIVO'),
     (67033, 1, '2208 1111', 4, 'ACTIVO'),
     (67052, 1, '4005 7693', 3, 'ACTIVO'),
     (67067, 1, '5200 1309', 3, 'ACTIVO'),
     (67067, 1, '2442 0585', 1, 'ACTIVO'),
     (67215, 1, '2389 7900', 4, 'ACTIVO'),
     (67217, 1, '2389 7900', 4, 'ACTIVO'),
     (67327, 1, '3006 4835', 3, 'ACTIVO'),
     (67340, 1, '2208-1111', 4, 'ACTIVO'),
     (67396, 1, '2389 7900', 4, 'ACTIVO'),
     (67609, 1, '2289 7900', 4, 'ACTIVO'),
     (67641, 1, '2300 1234', 4, 'ACTIVO'),
     (67765, 1, '2339 9100', 4, 'ACTIVO'),
     (67906, 1, '2389 7900', 4, 'ACTIVO'),
     (67937, 1, '2389 7900', 4, 'ACTIVO'),
     (67938, 1, '2389 7900', 4, 'ACTIVO'),
     (68024, 1, '2389 7900', 4, 'ACTIVO'),
     (68102, 1, '2389 7900', 4, 'ACTIVO'),
     (68127, 1, '3081 2275', 3, 'ACTIVO'),
     (68190, 1, '2389 7900', 4, 'ACTIVO'),
     (68224, 1, '2389 7900', 4, 'ACTIVO'),
     (68328, 1, '3012 4500', 3, 'ACTIVO'),
     (68328, 1, '4096 1365', 3, 'ACTIVO'),
     (68367, 1, '2389 7900', 4, 'ACTIVO'),
     (68374, 1, '2389 7900', 4, 'ACTIVO'),
     (68585, 1, '22389-7900', 4, 'ACTIVO'),
     (68893, 1, '2389 7900', 4, 'ACTIVO'),
     (68898, 1, '2389 7900', 4, 'ACTIVO'),
     (68954, 1, '2389 7900', 4, 'ACTIVO'),
     (68965, 1, '5633 6265', 3, 'ACTIVO'),
     (68966, 1, '5633 6265', 4, 'ACTIVO'),
     (69014, 1, '2389 7900', 4, 'ACTIVO'),
     (69066, 1, '2389 7900', 4, 'ACTIVO'),
     (69077, 1, '2389 7900', 4, 'ACTIVO'),
     (69463, 1, '2389 7900', 4, 'ACTIVO'),
     (69468, 1, '2338 9100', 4, 'ACTIVO'),
     (69474, 1, '2208 1111', 4, 'ACTIVO'),
     (69475, 1, '2208 1111', 4, 'ACTIVO'),
     (69502, 1, '2389 7900', 4, 'ACTIVO'),
     (69514, 1, '2385 5220', 4, 'ACTIVO'),
     (69515, 1, '2389 7900', 4, 'ACTIVO'),
     (69621, 1, '2389 7900', 4, 'ACTIVO'),
     (69645, 1, '5580 0855', 3, 'ACTIVO'),
     (69673, 1, '233891-00', 4, 'ACTIVO'),
     (69708, 1, '2338 9100', 4, 'ACTIVO'),
     (69735, 1, '2232 0507', 4, 'ACTIVO'),
     (69748, 1, '2389 7900', 4, 'ACTIVO'),
     (69749, 1, '2338 9100', 4, 'ACTIVO'),
     (69782, 1, '2290 2200', 4, 'ACTIVO'),
     (69847, 1, '2389 7900', 4, 'ACTIVO'),
     (69889, 1, '2389 7900', 2, 'ACTIVO'),
     (69897, 1, '2389-7900', 4, 'ACTIVO'),
     (69928, 1, '7831 0652', 1, 'ACTIVO'),
     (69928, 1, '5513 5213', 3, 'ACTIVO'),
     (69950, 1, '2389 7900', 4, 'ACTIVO'),
     (70055, 1, '2338 9100', 4, 'ACTIVO'),
     (70063, 1, '2389 7900', 4, 'ACTIVO'),
     (70066, 1, '2389 7900', 4, 'ACTIVO'),
     (70079, 1, '2389 7900', 4, 'ACTIVO'),
     (70094, 1, '4000 8933', 4, 'ACTIVO'),
     (70126, 1, '2389 7900', 4, 'ACTIVO'),
     (70152, 1, '2338 9100', 4, 'ACTIVO'),
     (70168, 1, '6642 0046', 4, 'ACTIVO'),
     (70169, 1, '6642 0046', 4, 'ACTIVO'),
     (70267, 1, '2389 7900', 4, 'ACTIVO'),
     (70315, 1, '2338 9100', 4, 'ACTIVO'),
     (70347, 1, '2222 2222', 2, 'ACTIVO'),
     (70472, 1, '2361 4722', 4, 'ACTIVO'),
     (70600, 1, '2338 9152', 4, 'ACTIVO'),
     (70753, 1, '2389 7900', 4, 'ACTIVO'),
     (70755, 1, '2361-4722', 4, 'ACTIVO'),
     (70758, 1, '5208 3122', 3, 'ACTIVO'),
     (70760, 1, '5208 3122', 4, 'ACTIVO'),
     (70777, 1, '2389 7900', 4, 'ACTIVO'),
     (70827, 1, '5201-3140', 4, 'ACTIVO'),
     (70998, 1, '2360 9747', 4, 'ACTIVO'),
     (71114, 1, '2389 7900', 4, 'ACTIVO'),
     (71145, 1, '2338 9100', 4, 'ACTIVO'),
     (71160, 1, '2389 7900', 4, 'ACTIVO'),
     (71312, 1, '2389 7900', 4, 'ACTIVO'),
     (71337, 1, '2389 7900', 4, 'ACTIVO'),
     (71338, 1, '2389 7900', 4, 'ACTIVO'),
     (71427, 1, '2338 9100', 4, 'ACTIVO'),
     (71437, 1, '2361 4722', 4, 'ACTIVO'),
     (71507, 1, '2338 9100', 4, 'ACTIVO'),
     (71773, 1, '2389 7900', 4, 'ACTIVO'),
     (71839, 1, '2361 4722', 4, 'ACTIVO'),
     (71842, 1, '2361 4722', 4, 'ACTIVO'),
     (71843, 1, '2361 4722', 4, 'ACTIVO'),
     (71870, 1, '2361 4722', 4, 'ACTIVO'),
     (71871, 1, '2361 4722', 4, 'ACTIVO'),
     (71890, 1, '2389 7900', 4, 'ACTIVO'),
     (71907, 1, '2384 5959', 4, 'ACTIVO'),
     (71969, 1, '2389 7900', 4, 'ACTIVO'),
     (71974, 1, '2361 4722', 4, 'ACTIVO'),
     (71975, 1, '236114722', 4, 'ACTIVO'),
     (72013, 1, '2384 5959', 4, 'ACTIVO'),
     (72255, 1, '2362 8680', 4, 'ACTIVO'),
     (72255, 1, '4770 4052', 3, 'ACTIVO'),
     (72256, 1, '2361 8344', 4, 'ACTIVO'),
     (72256, 1, '5547 4808', 3, 'ACTIVO'),
     (72258, 1, '5923-8543', 4, 'ACTIVO'),
     (72261, 1, '2338 9100', 4, 'ACTIVO'),
     (72311, 1, '2389 7900', 4, 'ACTIVO'),
     (72331, 1, '2339 2805', 4, 'ACTIVO'),
     (72331, 1, '2339 2806', 4, 'ACTIVO'),
     (72331, 1, '4215 4913', 3, 'ACTIVO'),
     (72346, 1, '2338 9100', 4, 'ACTIVO'),
     (72359, 1, '2338 9100', 4, 'ACTIVO'),
     (72364, 1, '2291 2000', 4, 'ACTIVO'),
     (72409, 1, '2328 8888', 4, 'ACTIVO'),
     (72413, 1, '2389 7900', 4, 'ACTIVO'),
     (72416, 1, '2332 9100', 4, 'ACTIVO'),
     (72432, 1, '2389 8900', 4, 'ACTIVO'),
     (72459, 1, '2338 9198', 4, 'ACTIVO'),
     (72489, 1, '2389 7900', 4, 'ACTIVO'),
     (72496, 1, '2217 2626', 4, 'ACTIVO'),
     (72568, 1, '2338 9198', 4, 'ACTIVO'),
     (72590, 1, '2365 8728', 4, 'ACTIVO'),
     (72632, 1, '2389 7900', 4, 'ACTIVO'),
     (72677, 1, '2389 7900', 4, 'ACTIVO'),
     (72730, 1, '7926 1102', 4, 'ACTIVO'),
     (72735, 1, '2338 9198', 4, 'ACTIVO'),
     (72766, 1, '3128 7039', 3, 'ACTIVO'),
     (72781, 1, '2389 7900', 4, 'ACTIVO'),
     (72841, 1, '2389 7900', 4, 'ACTIVO'),
     (72874, 1, '5762 9400', 3, 'ACTIVO'),
     (72888, 1, '2338 9100', 4, 'ACTIVO'),
     (72955, 1, '3020 8217', 4, 'ACTIVO'),
     (72982, 1, '2338 9100', 4, 'ACTIVO'),
     (73000, 1, '2389 7900', 4, 'ACTIVO'),
     (73123, 1, '2389 7900', 4, 'ACTIVO'),
     (73203, 1, '2389 7900', 4, 'ACTIVO'),
     (73219, 1, '2389 7900', 4, 'ACTIVO'),
     (73245, 1, '2989 7900', 4, 'ACTIVO'),
     (73259, 1, '5566 2086', 3, 'ACTIVO'),
     (73271, 1, '2389 2955', 4, 'ACTIVO'),
     (73289, 1, '2362 4740', 4, 'ACTIVO'),
     (73302, 1, '2332 0735', 4, 'ACTIVO'),
     (73323, 1, '2328 8888', 4, 'ACTIVO'),
     (73330, 1, '2389 7900', 4, 'ACTIVO'),
     (73333, 1, '2328 8888', 4, 'ACTIVO'),
     (73334, 1, '2328 8888', 4, 'ACTIVO'),
     (73342, 1, '2327 7000', 4, 'ACTIVO'),
     (73352, 1, '2423-0000', 4, 'ACTIVO'),
     (73379, 1, '2338 9100', 4, 'ACTIVO'),
     (73385, 1, '4501 5722', 3, 'ACTIVO'),
     (73399, 1, '2389 7900', 4, 'ACTIVO'),
     (73445, 1, '2389 7900', 4, 'ACTIVO'),
     (73459, 1, '2376 3000', 4, 'ACTIVO'),
     (73462, 1, '2338 9198', 4, 'ACTIVO'),
     (73464, 1, '3008 7935', 3, 'ACTIVO'),
     (73476, 1, '2296 6784', 4, 'ACTIVO'),
     (73484, 1, '2300-3000', 4, 'ACTIVO'),
     (73517, 1, '2303 2000', 4, 'ACTIVO'),
     (73521, 1, '2338 9100', 4, 'ACTIVO'),
     (73557, 1, '2389 7900', 4, 'ACTIVO'),
     (73580, 1, '2389 7900', 4, 'ACTIVO');

INSERT INTO personal_info
    (birthday, sex_type, doc_type, doc_num, doc_emmit, entity_id, entity_type)
VALUES
   (null, 2, 1, 'A1 408156', 1, 267, 1),
   ('1965-08-27', 1, 1, 'A1 700475', 1, 322, 1),
   ('1916-04-30', 1, 1, 'A1 85375', 1, 497, 1),
   ('1943-11-14', 1, 1, 'A1 280807', 1, 500, 1),
   ('1965-08-27', 1, 1, 'A1 700475', 1, 739, 1),
   ('1954-10-19', 1, 1, 'A1 475826', 1, 780, 1),
   (null, 1, 1, 'A1 84288', 1, 998, 1),
   ('1982-06-16', 2, 1, null, null, 1466, 1),
   ('1966-01-14', 2, 1, 'A1 719692', 1, 8083, 1),
   ('1979-06-22', 1, 1, 'A1 1000557', 1, 9671, 1),
   ('1979-02-27', 1, 1, null, null, 9761, 1),
   ('1977-10-01', 2, 1, 'A1 958617', 1, 10433, 1),
   ('1981-01-12', 1, 1, 'A1 1041451', 1, 11691, 1),
   ('1953-11-10', 2, 1, 'A1 479933', 1, 13812, 1),
   ('1938-01-19', 2, 1, 'B 50982', 11, 14541, 1),
   (null, 2, 1, 'A1 492611', 1, 20324, 1),
   ('1955-03-04', 1, 1, 'F 6', 18, 7165, 1),
   ('1979-12-10', 1, 1, 'A1 1008748', 1, 10253, 1),
   ('1933-08-13', 1, 1, 'A1 179515', 1, 27892, 1),
   ('1958-05-03', 2, 1, null, null, 36601, 1),
   ('1984-06-22', 1, 1, 'A1 1137573', 1, 45814, 1),
   (null, 1, 1, 'A1 960153', 1, 46945, 1),
   ('1982-02-13', 1, 1, 'A1 1077400', 1, 52475, 1),
   ('1944-05-31', 2, 1, null, null, 54186, 1),
   ('1987-08-27', 1, 2, 'AP 170743', null, 61953, 1),
   ('1972-02-07', 1, 2, 'AO 458106', null, 64954, 1),
   (null, 1, 1, '2378020071101', 1, 66169, 1),
   (null, 1, 2, 'AM 677405', null, 67327, 1),
   ('1956-04-23', 1, 1, '2621303941905', 482, 68328, 1),
   (null, 1, 1, '2448004800101', null, 68840, 1),
   ('1982-08-19', 2, 1, '2619559930101', null, 69889, 1),
   (null, 1, 1, '1620795590701', null, 70472, 1),
   (null, 2, 1, '2434455710101', null, 70755, 1),
   (null, 2, 1, '2340162480101', null, 70758, 1),
   (null, 2, 1, '2461510720101', 1, 71312, 1),
   (null, 1, 1, '2342284740101', 1, 71839, 1),
   (null, 2, 1, '1907871550101', 1, 71843, 1),
   (null, 2, 1, '2744867330101', 1, 71870, 1),
   (null, 1, 1, '1782796170101', 1, 71871, 1),
   (null, 1, 1, '2444198920101', 1, 71907, 1),
   (null, 1, 1, '1986891440101', 1, 71974, 1),
   (null, 1, 1, '1648571920101', 1, 71975, 1),
   (null, 1, 1, '2295531840101', 1, 72013, 1),
   (null, 1, 1, '1930135170101', 1, 72255, 1),
   (null, 1, 1, '2239316830101', 1, 72256, 1),
   (null, 2, 1, '1814817820101', 1, 72258, 1),
   (null, 1, 1, '2283307420101', 1, 72331, 1),
   ('1992-02-08', 1, 1, '110509030101', 1, 73271, 1);

INSERT INTO addresses
    (address, address_type, entity_id, entity_type, municipality_id, status, zone)
VALUES
    ('Diag. 6, 10-31, Centro Gerencial Las Margaritas, Guatemala', 2, 3, 1, '1', 'ACTIVO', '10'),
     ('Diag. 6, 10-31', 2, 32, 1, '1', 'ACTIVO', '10'),
     ('Diag. 6, 10-65, Of. 301, T I, C G Las Margaritas', 2, 33, 1, '1', 'ACTIVO', '10'),
     ('Diag. 6, 10-65, Of. 301, T I, C G Las Margaritas', 2, 34, 1, '1', 'ACTIVO', '10'),
     ('Diag. 6, 10-65, Of. 301, T I, C G Las Margaritas', 2, 35, 1, '1', 'ACTIVO', '10'),
     ('Diag. 6, 10-65, Of. 301, T I, C G Las Margaritas', 2, 36, 1, '1', 'ACTIVO', '10'),
     ('Diag. 6, 10-65 Torre Centro Gerencial Las Margaritas', 2, 37, 1, '1', 'ACTIVO', '10'),
     ('Diag. 6, 10-01, Centro Gerencial Las Margaritas', 2, 38, 1, '1', 'ACTIVO', '10'),
     ('Diag. 6, 10-31, Centro Gerencial Las Margaritas', 2, 39, 1, '1', 'ACTIVO', '10'),
     ('Diag. 6, 10-01, Centro Gerencial Las Margaritas', 2, 40, 1, '1', 'ACTIVO', '10'),
     ('15 Ave. \"A\" 15-48, Zona 10', 2, 41, 1, '1', 'ACTIVO', '10'),
     ('Diag. 6, 10-01, Centro Gerencial Las Margaritas, Torre II', 2, 42, 1, '1', 'ACTIVO', '10'),
     ('Diag. 6, 10-65, Of. 802, Torre I, Centro Gerencial Las Margaritas', 2, 43, 1, '1', 'ACTIVO', '10'),
     ('DIAGONAL 6 14-01 ZONA 10 CENTRO COMERCIAL LAS MARGARITAS LOC. 1', 2, 57, 1, '1', 'ACTIVO', '10'),
     ('3a. Ave. 12-38 Edificio Paseo Plaza Niv.11', 2, 60, 1, '1', 'ACTIVO', '10'),
     ('Corporate Center IV, 399 Interpace Parkway, Parsippany, NJ 07454-1115', 2, 61, 1, '907', 'ACTIVO', null),
     ('Diag. 6, 10-65, Of. 801, Torre I, Centro Gerencial Las Margaritas', 2, 62, 1, '1', 'ACTIVO', '10'),
     ('41 Calle 6-27', 3, 63, 1, '1', 'ACTIVO', '8'),
     ('Diag. 6, 10-01, CG Las Margaritas, Torre II, Nivel 18 y 19', 2, 64, 1, '1', 'ACTIVO', '10'),
     ('Diag. 6, 10-65, Centro Gerencial Las Margaritas', 2, 65, 1, '1', 'ACTIVO', '10'),
     ('Ave. Hincapié 12-22', 2, 66, 1, '1', 'ACTIVO', '13'),
     ('Diag. 6, 10-01 Centro Gerencial Las Margaritas, Torre II, Nivel 10, Of. 1002-B', 2, 67, 1, '1', 'ACTIVO', '10'),
     ('Diag. 6, 10-31, Centro Gerencial Las Margaritas', 2, 68, 1, '1', 'ACTIVO', '10'),
     ('3a. Calle 3-60', 2, 69, 1, '1', 'ACTIVO', '9'),
     ('3a Calle 3-60', 2, 70, 1, '1', 'ACTIVO', '9'),
     ('3a. Calle 3-60', 2, 89, 1, '1', 'ACTIVO', '9'),
     ('3a. Calle 3-60', 2, 90, 1, '1', 'ACTIVO', '9'),
     ('3a. Calle 3-60', 2, 91, 1, '1', 'ACTIVO', '9'),
     ('Ave. Hincapié 12-22, Z. 13', 2, 92, 1, '1', 'ACTIVO', '13'),
     ('Diag. 6, 10-31, Centro Gerencial Las Margaritas', 2, 94, 1, '1', 'ACTIVO', '10'),
     ('3a. Ave. 12-38 Edificio Paseo Plaza Niv.11', 2, 95, 1, '1', 'ACTIVO', '10'),
     ('3a. Ave. 12-38 Edificio Paseo Plaza Niv.11', 2, 96, 1, '1', 'ACTIVO', '10'),
     ('13 Calle 3-40 Edificio Atlantis', 2, 97, 1, '1', 'ACTIVO', '10'),
     ('Km. 55 Autopista Palín, Escuintla sobre Ruta No. 14', 3, 98, 1, '240', 'ACTIVO', '0'),
     ('Calzada Roosevelt 18-23', 3, 99, 1, '1', 'ACTIVO', '11'),
     ('Diag. 6, 10-65, Centro Gerencial Las Margaritas', 2, 100, 1, '1', 'ACTIVO', '10'),
     ('3a. Calle 3-60', 2, 102, 1, '1', 'ACTIVO', '9'),
     ('Diag. 6, 10-31 Centro Gerencial Las Margaritas', 2, 106, 1, '1', 'ACTIVO', '10'),
     ('Diag. 6, 10-31, Centro Gerencial Las Margaritas', 2, 107, 1, '1', 'ACTIVO', '10'),
     ('13 Calle 13-04, Nivel 13, Edificio Atlantis, Z. 10', 2, 109, 1, '1', 'ACTIVO', '10'),
     ('Km. 30.5 Carr. CA-9 Sur Amatitlán Parque, Ind. Z. Unión', 2, 110, 1, '9', 'ACTIVO', '0'),
     ('Diag. 6, 10-65 Of. 802, Torre I, Centro Gerencial Las Margaritas', 2, 111, 1, '1', 'ACTIVO', '10'),
     ('Avenida Hincapié 12-22 Guatemala,', 2, 113, 1, '1', 'ACTIVO', '13'),
     ('3a. Ave. 12-38 Edificio Paseo Plaza Niv.11', 2, 116, 1, '1', 'ACTIVO', '10'),
     ('51 Calle 15-40, Zona 12', 2, 117, 1, '1', 'ACTIVO', '12'),
     ('Diag. 6, 10-65, Of. 802, Torre I, Centro Gerencial Las Margaritas', 2, 118, 1, '1', 'ACTIVO', '10'),
     ('Diag. 6, 10-65, Centro Gerencial Las Margaritas, Torre 1, Nivel 8 Of. 802', 2, 119, 1, '1', 'ACTIVO', '10'),
     ('Diag. 6, 10-65, Centro Gerencial Las Margaritas', 2, 122, 1, '1', 'ACTIVO', '10'),
     ('Diag. 6, 10-65, Centro Gerencial Las Margaritas', 2, 126, 1, '1', 'ACTIVO', '10'),
     ('Diag. 6, 10-65, Of. 801, Torre I, Centro Gerencial Las Margaritas', 2, 129, 1, '1', 'ACTIVO', '10'),
     ('Diag. 6, 10-65, Of. 801, Torre I, Centro Gerencial Las Margaritas', 2, 130, 1, '1', 'ACTIVO', '10'),
     ('3 avenida 12-38 Edificio Paseo Plaza Nivel 11', 2, 143, 1, '1', 'ACTIVO', '10'),
     ('Diag. 6, 10-01, Centro Gerencial Las Margaritas', 2, 146, 1, '1', 'ACTIVO', '10'),
     ('3a. Ave. 3-21', 2, 162, 1, '1', 'ACTIVO', '9'),
     ('Diag. 29, 00-22, Calzada La Paz', 2, 166, 1, '1', 'ACTIVO', '17'),
     ('D', 2, 171, 1, null, 'ACTIVO', null),
     ('Insulgentes Sur Nol 35-79, Torre II, Piso 8, Col Tlalpan, La Joya C.P. 14000', 2, 174, 1, '1', 'ACTIVO', '17'),
     ('1a. calle 7-69', 2, 179, 1, null, 'ACTIVO', '9'),
     ('Diagonal 6 10-31 zona 10', 2, 181, 1, '1', 'ACTIVO', '10'),
     ('D.', 2, 186, 1, null, 'ACTIVO', null),
     ('Diag. 6, 10-65, Of. 802, Torre I, Centro Gerencial Las Margaritas', 2, 188, 1, '1', 'ACTIVO', '10'),
     ('Diag. 6, 10-65', 2, 190, 1, '1', 'ACTIVO', '10'),
     ('Ciudad', 2, 231, 1, null, 'ACTIVO', null),
     ('Diagonal 6, 13-63', 2, 267, 1, '1', 'ACTIVO', '10'),
     ('D.', 2, 284, 1, '1', 'ACTIVO', '10'),
     ('Diagonal 6 10-30 Edificio Pantaleon', 2, 287, 1, '1', 'ACTIVO', '10'),
     ('16 Calle 1-45', 2, 298, 1, '1', 'ACTIVO', '10'),
     ('Diag 6, 10-01 Torre II, 19 nivel, Centro Gerencial Las Margaritas', 2, 310, 1, '1', 'ACTIVO', '10'),
     ('5301 Wisconsin Ave. NW Suite 700, Washington DC', 2, 318, 1, null, 'ACTIVO', null),
     ('DIAGONAL 6 TORRE 1 OFICINA 1701 10-65 CENTRO GERENCIAL LAS MARGARITAS, GUATEMALA.', 3, 321, 1, '1', 'ACTIVO', '10'),
     ('Diag. 6, 10-31, Edificio Pantaleón', 2, 322, 1, '1', 'ACTIVO', '10'),
     ('Diag. 6, 10-31, Edificio Pantaleón', 2, 323, 1, '1', 'ACTIVO', '10'),
     ('Diagonal 6 10-01', 2, 328, 1, '1', 'ACTIVO', '10'),
     ('Kilómetro 17.5 carretera al Pacífico', 2, 332, 1, '505', 'ACTIVO', '0'),
     ('Diagonal 6 10-65, Centro Gerencial Las Margaritas, Torre I, oficina 802', 1, 345, 1, '1', 'ACTIVO', '10'),
     ('Diagonal 6, 10-65. Centro Gerencial Las Margaritas, Torre I, oficina 802', 1, 350, 1, '1', 'ACTIVO', '10'),
     ('Diagonal 6, 10-31', 2, 355, 1, '1', 'ACTIVO', '10'),
     ('20 Avenida 22-11, Interior Country Club', 2, 368, 1, '1', 'ACTIVO', '11'),
     ('20 Ave. 22-11, Interior Country Club', 2, 380, 1, '1', 'ACTIVO', '11'),
     ('Diag. 6, 10-31, Edificio Pantaleón', 2, 392, 1, '1', 'ACTIVO', '10'),
     ('20 Ave. 20-11, Interior Country Club', 2, 395, 1, '1', 'ACTIVO', '11'),
     ('20 Ave. 20-11, Interior Country Club', 2, 400, 1, '1', 'ACTIVO', '11'),
     ('Diagonal 6 10-65 zona 10 Centro Gerencial Las Margatiras Torre I, Of. 301', 2, 419, 1, null, 'ACTIVO', '10'),
     ('5 calle 3-60 Zona', 1, 465, 1, '1', 'ACTIVO', '1'),
     ('6 AVE. 7-55', 2, 485, 1, null, 'ACTIVO', '10'),
     ('2 Avenida', 2, 492, 1, '1', 'ACTIVO', '10'),
     ('BUFETE OLIVERO', 2, 497, 1, '1', 'ACTIVO', '10'),
     ('BUFETE OLIVERO', 2, 500, 1, '1', 'ACTIVO', '10'),
     ('10av. 12-60', 2, 534, 1, '1', 'ACTIVO', '14'),
     ('Diag. 6, 10-65, Of. 802, Torre I, CG. Las Margaritas', 2, 612, 1, '1', 'ACTIVO', '10'),
     ('Boston, Estados Unidos', 2, 639, 1, null, 'ACTIVO', null),
     ('Dansom Lane, Hull, Hu 8 7DS, Inglaterra', 2, 626, 1, null, 'ACTIVO', null),
     ('Calle El Espino, 100 metros al poniente del Colegio Emilliani, La Ceiba de Guadalupe, El Salvador', 2, 645, 1, null, 'ACTIVO', null),
     ('Diag. 6, 10-65 Of. 802, TI, CG Las Margaritas', 2, 1900, 1, '1', 'ACTIVO', '10'),
     ('3a. Ave. 12-38 Edificio Paseo Plaza Niv.11', 2, 665, 1, '1', 'ACTIVO', '10'),
     ('Bufete Olivero', 2, 686, 1, null, 'ACTIVO', null),
     ('1a. Avenida 12-30, Zona 10', 2, 716, 1, '1', 'ACTIVO', '10'),
     ('Diagonal 6 10-01,  Zona 10 Nivel 19', 2, 733, 1, '1', 'ACTIVO', null),
     ('Diagonal 6, 10-31', 2, 739, 1, '1', 'ACTIVO', '10'),
     ('24 Ave, 16-09, Z. 10', 2, 780, 1, null, 'ACTIVO', '10'),
     ('Diagonal 6 10-65, Torre 1', 2, 784, 1, '1', 'ACTIVO', '10'),
     ('Diagonal 6 10-65, Of.802', 2, 785, 1, '1', 'ACTIVO', '10'),
     ('Diag. 6, 10-65, CGM.', 2, 806, 1, '1', 'ACTIVO', '10'),
     ('46 Calle 18-51', 2, 836, 1, '1', 'ACTIVO', '12'),
     ('-', 2, 861, 1, null, 'ACTIVO', null),
     ('Diagonal 6 13-51', 2, 866, 1, '1', 'ACTIVO', '10'),
     ('8a. Ave 17-25  Residenciales Roosevelt', 2, 883, 1, '1', 'ACTIVO', '7'),
     ('Diagonal 6 10-65 Centro Gerencial Las Margaritas Torre I Nivel 17', 2, 884, 1, '1', 'ACTIVO', '10'),
     ('diagonal 6 10-01 torre II of. 602', 2, 885, 1, '1', 'ACTIVO', '10'),
     ('Diagonal 6 10-01 Torre II, of. 602', 2, 886, 1, '1', 'ACTIVO', '10'),
     ('41 Calle 6-27', 3, 904, 1, '1', 'ACTIVO', '8'),
     ('Diagonal 29 0-22, zona 17, Calzada La Paz, Guatemala.', 2, 907, 1, '1', 'ACTIVO', '17'),
     ('Diag. 6, 10-65, Torre I, Of. 802, C. Gerencial L. Margaritas', 3, 914, 1, '1', 'ACTIVO', '10'),
     ('Km. 127.2 Aldea Santa Cruz,', 3, 915, 1, '284', 'ACTIVO', '0'),
     ('6 AVENIDA, 28-71  CENTRO COMERCIAL GRANAI TOWSON', 2, 926, 1, '1', 'ACTIVO', '11'),
     ('Diag. 6, 10-65, Of. 802, TI, C G Las Margaritas', 3, 43, 1, '1', 'ACTIVO', '10'),
     ('Edificio Terraforte Escazú', 1, 953, 1, null, 'ACTIVO', null),
     ('Diagonal 6 10-31', 2, 997, 1, '1', 'ACTIVO', '10'),
     ('6a. Avenida, Hospital Esperanza, 5o. Nivel', 2, 998, 1, '1', 'ACTIVO', '10'),
     ('Los Próceres. Banco Uno', 2, 1012, 1, '1', 'ACTIVO', '10'),
     ('Avenida Hincapie 26-20', 2, 1019, 1, '1', 'ACTIVO', '13'),
     ('15 avenida 8-26 zona 13', 2, 1062, 1, '1', 'ACTIVO', '13'),
     ('2', 2, 1066, 1, null, 'ACTIVO', null),
     ('12 calle 2-04, Edificio Plaza del Sol Quinto Nivel Oficina 510', 2, 1078, 1, '1', 'ACTIVO', '9'),
     ('Edificio Galerías Reforma', 2, 1097, 1, '1', 'ACTIVO', '9'),
     ('Avenida Hincapié 12-22. Z. 13', 2, 1100, 1, '1', 'ACTIVO', '13'),
     ('2', 2, 1105, 1, null, 'ACTIVO', null),
     ('12 CALLE 21-82 COL. SAN JORGE', 1, 1133, 1, '1', 'ACTIVO', '11'),
     ('Ave. Hincapié 12-22', 2, 1149, 1, '1', 'ACTIVO', '13'),
     ('1a. Ave. 12-16', 2, 1209, 1, '1', 'ACTIVO', '10'),
     ('8a. avenida Res. Roosevelt 17-25', 3, 1235, 1, '1', 'ACTIVO', '7'),
     ('Diagonal 6, 10-65 Centro gerencial las Margaritas nivel 8, oficina 802', 2, 1243, 1, '1', 'ACTIVO', '10'),
     ('Diagonal 6, 10-65 Torre I Nivel 8, Oficina 802', 2, 1271, 1, '1', 'ACTIVO', '10'),
     ('Holanda', 2, 1429, 1, null, 'ACTIVO', null),
     ('Avenida Reforma 15-54', 2, 1448, 1, '1', 'ACTIVO', '9'),
     ('Diag. 6, 10-01, T II CG Las Margaritas', 2, 1461, 1, '1', 'ACTIVO', '10'),
     ('Diag. 6, 10-65, T II CG Las Margaritas', 2, 1463, 1, '1', 'ACTIVO', '10'),
     ('Final 20 Calle, Los Eucaliptos', 1, 1466, 1, '1', 'ACTIVO', '10'),
     ('4a. Ave. 3-68', 3, 1468, 1, '1', 'ACTIVO', '9'),
     ('Diagonal 6, 10-01 zona 10 Centro Gerencial Las Margaritas Torre II Of. 1401-B', 2, 1486, 1, '1', 'ACTIVO', '10'),
     ('Diagonal 6 10-65, CG Las Margaritas Torre II, oficina 1402B', 2, 1600, 1, '1', 'ACTIVO', '10'),
     ('Diagonal 6, 10-65, Centro Gerencial Las Margaritas', 2, 1609, 1, '1', 'ACTIVO', '10'),
     ('48 Calle 15-74', 2, 1618, 1, '1', 'ACTIVO', '12'),
     ('C.G. Las Margaritas Nivel 8 Of.802', 2, 1619, 1, '1', 'ACTIVO', '10'),
     ('Diagonal 6 10-01 Centro Gerencial Las Margaritas Torre II 6to Nivel', 2, 1630, 1, '1', 'ACTIVO', '10'),
     ('Diagonal 6, 10-01, zona 10, CGLM, torre II, 6to nivel', 2, 1660, 1, null, 'ACTIVO', null),
     ('Diagonal 6, 10-01 Zona 10, CGLM Torre II, 6to nivel, Oficina 602', 2, 1683, 1, null, 'ACTIVO', null),
     ('Diagonal 6, 10-65 Torre I, Oficina 802', 2, 1723, 1, '1', 'ACTIVO', '10'),
     ('21 ave. 4-32 zona 11, Calzada Roosevelt, Guatemala, Guatemala.', 3, 1790, 1, null, 'ACTIVO', null),
     ('Diagonal 6, 10-65 Centro gerencial Las Margaritas Torre I Nivel 8 Oficina 801', 2, 1795, 1, '1', 'ACTIVO', '10'),
     ('3a. Ave. Final 20-02, Zona 2 Fca. El Zapote', 2, 1815, 1, '1', 'ACTIVO', '10'),
     ('Diagonal 6, 10-01 Centro Gerencial Las Margaritas Torre II Nivel 19', 2, 1824, 1, '1', 'ACTIVO', '10'),
     ('8 ave. 17-25, Residenciales Roosevelt', 2, 1830, 1, '214', 'ACTIVO', '7'),
     ('0 calle 16-45, Colonia el Maestro', 2, 1887, 1, '1', 'ACTIVO', '15'),
     ('Diag. 6, 10-65, Of. 802, TI, CG Las Margaritas', 2, 1905, 1, '1', 'ACTIVO', '10'),
     ('Diagonal 6, 10-31 zona 10, CGLM of. 602 Torre II,', 2, 1916, 1, null, 'ACTIVO', null),
     ('Diagonal 6, 10-31  CGLM Of. 602, torre II, zona 10', 2, 1922, 1, null, 'ACTIVO', null),
     ('Edificio San Ignacio Torre II apto. 1A', 1, 1985, 1, '1', 'ACTIVO', '10'),
     ('13 Avenida 18-66, Colonia Reformita', 2, 1990, 1, '1', 'ACTIVO', '12'),
     ('15  CALLE \"A\" DIAGONAL 6 EDIFICIO MARIA AMELIA OFICINA 404', 2, 1999, 1, '1', 'ACTIVO', '10'),
     ('2 avenida  5-35 Colonia Concepción Las Lomas', 1, 2009, 1, '1', 'ACTIVO', '16'),
     ('16 AVENIDA 5-12 CARABANCHEL', 1, 2015, 1, '1', 'ACTIVO', '11'),
     ('8a. Avenida 18-01, Gormet Center', 2, 2024, 1, '1', 'ACTIVO', '10'),
     ('Diagonal 6 10-65', 2, 2036, 1, '1', 'ACTIVO', '10'),
     ('Diagonal 6 CGLM Torre II 6to Nivel 10-01', 2, 2040, 1, '1', 'ACTIVO', '10'),
     ('7a. Avenida 5-10, Centro Financiero Torre I, Nivel 8', 2, 2049, 1, '1', 'ACTIVO', '4'),
     ('6 Ave. 7-49', 2, 2071, 1, '1', 'ACTIVO', '10'),
     ('Diagonal 6, 10-01, zona 10 CGLM Torre I, 6 nivel', 2, 2075, 1, null, 'ACTIVO', null),
     ('Diagonal 6, 10-01, zona 10, CGLM, Torre II, 6to nivel', 2, 2086, 1, null, 'ACTIVO', null),
     ('15 Calle 1-04, Zona 10 Céntrica Plaza, Torre I, 5º. Nivel, Oficina 504A', 2, 2099, 1, '1', 'ACTIVO', '10'),
     ('30 Avenida 22-11 \"A\", interior Contry Club.', 2, 2118, 1, '1', 'ACTIVO', '11'),
     ('30 Avenida 22-11 \"A\", interior Contry Club', 2, 2119, 1, '1', 'ACTIVO', '11'),
     ('Diagonal 6 10-31', 2, 2132, 1, '1', 'ACTIVO', '10'),
     ('Diagonal 6 10-01', 2, 2177, 1, null, 'ACTIVO', '1'),
     ('Diagonal 6 10-65', 2, 2178, 1, null, 'ACTIVO', '1'),
     ('Diagonal 6, 10-65 Torre I Oficina 802', 2, 2197, 1, '1', 'ACTIVO', '10'),
     ('Diagonal 6 10-65, Centro Gerencial Las Margaritas', 3, 2238, 1, '1', 'ACTIVO', '10'),
     ('Guatemala, Ciudad', 1, 2353, 1, '1', 'ACTIVO', '1'),
     ('3a. Calle 3-60,', 2, 2386, 1, null, 'ACTIVO', '9'),
     ('Avda. Uruguay 348 Ap. 101 Rivera - Uruguay', 2, 2485, 1, null, 'ACTIVO', null),
     ('C.G.Las Margaritas Torre I Of 802', 2, 2487, 1, '1', 'ACTIVO', '10'),
     ('41 Calle 6-27', 2, 2518, 1, '1', 'ACTIVO', '8'),
     ('Diag. 6, 10''01, Torre II CG Las Margaritas, zona 10', 2, 2590, 1, null, 'ACTIVO', null),
     ('Diagonal 6 10-65 zona 10 Torre I, of. 301', 2, 2682, 1, '1', 'ACTIVO', '10'),
     ('Pánama, Pánama', 2, 2689, 1, null, 'ACTIVO', null),
     ('6a. Avenida 0-66,', 2, 2703, 1, '1', 'ACTIVO', '13'),
     ('Diagonal 6, 10-01, zona 10 Centro Gerencial Las Margaritas Torre II, 6to nivel, oficina 601-B', 2, 2718, 1, null, 'ACTIVO', null),
     ('Diagonal 6 10-65 Torre I, Of. 301', 2, 2740, 1, '1', 'ACTIVO', '10'),
     ('Diagonal 6, 10-01, Torre II CGLM, zona 10, oficina 602', 2, 2789, 1, null, 'ACTIVO', null),
     ('Diagonal 6 10-01', 2, 2844, 1, '1', 'ACTIVO', '10'),
     ('Diagonal 6, 10-01, CGLM, torre II, 6to nivel, Of 602', 2, 2860, 1, '1', 'ACTIVO', '10'),
     ('Diagonal 6, 10-65, Zona 10 C.G. Las Margaritas Torre I, Nivel 8 Of. 802', 2, 2870, 1, null, 'ACTIVO', '10'),
     ('15 AVENIDA \"A\" DIAGONAL 6, 14-44 EDIFICIO MARIA AMELIA OF. 404', 2, 2881, 1, '1', 'ACTIVO', '10'),
     ('RUTA 6, 3-19', 2, 2897, 1, '1', 'ACTIVO', '4'),
     ('4 AVENIDA 13-87', 2, 2901, 1, '1', 'ACTIVO', '14'),
     ('ave reforma 7-62 of. 908 nivel 9 edificio aristos', 2, 2903, 1, '1', 'ACTIVO', '9'),
     ('7 avenida 6-53 of. 76 edicio el tirangulo', 2, 2905, 1, '1', 'ACTIVO', '4'),
     ('22 Avenida 4-63', 3, 2951, 1, '1', 'ACTIVO', '14'),
     ('22 Avenida 4-63', 3, 2952, 1, '1', 'ACTIVO', '14'),
     ('Diagonal 6, 10-01 Centro Gerencial Las Margaritas Torre II Nivel 19', 2, 3052, 1, '1', 'ACTIVO', '10'),
     ('3 AVENIDA 12-38 EDIFICIO PASEO PLAZA NIVEL 11', 2, 3083, 1, '1', 'ACTIVO', '10'),
     ('Diag. 6, 10-65, Of. 301, T I, C G Las Margaritas', 2, 3118, 1, '1', 'ACTIVO', '10'),
     ('Diagonal 6, 10-31 Edificio Pantaleon Centro Gerencial Las Margaritas', 2, 3121, 1, '1', 'ACTIVO', '10'),
     ('Diagonal 6, 10-01, zona 10 CGLM Torre II, 6 nivel', 2, 3144, 1, null, 'ACTIVO', null),
     ('Diagonal 6 10-65, C.G.Las Margaritas Torre I, Of. 802', 2, 3178, 1, '1', 'ACTIVO', '10'),
     ('Diagonal 10-01 Torre II, of. 1901', 2, 3350, 1, '1', 'ACTIVO', '10'),
     ('12 Ave. 12-44, Zona 1, Apto. A', 2, 118, 1, null, 'ACTIVO', null),
     ('Coastal Towe Nine Greenway EEUU', 2, 109, 1, null, 'ACTIVO', null),
     ('14 Ave. 17-31, Z. 4 de Mixco, El Naranjo, Bodega C-3', 2, 122, 1, null, 'ACTIVO', null),
     ('Cr. 6, No. 30 A-30 Bogota, Colombia', 2, 188, 1, null, 'ACTIVO', null),
     ('Diagonal 6, 10-65 zona 10', 2, 3627, 1, null, 'ACTIVO', null),
     ('14ave. 17-31, Zona 4 de Mixco El Naranjo, Bodoga C-3', 2, 119, 1, null, 'ACTIVO', null),
     ('Diagonal 6 10-31', 2, 3692, 1, '1', 'ACTIVO', '10'),
     ('Kilómetro 52.5 Autopista Palín, Palín, Escuintla.', 3, 3726, 1, '128', 'ACTIVO', null),
     ('16 CALLE 12-35', 2, 3786, 1, null, 'ACTIVO', '10'),
     ('Diagonal 6, 10-65 Edificio Centro Gerencial Las Margaritas Torre I Nivel 8 Oficina 802', 2, 3804, 1, '1', 'ACTIVO', '10'),
     ('Bufete Olivero', 2, 3865, 1, '1', 'ACTIVO', '10'),
     ('2 ave. 41-51 zona 12 MMI', 1, 3865, 1, '1', 'ACTIVO', '12'),
     ('Diagonal 6 10-65,', 2, 3871, 1, '1', 'ACTIVO', '10'),
     ('Diagonal 6 10-65,', 2, 3907, 1, null, 'ACTIVO', '10'),
     ('Diagonal 6 10-01 Centro Gerencial Las Margaritas Torre II Nivel 14 Oficina 1401A', 2, 4103, 1, '1', 'ACTIVO', '10'),
     ('7a. Ave. 7-30', 2, 4134, 1, '1', 'ACTIVO', '9'),
     ('Diagonal 6 10-65,', 2, 4191, 1, '1', 'ACTIVO', '10'),
     ('Diagonal 6 10-65', 2, 4417, 1, '1', 'ACTIVO', '10'),
     ('Diagonal 6 10-65', 2, 4420, 1, '1', 'ACTIVO', '10'),
     ('Cobán', 2, 4653, 1, null, 'ACTIVO', null),
     ('dIAGONAL 6', 2, 4695, 1, '1', 'ACTIVO', '10'),
     ('Diagonal 6, 10-65 Centro Gerencial Las Margaritas Torre I Nivel 8 Of. 802', 2, 4704, 1, '1', 'ACTIVO', '10'),
     ('Diagonal 6, 10-01, zona 10, Torre II, 6 nivel', 2, 4740, 1, null, 'ACTIVO', null),
     ('Diag. 6, 10-65, Of. 802, TI, CG Las Margaritas', 2, 4753, 1, '1', 'ACTIVO', '10'),
     ('DIAGONAL 6, 10-65', 2, 4820, 1, '1', 'ACTIVO', '10'),
     ('0 calle Edificio Botticelli Vista Hermosa II 19.94 apartamento 2102', 2, 5094, 1, '1', 'ACTIVO', '15'),
     ('Diagonal 6 10-65,', 2, 5117, 1, '1', 'ACTIVO', '10'),
     ('Diagonal 6 10-65,', 2, 5117, 1, '1', 'ACTIVO', '10'),
     ('2a. avenida 15-55,', 2, 5140, 1, '1', 'ACTIVO', '10'),
     ('2a. Avenida 15-55,', 2, 5141, 1, '1', 'ACTIVO', '10'),
     ('Diagonal 6 10-65', 2, 5146, 1, '1', 'ACTIVO', '10'),
     ('Diagonal 6, 10-01 zona 10, Torre II 6 nivel', 2, 5185, 1, null, 'ACTIVO', null),
     ('Diagonal 6, 10-01 zona 10, Centro Gerencial las Margaritas, Torre II, 6 nivel', 2, 5342, 1, null, 'ACTIVO', null),
     ('Diagonal 6, 10-01 zona Edificio Pantaleon', 2, 5364, 1, '1', 'ACTIVO', '10'),
     ('RUTA 6, 3-19 EFICIO IMISA', 2, 5412, 1, null, 'ACTIVO', '4'),
     ('Km. 10 Carr. al Atlántico', 2, 5440, 1, '1', 'ACTIVO', '17'),
     ('Diagonal 6, 10-31', 2, 5693, 1, '1', 'ACTIVO', '10'),
     ('2a. Avenida 15-55', 2, 5710, 1, '1', 'ACTIVO', '10'),
     ('6 avenida 8-14 zona', 2, 5725, 1, '1', 'ACTIVO', '1'),
     ('Diagonal 6, 10-01 Centro Gerencial Las Margaritas Torre II Nivel 19', 2, 5769, 1, '1', 'ACTIVO', '10'),
     ('Diagonal 6, 10''65 zona 10 CGLM Torre I', 2, 5943, 1, null, 'ACTIVO', null),
     ('Avenida Las Américas 4-52', 2, 5987, 1, '1', 'ACTIVO', '14'),
     ('Diagonal 6 10-65, Torre I, Of. 802', 2, 6040, 1, '1', 'ACTIVO', '10'),
     ('Avenida Las Magonlias # 156 Colonia San Benito San Salvador El SalvadorSr. Ernesto Sol Meza', 2, 6040, 1, null, 'ACTIVO', null),
     ('Diagonal 6, 10-65', 2, 6087, 1, '1', 'ACTIVO', '10'),
     ('22 calle 15-51 Col. Granai III', 1, 6133, 1, '1', 'ACTIVO', '11'),
     ('Diagonal 6, 10-65', 1, 6177, 1, '1', 'ACTIVO', '10'),
     ('0 calle 19-00, VHII', 2, 6353, 1, '1', 'ACTIVO', '15'),
     ('Contacto Miguel Najera', 2, 6353, 1, null, 'ACTIVO', null),
     ('18 AVENIDA \"A\" 8-39', 1, 6365, 1, '1', 'ACTIVO', '15'),
     ('DIAGONAL 6, 10-65 Z. 10', 2, 6411, 1, null, 'ACTIVO', null),
     ('Diagonal 17, 30-30', 2, 6497, 1, '1', 'ACTIVO', '11'),
     ('Diagonal 6, 10-65 zona 10', 2, 6530, 1, null, 'ACTIVO', null),
     ('Diagonal 6, 10-31, Edificio Pantaleón', 2, 6586, 1, '1', 'ACTIVO', '10'),
     ('Avenida Reforma 8-95, local 1', 2, 6609, 1, '1', 'ACTIVO', '10'),
     ('5a avenida 5-55 zona 14 Europlaza, Torre III, nivel 18', 2, 6612, 1, null, 'ACTIVO', null),
     ('15 AV. 14-61', 2, 6626, 1, '1', 'ACTIVO', '14'),
     ('18 Ave. \"A\" 10-89 Vista Hermosa III.', 3, 6666, 1, '1', 'ACTIVO', '15'),
     ('3a Calle 3-60', 5, 6666, 1, '1', 'ACTIVO', '9'),
     ('lsanchez@tecun.net.gt', 4, 6666, 1, null, 'ACTIVO', null),
     ('RUTA 6, 3-19', 2, 6805, 1, '1', 'ACTIVO', '4'),
     ('Diagonal 6 10-65, Of.802', 2, 6822, 1, '1', 'ACTIVO', '10'),
     ('Km 21.5 carretera a Fraijanes Condominio Bosque Escondido, Calle Causarinas casa # 23', 1, 6851, 1, '136', 'ACTIVO', null),
     ('5a. Ave. 5-55, Nivel 17, Torre III, Edificio Euro Plaza', 2, 6993, 1, '1', 'ACTIVO', '14'),
     ('15 AVENIDA 12-01, OAKLAND', 1, 7009, 1, '1', 'ACTIVO', '10'),
     ('Diagonal 6 10-01,', 2, 7021, 1, '1', 'ACTIVO', '10'),
     ('7 avenida 4-90', 2, 7043, 1, '1', 'ACTIVO', '4'),
     ('Diagonal 6 10-65, Of. 802', 2, 7076, 1, '1', 'ACTIVO', '10'),
     ('Diagonal 6 10-65 of.802', 2, 7077, 1, '1', 'ACTIVO', '10'),
     ('Diagonal 6 10-65 Of. 802', 2, 7078, 1, '1', 'ACTIVO', '10'),
     ('Diagonal 6 10-01', 2, 7097, 1, '1', 'ACTIVO', '10'),
     ('Diagonal 6 10-65, Torre I, of. 301', 2, 7163, 1, '1', 'ACTIVO', '10'),
     ('DIAGONAL 6 10-85 CENTRO GERENCIAL LAS MARGARITAS TORRE I OF. 802', 2, 7165, 1, '1', 'ACTIVO', '10'),
     ('14 CALLE 3-51  EDIFICIO MURANO CENTER OF 801', 2, 7228, 1, '1', 'ACTIVO', '10'),
     ('Diagonal 6 10-65, Of. 802', 2, 7275, 1, '1', 'ACTIVO', '10'),
     ('Ruta 6, 3-19', 2, 7320, 1, '1', 'ACTIVO', '4'),
     ('Diagonal 6, 10-65 zona 10', 2, 7381, 1, null, 'ACTIVO', null),
     ('Diagonal 6 10-65 zona 10. Las Margaritas  Of. 802', 2, 7433, 1, '1', 'ACTIVO', '10'),
     ('Diagonal 6 10-65 Centro Gerencial Las Margaritas Torre I Of. 802', 2, 7434, 1, '1', 'ACTIVO', '10'),
     ('Diagonal 6 10-65, Centro Gerencial Las Margaritas Torre I Of. 802', 2, 7458, 1, '1', 'ACTIVO', '10'),
     ('Danson Lane, Hull HU 8, 7 DS, Inglaterra', 1, 7458, 1, null, 'ACTIVO', null),
     ('36 AVENIDA 12-87 COLONIA JARDINES DE LA ASUNCION', 1, 7516, 1, '1', 'ACTIVO', '5'),
     ('Diagonal 6, 10-65', 2, 7584, 1, '1', 'ACTIVO', '10'),
     ('Diagonal 6, 10.65 Torre I nivel 8 oficina 801', 2, 7673, 1, '1', 'ACTIVO', '10'),
     ('Diagonal 6, 10-31,', 2, 7822, 1, '1', 'ACTIVO', '10'),
     ('Diagonal 6 10-65', 2, 7956, 1, '1', 'ACTIVO', '10'),
     ('Diagonal 6 10-65, Centro Gerencial Las Margaritas Torre I Nivel 11', 2, 7988, 1, '1', 'ACTIVO', '10'),
     ('Blvd. Hosp. Militar 15-01 Casa 47 Res. Fátima', 1, 8083, 1, '1', 'ACTIVO', '17'),
     ('Boulevard El Hipodromo No. 103 Colonia San Benito, El Salvador', 2, 8235, 1, null, 'ACTIVO', null),
     ('15 Calle 7-37', 2, 8401, 1, '1', 'ACTIVO', '10'),
     ('7a. calle 19-22, Villas de San José I', 1, 8696, 1, '214', 'ACTIVO', '4'),
     ('Diagonal 6, 10-65', 2, 8712, 1, '1', 'ACTIVO', '10'),
     ('Diagonal 6, 10-31', 2, 8744, 1, '1', 'ACTIVO', '10'),
     ('13 calle 2-60 Edificiio Topacio Azul Nivel 11', 2, 8779, 1, '1', 'ACTIVO', '10'),
     ('Km. 55 Autopista Palin Escuintla Sobre Ruta Nacional 14.', 2, 8824, 1, '128', 'ACTIVO', null),
     ('Diagonal 6, 10-65,', 2, 8876, 1, '1', 'ACTIVO', '10'),
     ('41 Calle 6-27', 2, 8945, 1, '1', 'ACTIVO', '8'),
     ('3a Avenida 12-38Paseo Plaza, 6to Nivel Oficina 603', 2, 8959, 1, '1', 'ACTIVO', '10'),
     ('Diagonal 10-65 Centro Gerencial Las Margaritas Torre I Nievl 8', 2, 9018, 1, '1', 'ACTIVO', '10'),
     ('7a. Avenida 7-33, Zona', 2, 9048, 1, '1', 'ACTIVO', '10'),
     ('Diagonal 6, 10-65', 2, 9049, 1, '1', 'ACTIVO', '10'),
     ('Fundación Chusita Llerandi de Herrera', 2, 9087, 1, '1', 'ACTIVO', '10'),
     ('Diagonal 6 10-01, Centro Gerencial Las Margaritas Torre II Oficina 1201', 2, 9132, 1, '1', 'ACTIVO', '10'),
     ('30 avenida 22-11, interior Country Club Oficina A', 2, 9194, 1, '1', 'ACTIVO', '11'),
     ('Diagonal 6, 10-65', 2, 9224, 1, '1', 'ACTIVO', '10'),
     ('DIAGONAL 6, 10-65', 2, 9416, 1, '1', 'ACTIVO', '10'),
     ('Calzada Roosevelt 14-82,Centro Comercial Galerías Primma Roosevelt San Juan, local 160 D', 2, 9591, 1, '1', 'ACTIVO', '7'),
     ('18 avenida \"a\" 8-39 Vista Hermosa I', 1, 9655, 1, '1', 'ACTIVO', '15'),
     ('diagonal 6 10-65 zona 10 torre I octavo nivel oficina 802.', 2, 9660, 1, '1', 'ACTIVO', null),
     ('Diagonal 6, 10-65, Z. 10, C.G. Las Margaritas Torre I Nivel 17 oficina 1701, Guatemala', 3, 9671, 1, '1', 'ACTIVO', '10'),
     ('6a. Ave. 8-31', 2, 9722, 1, '1', 'ACTIVO', '10'),
     ('Corporación Zuma', 2, 9761, 1, '1', 'ACTIVO', '10'),
     ('Diag. 6, 10-65, Of. 802, CG Las Margaritas', 2, 9784, 1, '1', 'ACTIVO', '10'),
     ('Diag. 6, 10-65, Of. 802, CG Las Margaritas', 2, 9787, 1, '1', 'ACTIVO', '10'),
     ('41 Calle 6-27 Zona 8, ciudad Guatemala.', 2, 9789, 1, null, 'ACTIVO', null),
     ('Km. 10 Carr. al Atlántico', 2, 9803, 1, '1', 'ACTIVO', '17'),
     ('Calzada Roosevelt 14-82 primer nivel exterior, local 160 D, Centro Comercial Galerías Primma', 2, 9805, 1, '1', 'ACTIVO', '7'),
     ('Diagonal 6, 10-31', 2, 9823, 1, '1', 'ACTIVO', '10'),
     ('Diagonal 6 10-31', 2, 9830, 1, '1', 'ACTIVO', '10'),
     ('Diagonal 6, 10-31', 2, 9889, 1, '1', 'ACTIVO', '10'),
     ('14 Calle y 1 Avenida', 2, 9965, 1, '1', 'ACTIVO', '10'),
     ('diagonal 6 10-01, Centro Gerencial las Margaritas, torre II.', 2, 9975, 1, '1', 'ACTIVO', null),
     ('Assenedestraat 4 - 9940 Rieme-Ertvelde  Belgium', 2, 10033, 1, null, 'ACTIVO', null),
     ('Boulevar Rafael Landivar 14-00Bougambilias de Cayala', 1, 10253, 1, '1', 'ACTIVO', '16'),
     ('7 Avenida 7-78, Oficina  209', 3, 8959, 1, '1', 'ACTIVO', '4'),
     ('Diagonal 6, 10-01, Of. 902', 2, 10296, 1, '1', 'ACTIVO', '10'),
     ('Diagonal 6, 10-65 C.G.Las Margaritas, Of.802', 2, 10320, 1, '1', 'ACTIVO', '10'),
     ('Diagonal 6, 10-65 C.G.Las Margaritas Of.802', 2, 10321, 1, '1', 'ACTIVO', '10'),
     ('Diagonal 6, 10-31', 2, 10351, 1, '1', 'ACTIVO', '10'),
     ('7ª. Avenida 11-42', 2, 10409, 1, '1', 'ACTIVO', '10'),
     ('Diagonal 6 10-65 Centro Gerencial Las Margaritas, Torre 1, Oficina 802', 2, 10433, 1, '1', 'ACTIVO', '10'),
     ('Diagonal 6, 10-31', 2, 10509, 1, '1', 'ACTIVO', '10'),
     ('Guatemala, Ciudad', 2, 10779, 1, '1', 'ACTIVO', null),
     ('DIDEA', 2, 10783, 1, '1', 'ACTIVO', '4'),
     ('5a. calle 5-55, Edificio Europlaza 6o. nivel', 2, 10787, 1, '1', 'ACTIVO', '14'),
     ('San José, Costa Rica', 2, 10801, 1, null, 'ACTIVO', null),
     ('4a. Avenida A 13.87', 1, 10833, 1, '1', 'ACTIVO', '14'),
     ('Diagonal 6, 10-31', 2, 11098, 1, '1', 'ACTIVO', '10'),
     ('Diagonal 6, 10-01 zona', 2, 11158, 1, '1', 'ACTIVO', '10'),
     ('Diagonal 6, 10.65', 2, 11205, 1, '1', 'ACTIVO', '10'),
     ('Diagonal 6, 10-65 zona 10 Centro Gerencial Las Margaritas, Torre I, Oficina 1701', 3, 11218, 1, '1', 'ACTIVO', '10'),
     ('Edificio', 2, 11370, 1, null, 'ACTIVO', null),
     ('6a Calle 6-38, Edificio TivoliApartamento 4', 2, 11372, 1, '1', 'ACTIVO', '9'),
     ('Calle', 2, 11374, 1, '1', 'ACTIVO', null),
     ('Diagonal 6, 10-31', 2, 11435, 1, '1', 'ACTIVO', '10'),
     ('Ginamoro, Santa Catarina Pinula', 1, 11498, 1, '1', 'ACTIVO', null),
     ('Diagonal 6 10-65 Centro Gerencial Las Margaritas Torre 1, oficina 802', 2, 11502, 1, '1', 'ACTIVO', '10'),
     ('13 calle 5-50', 2, 11529, 1, '1', 'ACTIVO', '10'),
     ('5a avenida 6-39', 3, 11529, 1, '1', 'ACTIVO', '14'),
     ('Ernst & Young Guatemala', 2, 11669, 1, '1', 'ACTIVO', '10'),
     ('3 Avenida 12-38Edificio Paseo Plaza, of. 603', 2, 11680, 1, '1', 'ACTIVO', '10'),
     ('5a avenida 6-39', 2, 9694, 1, '1', 'ACTIVO', '14'),
     ('Diagonal 6 10-01, Centro Gerencial Las Margaritas Torre II of. 1201', 2, 11691, 1, '1', 'ACTIVO', '10'),
     ('1 calle 7-69', 2, 11810, 1, '1', 'ACTIVO', '9'),
     ('Diagonal 6, 10-65,', 2, 11845, 1, '1', 'ACTIVO', '10'),
     ('Carretera a El SalvadorArrazola', 1, 11864, 1, '422', 'ACTIVO', null),
     ('Diagonal 6, 10-65', 2, 11883, 1, '1', 'ACTIVO', '10'),
     ('Diagonal 6 10-65Centro Gerencial Las MargaritasTorre I, oficina 802', 2, 11926, 1, '1', 'ACTIVO', '10'),
     ('Ciudad', 2, 12164, 1, null, 'ACTIVO', '10'),
     ('48 Calle 21-20, Prados de Monte María', 1, 12203, 1, '1', 'ACTIVO', '12'),
     ('Diagonal 6, 10-65, C.G.Las Margaritas Torre I, Of. 1701', 2, 12214, 1, '1', 'ACTIVO', '10'),
     ('Diagonal 6, 10-65, C.G.Las Margaritas Torre I, Of. 802', 2, 12215, 1, '1', 'ACTIVO', '10'),
     ('Diagonal 6, 10-65, C.G.Las Margaritas Torre I, Of. 802', 2, 12216, 1, '1', 'ACTIVO', '10'),
     ('Apartado 744 San Pedro de Montes de Oca, Costa Rica', 2, 12403, 1, null, 'ACTIVO', null),
     ('Diagonal 6, 10-65', 2, 12448, 1, '1', 'ACTIVO', '10'),
     ('Ruta 4', 2, 12464, 1, '1', 'ACTIVO', '4'),
     ('Edificio Plaza Panamericana, Reforma 9-00', 2, 12475, 1, '1', 'ACTIVO', '9'),
     ('diagonal 6 10-65 zona 10 Centro Gerencial las Margaritas, Torre I, Of. 802.', 2, 12631, 1, null, 'ACTIVO', null),
     ('27 calle B 16-56, Elgin II', 2, 12747, 1, '1', 'ACTIVO', '13'),
     ('zona', 2, 12780, 1, '1', 'ACTIVO', '10'),
     ('Nivel 18 Torre I', 2, 12980, 1, '1', 'ACTIVO', '10'),
     ('Diagonal 6, 10-65, Of. 802', 2, 12999, 1, '1', 'ACTIVO', '10'),
     ('Diagonal 6, 10-65', 2, 13202, 1, '1', 'ACTIVO', '10'),
     ('Diagonal 6, 10-65', 2, 13203, 1, '1', 'ACTIVO', '10'),
     ('Diagonal 6, 10-65', 2, 13204, 1, '1', 'ACTIVO', '10'),
     ('Diagonal 6, 10-65', 2, 13205, 1, '1', 'ACTIVO', '10'),
     ('Diagonal 6, 10-65,  Of.802', 2, 13237, 1, '1', 'ACTIVO', '10'),
     ('7ª Avenida 11-63', 2, 13357, 1, '1', 'ACTIVO', '9'),
     ('Diagonal 6, 10-65, Of. 802', 2, 13412, 1, '1', 'ACTIVO', '10'),
     ('Casa F-1 Residenciales Vista Azul Cuchilla del Carmen', 1, 13531, 1, '422', 'ACTIVO', null),
     ('El Naranjo', 2, 13714, 1, null, 'ACTIVO', '7'),
     ('Diagonal 6, 10-65,  torre I, Of.802', 2, 13717, 1, '1', 'ACTIVO', '10'),
     ('Guatemala', 2, 13786, 1, null, 'ACTIVO', null),
     ('8 Avenida 16-55 zona, Edificio San Ignacio IIApartamento PH-C', 1, 13812, 1, '1', 'ACTIVO', '10'),
     ('24 calle 5-42, 2 nivel', 2, 13832, 1, '1', 'ACTIVO', '11'),
     ('LAS MARGARITAS TORRE II OF. 602', 2, 13898, 1, '1', 'ACTIVO', null),
     ('Diagonal 6, 10-01 Nivel 19', 2, 14023, 1, '1', 'ACTIVO', '10'),
     ('Guatemala, ciudad', 2, 14070, 1, null, 'ACTIVO', null),
     ('Av. Presidente Juarez No. 8 San José, Puente de Vigas, Tlalnepantla, México DF. C.P.54090', 2, 14110, 1, '1', 'ACTIVO', '10'),
     ('Diagonal 6', 2, 14121, 1, '10', 'ACTIVO', '1'),
     ('Diagonal 6 10, 65', 2, 14124, 1, '1', 'ACTIVO', '10'),
     ('Centro Gerencial Las Margaritas Torre II', 2, 14158, 1, '1', 'ACTIVO', '10'),
     ('Diagonal 6, 10-65,', 2, 14178, 1, '1', 'ACTIVO', '10'),
     ('Calle del Espíritu Santo No. 61', 1, 14541, 1, '11', 'ACTIVO', null),
     ('Ciudad', 1, 14632, 1, '1', 'ACTIVO', null),
     ('No establecida', 2, 14649, 1, '1', 'ACTIVO', '10'),
     ('Diagonal 6, 10-65, Torre I, Of 801', 2, 14889, 1, '1', 'ACTIVO', '10'),
     ('Avenida Las Americas 15-79 , adic, 16 calle 00-27', 1, 14904, 1, '1', 'ACTIVO', '14'),
     ('6 AVENIDA 8-87', 1, 14929, 1, '1', 'ACTIVO', '10'),
     ('Diagonal 6, 10-31', 2, 14945, 1, '1', 'ACTIVO', '10'),
     ('Cuarta Avenida 19-04', 2, 14958, 1, '1', 'ACTIVO', '1'),
     ('10 ave. 15-82 zona 10', 2, 15034, 1, '1', 'ACTIVO', null),
     ('Avenida Hincapie 21-67', 1, 15086, 1, '1', 'ACTIVO', '13'),
     ('10 calle 3-55', 1, 15089, 1, '1', 'ACTIVO', '14'),
     ('11 avenida 21-73', 1, 15118, 1, '1', 'ACTIVO', '14'),
     ('Diagonal 6, 10-31', 2, 15165, 1, '1', 'ACTIVO', '10'),
     ('2 CALLE \"C\" 6-47 COLONIA LOURDES', 2, 15188, 1, '1', 'ACTIVO', '17'),
     ('11 Calle 3-16', 2, 15222, 1, '1', 'ACTIVO', '14'),
     ('Avenia Reforma 6-64 Edificio Plaza Corporativa Reforma Torre 4 Of. J-101', 2, 15281, 1, '1', 'ACTIVO', '9'),
     ('Hull, Inglaterra', 2, 15309, 1, null, 'ACTIVO', null),
     ('14 Calle 6-27', 2, 16102, 1, null, 'ACTIVO', null),
     ('Diagonal 6 10-65', 2, 15330, 1, '1', 'ACTIVO', '10'),
     ('Zücherstrasse 156, CH- 8645 Jona, Suiza', 2, 15440, 1, null, 'ACTIVO', null),
     ('Diagonal 6, 10-31,', 2, 15479, 1, '1', 'ACTIVO', '10'),
     ('zona 14', 1, 15497, 1, '1', 'ACTIVO', '14'),
     ('41 calle 6-27 zona 8.', 2, 15546, 1, null, 'ACTIVO', null),
     ('Diagonal 6, 10-01 C.G.L.M, Torre II, 6 nivel', 2, 15596, 1, '1', 'ACTIVO', '10'),
     ('2a. Calle \"A\" 15-97', 1, 15783, 1, '1', 'ACTIVO', '14'),
     ('Avenida Reforma, 9-55Edificio Reforma 10, Nivel 12, Oficina 1202', 2, 15805, 1, '1', 'ACTIVO', '10'),
     ('2', 2, 15816, 1, '1', 'ACTIVO', '14'),
     ('Diagonal 6, 10-65', 2, 15836, 1, '1', 'ACTIVO', '10'),
     ('Km. 10 carretera al Atlantido.', 2, 15861, 1, '1', 'ACTIVO', null),
     ('P. O. Box 744-2050  Costa Rica', 2, 16107, 1, null, 'ACTIVO', null),
     ('Diagonal 6, 10-65 Centro Gerencial Las Margaritas Torre I Nivel 8, oficina 802', 2, 16236, 1, '1', 'ACTIVO', '10'),
     ('Diagonal 6, 13-01 zona 10, Oakland Mall.', 3, 16302, 1, '1', 'ACTIVO', null),
     ('Diagonal 6, 10-01 zona 10 CGLM, Torre II, 6 nivel', 2, 16843, 1, null, 'ACTIVO', null),
     ('14 calle B 12-38', 2, 16886, 1, '1', 'ACTIVO', '10'),
     ('14 avenida 3-05, interior # 1', 2, 16893, 1, '1', 'ACTIVO', '14'),
     ('Oakland Mall', 2, 16964, 1, null, 'ACTIVO', '10'),
     ('Diagonal 6 10-65', 2, 17084, 1, '1', 'ACTIVO', '10'),
     ('Diagonal 6, 10-65, Zona 10 Centro Gerencial Las Margaritas Torre 1 Of. 1701 Nivel 17', 2, 17109, 1, '1', 'ACTIVO', '10'),
     ('41 calle 6-27 zona 8.', 2, 17190, 1, null, 'ACTIVO', null),
     ('Diagonal 6, 10-65, Centro Gerencial Las Margaritas Torre I oficina 1701', 2, 17193, 1, '1', 'ACTIVO', '10'),
     ('Hull, Inglaterra', 2, 17254, 1, null, 'ACTIVO', null),
     ('Diagonal 10-65 Zona 10.', 2, 17325, 1, '1', 'ACTIVO', '10'),
     ('3avenida 13-48', 2, 17341, 1, '1', 'ACTIVO', '10'),
     ('Diagonal 6, 10-65 Torre I Nivel 8, oficina 801 Centro gerencial Las Margaritas', 2, 17363, 1, '1', 'ACTIVO', '10'),
     ('CIUDAD', 2, 17581, 1, '1', 'ACTIVO', null),
     ('3 calle zona 2', 2, 17609, 1, null, 'ACTIVO', null),
     ('Avenida Hincapie 18-05 zona 13', 2, 17928, 1, null, 'ACTIVO', null),
     ('Oakland', 2, 18026, 1, '1', 'ACTIVO', '10'),
     ('51 Eastcheap, LONDRES', 2, 18046, 1, '1', 'ACTIVO', '1'),
     ('CASA', 2, 18071, 1, '1', 'ACTIVO', '10'),
     ('Diagonal 6, 10.65,', 2, 18088, 1, '1', 'ACTIVO', '10'),
     ('Diagonal 6, 10-65', 2, 18121, 1, '1', 'ACTIVO', '10'),
     ('Diagonal 6, 10-65', 2, 18164, 1, '1', 'ACTIVO', '10'),
     ('10 Calle', 2, 18179, 1, '1', 'ACTIVO', '10'),
     ('18  Avenida A 8-20', 1, 18216, 1, '1', 'ACTIVO', '15'),
     ('diagonal 6, 10-01 Centro Gerencial Las Margaritas Torre II Nivel 19 (ADATSA)', 2, 18290, 1, '1', 'ACTIVO', '10'),
     ('San José, Costa Rica', 2, 18558, 1, '1', 'ACTIVO', '1'),
     ('Diagonal 6 10-65, T.I, Of. 1701', 2, 18563, 1, '1', 'ACTIVO', '10'),
     ('41 calle 6-27 zona 8, Guatemala, Guatemala', 2, 18616, 1, null, 'ACTIVO', null),
     ('CARRETERA AL ATLÁNTICO CA-9 NORTE 3-20 ZONA 17 01 GUATEMALA', 3, 18643, 1, '1', 'ACTIVO', null),
     ('DIAGONAL 6, 10-65 CENTRO GERENCIAL LAS MARGARITAS TORRE I NIVEL 17', 2, 18921, 1, '1', 'ACTIVO', '10'),
     ('Estados Unidos', 2, 18820, 1, null, 'ACTIVO', null),
     ('18 avenida 19-39', 2, 18937, 1, '1', 'ACTIVO', '10'),
     ('Europlaza', 2, 18979, 1, '1', 'ACTIVO', '10'),
     ('Diagonal 6, 10-01, CGLM, Torre II, nivel 19', 2, 19131, 1, '1', 'ACTIVO', '10'),
     ('2 CALLE 1-100, ALDEA DON JUSTO', 1, 19133, 1, '136', 'ACTIVO', null),
     ('4 AVENIDA 19-72 ZONA 14', 2, 19239, 1, null, 'ACTIVO', null),
     ('Diagonal 6 10-65', 2, 19415, 1, '1', 'ACTIVO', '10'),
     ('Edificio Moll', 2, 19445, 1, '1', 'ACTIVO', '9'),
     ('13 calle 5-50', 2, 9694, 1, '1', 'ACTIVO', '10'),
     ('8ª. Calle 5-59', 2, 19859, 1, '1', 'ACTIVO', '9'),
     ('Diagonal 6, 10-65, Torre I, Nivel 17', 2, 20324, 1, '1', 'ACTIVO', '10'),
     ('Diagonal 6 10-65 zona 10, C.G. Las Margaritas, Torre I, Nivel 17', 2, 20327, 1, '1', 'ACTIVO', '10'),
     ('Km.63 Carretera CA-2 ruta al Pacífico, rumbo a Santa Lucía Cotzumalguapa / Escuintla', 2, 20422, 1, '1', 'ACTIVO', null),
     ('7a.Calle \"A\" 6a. Avenida , Plaza Cataluña', 2, 20969, 1, '360', 'ACTIVO', '1'),
     ('8a. Avenida, 3-90 Zona 14 Edificio La Rambla Oficina 3.', 2, 21079, 1, '1', 'ACTIVO', null),
     ('5ª. Ave. 15-45, Centro Empresarial Torre I, Nivel 11, Of. 1105', 2, 21112, 1, '1', 'ACTIVO', '10'),
     ('Diagonal 6 10-65 zona 10, Centro Gerencial las Margaritas, Torre I, Oficina 1701.', 2, 21359, 1, null, 'ACTIVO', null),
     ('Diagonal 6, 10-65 Centro gerencial Las Margaritas Torre I Oficina 801', 2, 21771, 1, '1', 'ACTIVO', '10'),
     ('Diagonal 6, 10-65,', 2, 21841, 1, '1', 'ACTIVO', '10'),
     ('Diagonal 6, 10-65, Centro Gerencial Las Margaritas, Torre I, Oficina 1701', 2, 21849, 1, '1', 'ACTIVO', '10'),
     ('Diagonal 6 11-97, Edificio Centro Internaciones 5o Nivel, Of. 502', 2, 22015, 1, '1', 'ACTIVO', '10'),
     ('1633 Broadway, 47th Floor, New York, NY 10019', 2, 22156, 1, '1', 'ACTIVO', '1'),
     ('13 calle 13-25 zona 10', 2, 22532, 1, null, 'ACTIVO', null),
     ('Diagonal 6, 10-65, Torre I, Nivel 17, Of.1701', 1, 23410, 1, '1', 'ACTIVO', '10'),
     ('Ginamoro', 1, 23900, 1, '422', 'ACTIVO', null),
     ('7 Av. 11-63', 2, 23636, 1, '1', 'ACTIVO', '9'),
     ('Diagonal 6- 10-65, Torre I, of.1701', 2, 23832, 1, '1', 'ACTIVO', '10'),
     ('Diagonal 6 10-01  Centro Gerencial Las Margaritas Torre II, 18 nivel', 2, 23924, 1, '1', 'ACTIVO', '10'),
     ('Diagonal 6, 10-01, Centro Gerencial Las Margaritas, Oficina 601', 2, 23997, 1, '1', 'ACTIVO', '10'),
     ('Diagonal 6, 10-31', 2, 24033, 1, '1', 'ACTIVO', '10'),
     ('2', 2, 24157, 1, '1', 'ACTIVO', '10'),
     ('3a. calle 3-60', 2, 24232, 1, null, 'ACTIVO', null),
     ('Diagonal 6, 10-65 zona 10. Centro Gerencial Las Margaritas. Torre I. Décimo Segundo Nivel', 2, 24243, 1, null, 'ACTIVO', null),
     ('Ciudad.', 2, 24297, 1, null, 'ACTIVO', null),
     ('Guatemala', 2, 24317, 1, '10', 'ACTIVO', '1'),
     ('Diagonal 6, 10-65,', 2, 24389, 1, '1', 'ACTIVO', '10'),
     ('Diagonal 6, 10-31', 2, 24588, 1, '1', 'ACTIVO', '10'),
     ('Diagonal 6 10-65, Torre I, Of. 1702', 2, 24643, 1, '1', 'ACTIVO', '10'),
     ('15 Ave. \"A\" 15-48, Ciudad de Guatemala', 1, 24750, 1, '1', 'ACTIVO', '10'),
     ('7avenida 14-56, edificio Tres Reyes Apto.', 2, 24801, 1, '1', 'ACTIVO', '10'),
     ('Diagonal 6, 10-65', 3, 25200, 1, '1', 'ACTIVO', '10'),
     ('4 avenida 22-52 , oficina 1, Edificio Premier Las Américas. zona 14', 2, 25344, 1, '1', 'ACTIVO', '14'),
     ('Diagonal 6, 10-65, Torre I, Of. 17', 2, 25532, 1, '1', 'ACTIVO', '10'),
     ('Diag. 6, 10-65, Nivel 17 Of. 1701, Torre I, Centro Gerencial Las Margaritas', 2, 25694, 1, '1', 'ACTIVO', '10'),
     ('Vista Hermosa', 2, 25720, 1, '1', 'ACTIVO', '15'),
     ('COSTA RICA', 2, 27369, 1, null, 'ACTIVO', null),
     ('Diagonal 6, 10-65, Torre I, Nivel 17', 2, 25890, 1, '1', 'ACTIVO', '10'),
     ('K. 15.5 Carretera V. Canales, Alamedas de V. Flores Z.7 S. Miguel Petapa', 2, 25906, 1, '1', 'ACTIVO', null),
     ('Centro Gerencial Las Margaritas, Torre II, Nivel 19', 2, 26350, 1, '1', 'ACTIVO', null),
     ('Avenida Winston Churchill No. 1100 Distrito Nacional Santo Domingo Republica Dominicana', 2, 26532, 1, null, 'ACTIVO', null),
     ('z10', 2, 26562, 1, '1', 'ACTIVO', null),
     ('Diagonal 6, 10-65', 2, 26642, 1, '1', 'ACTIVO', '10'),
     ('Tecun', 2, 26889, 1, null, 'ACTIVO', '9'),
     ('Avenida Hincapie 12-22', 2, 27197, 1, '1', 'ACTIVO', '13'),
     ('Finca Santa Marta Los Fresnos, KM 27.5 Carretera a San José Pinula', 1, 27892, 1, '348', 'ACTIVO', null),
     ('Optingenstrasse 16, CH-3000 Bern 25 Switzerland', 2, 28072, 1, null, 'ACTIVO', null),
     ('Diagonal 6, 10-65 Centro Gerencial Las Margaritas Torre I Nivel 17, of. 1701', 2, 28219, 1, '1', 'ACTIVO', '10'),
     ('6a. Avenida', 2, 28256, 1, null, 'ACTIVO', '10'),
     ('Diagonal 5, 10-31', 2, 28543, 1, '1', 'ACTIVO', '10'),
     ('Diagonal 6, 10-65', 2, 28791, 1, '1', 'ACTIVO', '10'),
     ('Diagonal 6, 10-65, Centro Gerencial Las Margaritas Torre I Nivel 17 Of. 1701', 2, 29060, 1, '1', 'ACTIVO', '10'),
     ('Edificio World Trade Center Piso 9o. Ciudad de Panamá', 2, 29275, 1, null, 'ACTIVO', null),
     ('Guatemala', 2, 29487, 1, '1', 'ACTIVO', '14'),
     ('7a Avenida 11-42 zona 10 Condominio Las Margaritas', 2, 30263, 1, null, 'ACTIVO', null),
     ('Diagonal 6, 10-31', 2, 30504, 1, '1', 'ACTIVO', '10'),
     ('Diagonal 6, 10-65', 2, 30509, 1, '1', 'ACTIVO', '10'),
     ('Diagonal 6, 10.-65', 2, 30525, 1, '1', 'ACTIVO', '10'),
     ('Km. 16.5 carretera al Salvador, Colinas de Andalucia casa 18.', 1, 30810, 1, null, 'ACTIVO', null),
     ('2 ave. 15-55', 2, 31010, 1, '1', 'ACTIVO', '10'),
     ('Diagonal 6 10-65, Centro Gerencial Las Margaritas, Torre I, 17 nivel', 2, 31327, 1, '1', 'ACTIVO', '10'),
     ('11 avenida 12-74, Condominio Milenia, torre I, 7 nivel, apartamento 703', 1, 31327, 1, '1', 'ACTIVO', '10'),
     ('3 avenida 12-38 Edificio Paseo Plaza Nivel 11', 2, 31479, 1, '1', 'ACTIVO', '10'),
     ('2 CALLE 15-68', 2, 31627, 1, '1', 'ACTIVO', '13'),
     ('Muxbal', 1, 31649, 1, '422', 'ACTIVO', null),
     ('Diagonal 6, 10-65 Nivel 8 Of 801', 2, 31948, 1, '1', 'ACTIVO', '10'),
     ('km.13.5 Aldea Puerta Parada', 2, 32031, 1, '422', 'ACTIVO', '1'),
     ('DIAGONAL 6 10-65, CENTRO GERENCIAL LAS MARGARITAS TORRE I 8° NIVEL', 1, 32423, 1, '1', 'ACTIVO', '10'),
     ('12 Calle \"A\" 10-75', 1, 32448, 1, '1', 'ACTIVO', '15'),
     ('Avenida Reforma 7-62,  Edificio Aristos 4o. nivel', 2, 32456, 1, '1', 'ACTIVO', '9'),
     ('Diagonal 6, 10-65 Centro Gerencial Las Margaritas Torre I Nivel 17 of. 1701', 2, 32571, 1, '1', 'ACTIVO', '10'),
     ('Diagonal 6, 10.65, Torre I, Nivel 17', 2, 32574, 1, '1', 'ACTIVO', '10'),
     ('DIAGONAL 6, 10-01 CENTRO GERENCIAL LAS MARGARITAS TORRE II NIVEL 6', 2, 32724, 1, '1', 'ACTIVO', '10'),
     ('Kilómetro 30.5 Aldea Rabanales Carretera Al Salvador, Fraijanes, Guatemala', 2, 32725, 1, null, 'ACTIVO', null),
     ('dIAGONAL 6, 10.65', 2, 33050, 1, '1', 'ACTIVO', '10'),
     ('Diagonal 6, 10-65', 2, 33199, 1, '1', 'ACTIVO', '10'),
     ('ciudad', 2, 33459, 1, '1', 'ACTIVO', '14'),
     ('3 avenida 12-38 Edificio Paseo Plaza Nivel 11', 2, 33916, 1, '1', 'ACTIVO', '10'),
     ('7a. Avenida 0-20', 2, 33922, 1, '9', 'ACTIVO', '4'),
     ('20 Ave. 3-21 zona 15. Vista Hermosa I.', 1, 34264, 1, null, 'ACTIVO', null),
     ('20 Ave. 3-21 zona 15. Vista Hermosa I. Apartamento C', 1, 34436, 1, '1', 'ACTIVO', '15'),
     ('Diagonal 6, 10.65, Torre II, Nivel 19', 2, 34544, 1, '1', 'ACTIVO', '10'),
     ('Fundacion Chusita', 2, 34547, 1, '1', 'ACTIVO', '10'),
     ('41 Calle 6-24  Guatemala', 2, 34596, 1, null, 'ACTIVO', '8'),
     ('Colombia', 2, 34635, 1, null, 'ACTIVO', null),
     ('DIAGONAL 6, 10-65 CENTRO GERENCIAL LAS MARGARITAS TORRE I OF. 1701', 2, 35124, 1, '1', 'ACTIVO', '10'),
     ('2a avenida manzana 3, lote 52 zona 16 Colonia Montesano, Residenciales Portogrande casa 9', 2, 35178, 1, null, 'ACTIVO', null),
     ('Diagonal 6 10-01 Z. 10 Centro G. Las Marg. T. II Nivel 12 Of. 1201', 2, 35438, 1, '1', 'ACTIVO', '10'),
     ('Ciudad', 2, 35457, 1, null, 'ACTIVO', null),
     ('11 Hawthorn Parkway, Vernon Hills, Illinois60061', 2, 35765, 1, '907', 'ACTIVO', null),
     ('2628 Pearl Road, Medina, Ohio', 2, 35766, 1, '907', 'ACTIVO', null),
     ('Watco House, Filmer Grove, Godalming, Surrey, Reino Unido. GU7 3AL', 2, 35767, 1, null, 'ACTIVO', null),
     ('Bavaria Motors', 2, 35814, 1, '1', 'ACTIVO', '9'),
     ('7ma. Avenida 11-63 . Edificio Galerias España. Oficina \"A\"', 2, 35825, 1, '1', 'ACTIVO', '9'),
     ('41 CALLE 6-27 ZONA 8', 2, 36012, 1, null, 'ACTIVO', null),
     ('7ª. Avenida 11-63 Zona 9', 3, 36084, 1, null, 'ACTIVO', null),
     ('ZONA 10', 2, 36286, 1, '1', 'ACTIVO', '10'),
     ('Diagonal 6, 10-01, Centro Gerencial Las Margaritas, Torre II, nivel 20', 2, 36377, 1, '1', 'ACTIVO', '10'),
     ('GUATEMALA', 1, 36601, 1, '1', 'ACTIVO', '10'),
     ('Avenida Reforma 6-64 zona 9 Edificio Plaza Corporativa Reforma Torre 2 Nivel 7.', 2, 37036, 1, '1', 'ACTIVO', '10'),
     ('6 Ave, 6-63 zona 10, Edificio Sixtino I oficina 507', 2, 37079, 1, '1', 'ACTIVO', null),
     ('Ciudad', 2, 37200, 1, '1', 'ACTIVO', null),
     ('10 avenida 5-05 Casa 14 San Miguel de Capuchinas', 2, 37363, 1, '1', 'ACTIVO', '14'),
     ('Centro Gerencial Las Margaritas Torre I, nivel 18', 2, 37677, 1, null, 'ACTIVO', null),
     ('84', 1, 37721, 1, null, 'ACTIVO', '15'),
     ('Diagonal 6, 10-01 Centro Gerencial Las Margaritas Torre I Nivel 6', 2, 37797, 1, '1', 'ACTIVO', '10'),
     ('Centro Gerencial Las Margaritas', 2, 37836, 1, null, 'ACTIVO', null),
     ('Diagonal 6 10-65, Zona 10, Centro Gerencial Las Margaritas Torre I Oficina 901 \"A\"', 2, 37837, 1, null, 'ACTIVO', null),
     ('AVENIDA REFORMA 12-01 ZONA 10 0FICINA 1503 EDIFICIO REFORMA MONTUFAR.', 2, 37872, 1, null, 'ACTIVO', null),
     ('Avenida El Ferrocarril 19-97 Zona 12 El Cortijo Empresarial, ofibodega 801', 2, 38115, 1, '1', 'ACTIVO', null),
     ('Avenida Reforma 6-64 Edificio Plaza Corporativa Reforma Torre 2 sexto nivel', 2, 20422, 1, null, 'ACTIVO', null),
     ('Diagonal 6, 10-65 zona 10, Centro Gerencial Las Margaritas Torre 1 Nivel 1701, Guatemala', 3, 38827, 1, '1', 'ACTIVO', null),
     ('7a. Avenida 12-23 zona 9 Edificio Etiza 7mo. Nivel, oficina 8B', 2, 38940, 1, null, 'ACTIVO', null),
     ('suiza', 2, 40380, 1, '1', 'ACTIVO', '10'),
     ('Diagonal 6, 10-65 C.G. Las Margaritas, Torre I, oficina 1701', 1, 40381, 1, '1', 'ACTIVO', '10'),
     ('Diagonal 6, 10-65, T.1 Nivel  10', 2, 40496, 1, '1', 'ACTIVO', '10'),
     ('12 calle 1-91, Edificio Almeira, Apartamento 102', 2, 40518, 1, '1', 'ACTIVO', '14'),
     ('5 Avenida 8-35', 2, 40528, 1, '1', 'ACTIVO', '9'),
     ('10 AVENIDA 5-05 CASA 14 LAS CAPUCHINAS', 2, 40574, 1, '1', 'ACTIVO', '14'),
     ('3 avenida 3-21', 2, 41037, 1, '1', 'ACTIVO', '9'),
     ('156 Km 58.8, Caguas, Puerto RicoCP 00727', 2, 41104, 1, '1', 'ACTIVO', '1'),
     ('Diagonal 6, 10-31', 2, 41121, 1, '1', 'ACTIVO', '10'),
     ('Diagonal 6, 10-31', 2, 41132, 1, '1', 'ACTIVO', '10'),
     ('Panamá (Cementos Progreso)', 2, 41530, 1, null, 'ACTIVO', null),
     ('14 calle 12-09 interior I Residenciales El Maestro', 1, 42238, 1, '1', 'ACTIVO', '17'),
     ('Morris Corporate Center IV, 399 Interpace Parkway, PO Box 225, Parisppany, NJ 07454-115', 2, 42287, 1, '1', 'ACTIVO', '1'),
     ('22 avenida 11-00 VISTA HERMOSA III', 2, 42330, 1, '1', 'ACTIVO', '15'),
     ('49 Calle 24-37 zona 12.', 3, 42702, 1, null, 'ACTIVO', null),
     ('ROAD 156 KM 58.8 CAGUAS, PUERTO RICO', 1, 42848, 1, null, 'ACTIVO', null),
     ('3a. calle 3-60', 2, 42934, 1, '1', 'ACTIVO', '9'),
     ('18 Calle 20-25 Apto. A', 1, 43029, 1, '1', 'ACTIVO', '10'),
     ('Km 10 Carretera al Atlantico', 1, 43222, 1, '1', 'ACTIVO', '17'),
     ('3 AVENIDA 12-38 EDIFICIO PASEO PLAZA NIVEL 11', 2, 43299, 1, '1', 'ACTIVO', '10'),
     ('Km. 30.5 Carr. CA-9 Sur Amatitlán Parque, Ind. Z. Unión', 2, 43430, 1, '9', 'ACTIVO', null),
     ('Diagonal 6, 10-65 Zona 10, Centro Gerencial Las Margaritas Torre I Oficina 901 \"A\"', 2, 43461, 1, null, 'ACTIVO', null),
     ('1 AVENIDA 6-19', 1, 43478, 1, '1', 'ACTIVO', '14'),
     ('Diagonal 6, 10-01. Centro Gerencial Las Margaritas, Torre II', 2, 43553, 1, '1', 'ACTIVO', '10'),
     ('VISTA HERMOSA', 2, 43855, 1, '1', 'ACTIVO', '15'),
     ('6 AVENIDA 11-46', 1, 43728, 1, '1', 'ACTIVO', '9'),
     ('7a. Ave. 5-10, Centro Financiero', 2, 43936, 1, '1', 'ACTIVO', '4'),
     ('CLÍNICAS MEDICAS', 2, 44023, 1, '1', 'ACTIVO', '10'),
     ('AVENIDA REFORMA 15-54', 2, 44418, 1, '1', 'ACTIVO', '9'),
     ('AVENIDA REFORMA 15-54', 2, 44419, 1, '1', 'ACTIVO', '9'),
     ('CIUDAD', 2, 44432, 1, '1', 'ACTIVO', '10'),
     ('15 Avenida 12-01 Oakland.', 2, 44460, 1, '1', 'ACTIVO', '10'),
     ('12 calle 1-25 Edificio Géminis 10 Torre Norte Nivel 15', 2, 45395, 1, '1', 'ACTIVO', '10'),
     ('Zona Pradera Torre I, Of. 1407', 2, 45465, 1, '1', 'ACTIVO', '10'),
     ('Inglaterra', 2, 45688, 1, '1', 'ACTIVO', '1'),
     ('5ª. Calle 6-59 sector A-3 Condominio Valle 3 Casa 9', 1, 45814, 1, '214', 'ACTIVO', '8'),
     ('41 Calle 6-27', 2, 45818, 1, '1', 'ACTIVO', '8'),
     ('Guatemala ciudad', 2, 46404, 1, '1', 'ACTIVO', '10'),
     ('Miami', 2, 46082, 1, '1', 'ACTIVO', '14'),
     ('41 CAKKE 06-27', 2, 46232, 1, '1', 'ACTIVO', '8'),
     ('Diagonal 6, 10-31', 2, 46859, 1, '1', 'ACTIVO', '10'),
     ('DIAGONAL 6 10-65', 1, 46637, 1, '1', 'ACTIVO', '10'),
     ('Diagonal 6, 10-01,', 1, 46866, 1, '1', 'ACTIVO', '10'),
     ('zona 9', 2, 46886, 1, null, 'ACTIVO', null),
     ('GUATEMALA', 1, 46945, 1, null, 'ACTIVO', null),
     ('4a Avenida 19-04', 2, 47029, 1, '1', 'ACTIVO', '1'),
     ('DIAGONAL 6, 10-01, TORRE II CENTRO GERENCIAL LAS MARGARITAS', 2, 47084, 1, '1', 'ACTIVO', '10'),
     ('5a. calle 3-51,', 1, 47457, 1, '1', 'ACTIVO', '1'),
     ('Diagonal 6, 10-01 Centro Gerencial Las Margatias Torre II Nivel 10', 2, 47512, 1, '1', 'ACTIVO', '10'),
     ('Avenida El Encinal Tronco 18, Lote 19   El Encinal', 2, 47620, 1, '1', 'ACTIVO', '7'),
     ('Diagonal 6, 10-01 Centro Gerencial Las Margaritas Torre II Nivel 6, of. 602', 2, 48773, 1, '1', 'ACTIVO', '10'),
     ('3a. Avenida y 5a. calle', 1, 48405, 1, '1', 'ACTIVO', '1'),
     ('7a. avenida 12-23, Edificio Etisa, N.2 Of.3H', 2, 49069, 1, '1', 'ACTIVO', '9'),
     ('Edificio AFRA, Avenida Samuel Lewis, República de Panamá', 2, 49142, 1, '1', 'ACTIVO', '1'),
     ('usa', 2, 49211, 1, '1', 'ACTIVO', '1'),
     ('BO', 2, 49520, 1, '1', 'ACTIVO', '10'),
     ('22 avenida 5-29, Vista Hermosa I, apartamento 11 B', 1, 49593, 1, '1', 'ACTIVO', '15'),
     ('', 2, 40518, 1, null, 'ACTIVO', null),
     ('Boulevar Los Próceres 24-69, EMPRESARIAL ZONA PRADERA, TORRE I, NIVEL 14, OFICINA 1407', 2, 49995, 1, '1', 'ACTIVO', '10'),
     ('Diagonal 6, 10-65', 1, 50052, 1, '1', 'ACTIVO', '10'),
     ('Diagonal 6. 10-65', 2, 50607, 1, '1', 'ACTIVO', '10'),
     ('Diagonal 6, 10-65 zona 10 Centro Gerencial Las Margaritas Torre I, Nivel 17 oficina 1701', 2, 50843, 1, null, 'ACTIVO', null),
     ('Diagonal 6, 10-65 Centro Gerencial Las Margaritas Torre I Nivel 10', 2, 50856, 1, '1', 'ACTIVO', '10'),
     ('Ciudad', 2, 51028, 1, null, 'ACTIVO', null),
     ('a', 2, 51274, 1, '1', 'ACTIVO', '10'),
     ('4a. Avenida, calle Santa Luisa Aldea Acatán, Santa Rosita 12-20 zona 16, Guatemala, Guatemala', 1, 51303, 1, null, 'ACTIVO', null),
     ('Zona', 2, 51355, 1, '1', 'ACTIVO', null),
     ('Diagonal 6, 10.31, PANTALEON,S.A.', 2, 51521, 1, '1', 'ACTIVO', '10'),
     ('Diagonal 6, 10-01 Centro Gerencial Las Margaritas Torre II of. 602', 2, 51714, 1, '1', 'ACTIVO', '10'),
     ('guatemala', 1, 52125, 1, '1', 'ACTIVO', '10'),
     ('GUATEMALA', 1, 52126, 1, '1', 'ACTIVO', '10'),
     ('Avenida las Américas 22-23 zona 14', 1, 52301, 1, '1', 'ACTIVO', null),
     ('11 avenida 14-32', 3, 52475, 1, '1', 'ACTIVO', '10'),
     ('Diagonal 6, 14-01', 2, 52475, 1, '1', 'ACTIVO', '10'),
     ('OG PANTALEON', 2, 52531, 1, '1', 'ACTIVO', '10'),
     ('dIAGONAL 6, 10-65', 2, 52560, 1, '1', 'ACTIVO', '10'),
     ('5a. Ave. 5-55, Nivel 17, Torre III, Edificio Euro Plaza', 2, 53251, 1, '1', 'ACTIVO', '14'),
     ('6 avenida 0-60, Torre Profesional 2, oficina 803', 2, 53568, 1, '1', 'ACTIVO', '4'),
     ('Diagonal 6, 10-65, Torre I, Nivel 17, Oficina 1701', 1, 53677, 1, '1', 'ACTIVO', '10'),
     ('ciudad', 1, 53981, 1, '1', 'ACTIVO', '0'),
     ('Ciudad', 2, 53989, 1, null, 'ACTIVO', null),
     ('KM 14.5 Carretera a El Salvador, Centro de Estimulación Temprana Guatemala, Guatemala.', 2, 54010, 1, null, 'ACTIVO', null),
     ('sexta avenida cero guión sesenta de la zona cuatro de esta ciudad, torre dos, octavo nivel of 803', 2, 54011, 1, null, 'ACTIVO', null),
     ('ciudad', 1, 54103, 1, null, 'ACTIVO', null),
     ('41 CALLE 6-27 ZONA 8. Guatemala.', 1, 54129, 1, null, 'ACTIVO', null),
     ('centro comercial los proceres zona diez 2do nivel celular shop', 2, 54186, 1, null, 'ACTIVO', null),
     ('DIAGONAL 6, 10-01 ZONA 10 CG MARGARITAS TORRE II', 2, 54212, 1, '1', 'ACTIVO', '10'),
     ('Diagonal 6, 10-65, Torre I, N.17', 1, 54645, 1, '1', 'ACTIVO', '10'),
     ('Diagonal 6, 10.65, N.17,Of.1701', 1, 54782, 1, '1', 'ACTIVO', '10'),
     ('\"\"', 2, 54782, 1, null, 'ACTIVO', null),
     ('KM. 91.5 GRANJA ROSILU SANTA LUCIA COTZUMALGUAPA, ESCUINTLA', 2, 54856, 1, null, 'ACTIVO', null),
     ('diagonal 6, 10-31,', 1, 54981, 1, '1', 'ACTIVO', '10'),
     ('Boulevard Los Proceres 24-69 Centro Empresarial Pradera Torre I Nivel 15, of. 1506', 2, 55101, 1, '1', 'ACTIVO', '10'),
     ('Diagonal 6, 10-65, Centro Gerencial Las Margaritas Torre I, Nivel 10 Oficina 1001', 2, 55189, 1, '1', 'ACTIVO', '10'),
     ('DIAGONAL 6, NIVEL 8 EIDIFICIO ATRIUM TORRE SUR APTO 505 16-01', 2, 55239, 1, '1', 'ACTIVO', '10'),
     ('diagonal 6', 2, 55247, 1, '1', 'ACTIVO', '10'),
     ('Diagonal 6, 10-65, Z.10, Centro Gerencial Las Margaritas, Torre I, Nivel 17 Of. 1701', 2, 55308, 1, '1', 'ACTIVO', '10'),
     ('2A. AVENIDA 15-55', 2, 55310, 1, '1', 'ACTIVO', '10'),
     ('Avenida Reforma 6-64 zona 9 Edificio Plaza Corporativa Reforma, torre II nivel 7.', 2, 55354, 1, null, 'ACTIVO', null),
     ('Avenida Las Americas 24-80 zona 13', 2, 55357, 1, null, 'ACTIVO', null),
     ('Avenida Reforma 12-01 Local 3-1 Edificio Reforma Montufar zona 10', 2, 55385, 1, null, 'ACTIVO', null),
     ('SSSS', 1, 55673, 1, '1', 'ACTIVO', '4'),
     ('Diagonal 6, 10-65, Torre I, N.17', 2, 55758, 1, '1', 'ACTIVO', '10'),
     ('diagonal 6, 10-65, Torre I, Nivel 17', 1, 55765, 1, '1', 'ACTIVO', '10'),
     ('Ciudad', 2, 55825, 1, null, 'ACTIVO', null),
     ('Antigua Guatemala', 1, 55905, 1, '11', 'ACTIVO', '1'),
     ('diag.6-10-65', 1, 56142, 1, '1', 'ACTIVO', '10'),
     ('Diagonal 6, 10-65 Centro Gerencial Las Margaritas Torre 1, nivel 17', 2, 56195, 1, '1', 'ACTIVO', '10'),
     ('5 Ave. Santa Anita Kilometro 29', 1, 56195, 1, '365', 'ACTIVO', null),
     ('CIUDAD', 2, 56264, 1, '1', 'ACTIVO', '10'),
     ('7A. avenida 6-53 El Triangulo Nivel 13', 2, 56352, 1, '1', 'ACTIVO', '4'),
     ('6a. avenida 7-49', 1, 56445, 1, '1', 'ACTIVO', '10'),
     ('Km. 9.5 CArretera a el Salvador.', 1, 56541, 1, '1', 'ACTIVO', null),
     ('17 calle 29-45, bodega 9', 2, 56554, 1, '1', 'ACTIVO', '12'),
     ('Diagonal 6, 10-65, Torre I, N.17', 5, 57148, 1, '1', 'ACTIVO', '10'),
     ('9 calle la Montaña 14-43 Zona 16', 2, 57384, 1, '1', 'ACTIVO', null),
     ('Diagonal 6, 10-65', 2, 57692, 1, '1', 'ACTIVO', '10'),
     ('3ra 3-60', 1, 57765, 1, '1', 'ACTIVO', '9'),
     ('zona 10', 1, 57794, 1, '1', 'ACTIVO', '10'),
     ('diagonal 6, 10-65, Torre I, N.17', 1, 57808, 1, '1', 'ACTIVO', '10'),
     ('diagonal 6, 1065', 2, 58017, 1, '1', 'ACTIVO', '10'),
     ('DIAGONAL 6 12-42,  EDIFICIO DESIGN CENTER, TORRE I, NIVEL 12 OFICINA 1203', 1, 58155, 1, '1', 'ACTIVO', '10'),
     ('Diagonal 6, 10-65 Centro Gerencial Las Margaritas Torre 1 Nivel 17', 2, 58194, 1, '1', 'ACTIVO', '10'),
     ('Diagonal 6 10-65 Centro Gerencial Las Margaritas Torre I Nivel 17', 2, 58239, 1, '1', 'ACTIVO', '10'),
     ('ciudad', 2, 58462, 1, null, 'ACTIVO', null),
     ('16 calle 8-41, Las Conchas Casa 54', 2, 58567, 1, '1', 'ACTIVO', '14'),
     ('CG Las Margaritas Torre I of. 1701', 2, 58579, 1, null, 'ACTIVO', null),
     ('11 avenida 1-47', 1, 58581, 1, '1', 'ACTIVO', '1'),
     ('11 Avenida 15-17,', 1, 58592, 1, '1', 'ACTIVO', '10'),
     ('4ta. Calle Of. 10, Edificio Quinto 10-10', 2, 58659, 1, '510', 'ACTIVO', '1'),
     ('Kilómetro 177 Carretera CA-2', 3, 58660, 1, '428', 'ACTIVO', null),
     ('1a. Calle Colonia El Relicario 3-36', 2, 58661, 1, '211', 'ACTIVO', '2'),
     ('Diagonal 6, 10-65, zona 10 T. II oficina 1402B', 2, 58725, 1, null, 'ACTIVO', null),
     ('Diagonal 6 10-65 Centro G. Las Margaritas T. 1 Nivel 17', 2, 58769, 1, '1', 'ACTIVO', '10'),
     ('20 calle 16-21', 2, 58797, 1, '1', 'ACTIVO', '10'),
     ('11 Avenida 15-17,', 2, 58822, 1, null, 'ACTIVO', '10'),
     ('11 Avenida 15-17,', 2, 58823, 1, null, 'ACTIVO', '10'),
     ('11 Avenida 15-17,', 2, 58824, 1, null, 'ACTIVO', '10'),
     ('CIUDAD', 2, 58852, 1, null, 'ACTIVO', null),
     ('23 calle 10-00 zona 4 Condado Naranjo, Mixco, Guatemala.', 3, 58952, 1, '1', 'ACTIVO', '10'),
     ('Barrio Santo Domingo, Casa No.10', 2, 59016, 1, '11', 'ACTIVO', null),
     ('DIAGONAL 6', 2, 59047, 1, '1', 'ACTIVO', '10'),
     ('Santa Lucía Cotzumalguapa', 2, 59110, 1, null, 'ACTIVO', null),
     ('Diag. 6, 10-65, Centro Gerencial Las Margaritas T. I Niv. 17 Of. 1701', 2, 145, 1, '1', 'ACTIVO', '10'),
     ('Diag. 6 10-65 zona 10', 2, 59202, 1, null, 'ACTIVO', null),
     ('Ciudad', 2, 59273, 1, null, 'ACTIVO', null),
     ('CIUDAD', 2, 59376, 1, null, 'ACTIVO', null),
     ('29 calle 14-60 Colonia La Libertad', 2, 59409, 1, '1', 'ACTIVO', '13'),
     ('Dansom Lane, Hull, HU8 7DS, United Kingdom', 2, 59576, 1, null, 'ACTIVO', null),
     ('Ave. Ferrocarril 19-97 zona 12 El cortijo I, Bodega 805-B', 3, 59634, 1, '1', 'ACTIVO', '12'),
     ('10a. calle 7-16 zona 1', 2, 59701, 1, '1', 'ACTIVO', '1'),
     ('Diagonal 6 10-65, zona 10 Centro Gerencial Las Margaritas, Torre I, Nivel 17, Oficina 1701 Guatemala', 3, 59721, 1, '1', 'ACTIVO', '10'),
     ('DIAGONAL 6 10-65 ZONA 10 CGLM TORRE I NIVEL 17', 2, 59722, 1, null, 'ACTIVO', null),
     ('16 CALLE 7-30', 2, 60059, 1, '1', 'ACTIVO', '14'),
     ('Diagonal 6 10-65', 2, 60066, 1, '1', 'ACTIVO', '10'),
     ('Diagonal 6 10-26, Oficina 901, Edificio Plaza La República Nivel 09', 2, 60107, 1, '1', 'ACTIVO', '10'),
     ('Diagonall 6 10-01', 2, 60117, 1, '1', 'ACTIVO', '10'),
     ('Guatemala, Guatemala', 2, 60255, 1, null, 'ACTIVO', null),
     ('Oficinas de Cementos Progreso', 2, 60290, 1, null, 'ACTIVO', null),
     ('Diag. 6 10-65', 2, 60366, 1, '1', 'ACTIVO', '10'),
     ('Diagonal 6, 10-65', 1, 60456, 1, '1', 'ACTIVO', '10'),
     ('7 Avenida 22-77', 1, 60457, 1, '1', 'ACTIVO', '1'),
     ('Ciudad', 2, 60598, 1, null, 'ACTIVO', null),
     ('6 AVENIDA 9-08', 1, 60877, 1, '1', 'ACTIVO', '9'),
     ('FINCA LAS DELICIAS ALDEA DE LAS TAPIAS', 1, 60878, 1, '1', 'ACTIVO', '18'),
     ('9 calle 25-50 zona 14 Condominio Las Azaleas II, casa 7', 3, 60924, 1, '1', 'ACTIVO', '14'),
     ('7 AVENIDA 7-33', 1, 61003, 1, '1', 'ACTIVO', '9'),
     ('Diagonal 6 10-65 zona 10 CG Las Margaritas Torre I of 1701', 1, 61013, 1, null, 'ACTIVO', null),
     ('Diag. 6 10-65 zona 10', 2, 61146, 1, '1', 'ACTIVO', '10'),
     ('15 calle B 7-33 zona 13 Colonia Aurora I, Guatemala', 2, 61176, 1, '1', 'ACTIVO', '13'),
     ('7 AVENIDA 7-33 6TO NIVEL', 2, 61189, 1, '1', 'ACTIVO', '9'),
     ('Diagonal 6 10-65', 2, 61300, 1, '1', 'ACTIVO', '10'),
     ('Costa Rica', 1, 61356, 1, '1', 'ACTIVO', '1'),
     ('Diagonal 6 10-65', 1, 61462, 1, '1', 'ACTIVO', '10'),
     ('Duagonal 6 10-65', 1, 61463, 1, '1', 'ACTIVO', '10'),
     ('Ciudad.', 2, 61474, 1, '1', 'ACTIVO', '10'),
     ('10a. calle 11-60 zona 14 Ofibodega #8', 2, 61483, 1, null, 'ACTIVO', null),
     ('diagonal 6 10-65', 2, 61500, 1, '1', 'ACTIVO', '10'),
     ('Guatemala', 2, 61530, 1, '1', 'ACTIVO', null),
     ('Diagonal 6, 10-65 zona 10, Centro Gerencial Las Margaritas, torre 1 nivel 17 oficina 1701', 2, 61686, 1, '1', 'ACTIVO', '10'),
     ('Diagonal 6 10-65 CGLM Torre I n.17', 2, 61948, 1, '1', 'ACTIVO', '10'),
     ('SDF', 2, 61953, 1, '1', 'ACTIVO', '10'),
     ('DIAG. 6 10-65', 2, 62190, 1, '1', 'ACTIVO', '10'),
     ('DIAGONAL 3, 10-31', 2, 62239, 1, '1', 'ACTIVO', '10'),
     ('Ciudad', 2, 62306, 1, null, 'ACTIVO', null),
     ('17 Avenida Ofi. 1207 Edificio Torino Nivel 12 19-70', 2, 62364, 1, '1', 'ACTIVO', '10'),
     ('CAPSA', 2, 62565, 1, null, 'ACTIVO', null),
     ('1a. calle D 1-12, zona', 2, 62571, 1, '1', 'ACTIVO', '1'),
     ('Diagonal 6 10-65 CGLM Torre I nivel 17', 2, 62575, 1, '1', 'ACTIVO', '10'),
     ('DIAGONAL 6 10-65 ZONA 10 CENTRO GERENCIAL LAS MARGARITAS TORRE I, NIVEL 17', 2, 62700, 1, null, 'ACTIVO', null),
     ('5 Avenida 5-55, Europlaza, Torre 1, Nivel 16, Oficina 1601', 2, 62706, 1, '1', 'ACTIVO', '14'),
     ('El Salvador', 1, 62760, 1, null, 'ACTIVO', null),
     ('salvadoreña', 2, 62786, 1, '1', 'ACTIVO', '10'),
     ('Diagonal 6, torre II nivel 6, Centro Gerencial Las Margaritas 10-01 zona 10.', 3, 62798, 1, null, 'ACTIVO', null),
     ('1 calle 23-07, Vista Hermosa II', 1, 62954, 1, '1', 'ACTIVO', '15'),
     ('Diagonal 6 10-65', 2, 63007, 1, '1', 'ACTIVO', '10'),
     ('Diagonal 6, 13-63 El Porton', 2, 63110, 1, '1', 'ACTIVO', '10'),
     ('10 Avenida 5-05 casa número 14 Colonia Las Capuchinas.', 3, 63143, 1, '1', 'ACTIVO', '14'),
     ('CIUDAD', 2, 63246, 1, null, 'ACTIVO', null),
     ('KM 8.5 CARRETERA A MUXBAL EDIFICIO CUPERTINO TERCER NIVEL OFICINA 3B', 2, 63327, 1, '1', 'ACTIVO', '10'),
     ('ciudad', 2, 63275, 1, '1', 'ACTIVO', '12'),
     ('Ciudad', 1, 63292, 1, null, 'ACTIVO', null),
     ('Diagonal 6 10-65 zona 10 Centro Gerencial Las Margaritas, Torre 1 Nivel 11', 2, 63297, 1, '1', 'ACTIVO', '10'),
     ('7a. calle 0-45', 1, 63348, 1, '1', 'ACTIVO', '1'),
     ('Diag. 6', 2, 63443, 1, '1', 'ACTIVO', '10'),
     ('Diag. 6', 2, 63446, 1, '1', 'ACTIVO', '10'),
     ('Avenida Reforma 6-39, Centro Corporativo Guayacan, 6to nivel, oficina 601', 2, 63447, 1, '1', 'ACTIVO', '10'),
     ('Diagonal 6 Nivel 6', 2, 63466, 1, '1', 'ACTIVO', '10'),
     ('TECUN', 2, 63475, 1, '1', 'ACTIVO', '10'),
     ('Ciudad', 2, 63481, 1, null, 'ACTIVO', null),
     ('Centro FInaciero BI Torre 2 Nivel 11', 2, 63486, 1, '1', 'ACTIVO', '4'),
     ('C.G.Las Margaritas T.II N.19', 2, 63585, 1, '1', 'ACTIVO', '10'),
     ('C.G.Las Margaritas, T.1 N.17', 2, 63594, 1, '1', 'ACTIVO', '10'),
     ('Km. 17.5 Carretera a Amatitlán, Villa Nueva', 2, 63620, 1, '505', 'ACTIVO', null),
     ('San José, Escazú, Centro Corporativo Plaza Roble, Edificio Los Balcones, cuarto piso.', 2, 63824, 1, null, 'ACTIVO', null),
     ('41 calle 18-67', 2, 63833, 1, null, 'ACTIVO', '12'),
     ('Zona 14', 2, 63846, 1, '1', 'ACTIVO', '14'),
     ('ciudad', 2, 63864, 1, '1', 'ACTIVO', '10'),
     ('Km. 8.5 carretera vieja a Muxbal Santa Catarina Pinula, Guatemala', 3, 63941, 1, null, 'ACTIVO', null),
     ('Ciudad', 1, 63948, 1, null, 'ACTIVO', null),
     ('Diagonal 6, 10-01, CGLM, T II Nivel 6', 2, 63954, 1, '1', 'ACTIVO', '10'),
     ('.3a. Ave. 12-38 Edificio Paseo Plaza Niv.11, Z. 10', 3, 63986, 1, null, 'ACTIVO', null),
     ('Asistente de Finanzas, CEMPRO', 2, 64083, 1, null, 'ACTIVO', null),
     ('0', 2, 64236, 1, '1', 'ACTIVO', '10'),
     ('Diagonal 6 10-65 CGLM Torre I nivel 17', 2, 64274, 1, '1', 'ACTIVO', '10'),
     ('DIAGONAL 6 10-01 ZONA 10, CENTRO GERENCIAL LAS MARGARITAS TORRE II NIVEL 6 OFICINA 602.', 3, 64370, 1, '1', 'ACTIVO', null),
     ('-', 2, 64403, 1, '1', 'ACTIVO', '1'),
     ('Digaonal 6 10-65', 2, 64499, 1, '1', 'ACTIVO', '10'),
     ('Diag. 6 10-01 zona 10 Centro Gerencial Las Margaritas, Torre II, Nivel 6, Guatemala, Guatemala.', 3, 64519, 1, null, 'ACTIVO', null),
     ('1', 1, 64548, 1, '1', 'ACTIVO', '1'),
     ('Diagonal 6, 10-01 zona 10, Centro Gerencial Las Margaritas Torre II Nivel 6, Guatemala, Guatemala.', 3, 64574, 1, null, 'ACTIVO', null),
     ('Diagonal 6, 10-01 zona 10 Centro Gerencial Las Margaritas Torre II Nivel 6, Guatemala, Guatemala.', 3, 64575, 1, null, 'ACTIVO', null),
     ('Diagonal 6, 10-01 zona 10, Centro Gerencial Las Margaritas, Torre II Nivel 6, Guatemala, Guatemala.', 3, 64577, 1, null, 'ACTIVO', null),
     ('12 calle 6-36 zona 10 Edificio Santa María apartamento 3E, Guatemala, Guatemala', 3, 64613, 1, '1', 'ACTIVO', '10'),
     ('Diagonal 6 10-65 zona 10 Centro Gerencial Las Margaritas Torre I Nv. 17, Guatemala.', 3, 64658, 1, null, 'ACTIVO', null),
     ('Km. 8.5 carretera vieja a Muxbal Santa Catarina Pinula, Guatemala.', 3, 64729, 1, null, 'ACTIVO', null),
     ('kilómetro 8.6 Antigua Carretera a El Salvador C.C. Muxbal, Torre Oeste, Oficina 1101, Guatemala.', 1, 64777, 1, '1', 'ACTIVO', null),
     ('22 calle 15-14', 2, 64788, 1, '1', 'ACTIVO', '13'),
     ('Ciudad', 3, 64808, 1, null, 'ACTIVO', null),
     ('15 Avenida 17-39, zona 6 Lotificación La Franja, La Pedrera.', 2, 64824, 1, null, 'ACTIVO', null),
     ('Diag.6 10-02', 1, 65040, 1, '1', 'ACTIVO', '10'),
     ('11 calle 19-09 Vista Hermosa 3, Edificio Villas del Valle', 1, 64954, 1, '1', 'ACTIVO', '15'),
     ('Diag. 6, 10-02', 2, 65041, 1, '1', 'ACTIVO', '10'),
     ('Casa Margarita', 2, 65128, 1, '1', 'ACTIVO', '10'),
     ('Diagonal 6. 10-65, Torre I, N.17', 2, 65151, 1, '1', 'ACTIVO', '10'),
     ('Boulevard Los Próceres 24-69 Empresarial Zona Pradera torre II oficina 311', 3, 65211, 1, '1', 'ACTIVO', '10'),
     ('Diagonal 6, 10-01, Of. 1002B', 2, 65251, 1, '1', 'ACTIVO', '10'),
     ('1', 2, 65330, 1, '1', 'ACTIVO', null),
     ('123', 2, 65341, 1, '1', 'ACTIVO', '1'),
     ('Diagonal 6', 2, 65376, 1, '1', 'ACTIVO', '10'),
     ('2', 2, 65478, 1, '1', 'ACTIVO', '10'),
     ('Costa Rica', 2, 65535, 1, null, 'ACTIVO', null),
     ('15 CALLE 3-21', 1, 65580, 1, '1', 'ACTIVO', '10'),
     ('7a. Calle Paseo Miraflores 21-55 zona 11, Guatemala.', 3, 65594, 1, null, 'ACTIVO', null),
     ('15 calle 3-21', 2, 65659, 1, '1', 'ACTIVO', '10'),
     ('Salvadoreño', 2, 65702, 1, '1', 'ACTIVO', '0'),
     ('1', 2, 66034, 1, '1', 'ACTIVO', '1'),
     ('Ciudad', 2, 66042, 1, null, 'ACTIVO', null),
     ('Diagonal 6, Centro Gerencial Las Margaritas, 10-65 zona 10, Torre I, nivel 17, oficina 1701', 3, 66066, 1, '1', 'ACTIVO', '10'),
     ('El Salvador', 2, 66085, 1, null, 'ACTIVO', null),
     ('11', 2, 66120, 1, '1', 'ACTIVO', '11'),
     ('FG', 2, 66167, 1, null, 'ACTIVO', null),
     ('Diagonal 6 10-65', 2, 66169, 1, '1', 'ACTIVO', '10'),
     ('Suiza', 2, 66183, 1, null, 'ACTIVO', null),
     ('21 AVENIDA 7-90 ZONA 11, MIRAFLORES, GUATEMALA', 3, 66186, 1, null, 'ACTIVO', null),
     ('6a. Avenida', 2, 66197, 1, '1', 'ACTIVO', '10'),
     ('Kilómetro 19.5, Carretera a Pavón, Calle Cipreses, Condominio Jardines de Arrazola, Casa numero 1-56', 2, 66238, 1, '136', 'ACTIVO', null),
     ('Suiza', 2, 66298, 1, null, 'ACTIVO', null),
     ('Suiza', 2, 66299, 1, null, 'ACTIVO', null),
     ('Siriusdreef 14, 2132WT Hoofddorp, The Netherlands', 2, 66305, 1, null, 'ACTIVO', null),
     ('Siriusdreef 14, 2132WT Hoofddorp, The Netherlands', 2, 66306, 1, null, 'ACTIVO', null),
     ('San Ignacio II', 1, 66318, 1, '1', 'ACTIVO', '10'),
     ('4 CALLE 23-80 ZONA 14, BODEGA I', 1, 66335, 1, '1', 'ACTIVO', '14'),
     ('CIUDAD', 2, 66340, 1, null, 'ACTIVO', null),
     ('San José, Costa Rica', 2, 66401, 1, null, 'ACTIVO', null),
     ('Avenida Reforma 6-39', 2, 66403, 1, '1', 'ACTIVO', '10'),
     ('catorce avenida 11-50', 2, 66419, 1, '1', 'ACTIVO', '10'),
     ('1calle 7-69 apto 1009', 1, 66439, 1, '1', 'ACTIVO', '9'),
     ('Costa Rica', 1, 66462, 1, null, 'ACTIVO', null),
     ('7a. avenida 11-63 zona 9. sotano', 2, 66511, 1, null, 'ACTIVO', null),
     ('1', 2, 66528, 1, '1', 'ACTIVO', '1'),
     ('amanda@opcionesinternacional.com', 4, 66556, 1, null, 'ACTIVO', null),
     ('20 calle 19-98 zona 10', 2, 66556, 1, '1', 'ACTIVO', null),
     ('Ave. Reforma 9-55 Zona 10, Edif. Reforma 10 Nivel 12 Oficina 1202', 3, 66570, 1, null, 'ACTIVO', null),
     ('Avenida Reforma 9-55 Edificio Reforma 10, nivel 9, oficina 904', 3, 66593, 1, '1', 'ACTIVO', '10'),
     ('3ra Avenida 13-78 zona 10 Citibank Tower 8vo nivel', 2, 66598, 1, '1', 'ACTIVO', '10'),
     ('Alameda Jacaranda 21-00', 2, 66801, 1, '1', 'ACTIVO', '16'),
     ('G', 2, 66803, 1, '1', 'ACTIVO', '10'),
     ('G', 2, 66804, 1, '1', 'ACTIVO', '10'),
     ('Kilometro 15.5 carretera a El Salvador Condado Concepción local 254, Santa Catarina Pinula', 1, 66926, 1, '422', 'ACTIVO', null),
     ('CIUDAD', 2, 66944, 1, null, 'ACTIVO', null),
     ('6° avénida, 8-71, zona 10, Clínicas Herrera Llerandi Sur, clinica 9-10', 2, 66995, 1, '1', 'ACTIVO', null),
     ('6 Avenida 7-55 zona 10 Clínicas Herrera Llerandi Norte, Clinica del Sótano', 2, 66996, 1, '1', 'ACTIVO', null),
     ('3ra. Calle 3-60 zona 9', 3, 67017, 1, null, 'ACTIVO', null),
     ('Plaza Fontabella', 2, 67052, 1, '1', 'ACTIVO', '10'),
     ('30 CALLE 9-23, ZONA 11', 1, 67067, 1, '1', 'ACTIVO', null),
     ('Ave. Las Américas 18-81 zona 14 Edificio Columbus Center Of. 1004', 2, 67097, 1, null, 'ACTIVO', null),
     ('SAN CRISTOBAL', 2, 67215, 1, '214', 'ACTIVO', '8'),
     ('Diagonal 6 10-65', 2, 67217, 1, '1', 'ACTIVO', '10'),
     ('Top Tee, Cardales de Cayalá', 2, 67327, 1, null, 'ACTIVO', null),
     ('41 calle 6-27', 2, 67396, 1, '1', 'ACTIVO', '8'),
     ('GUATEMALA', 2, 67609, 1, null, 'ACTIVO', null),
     ('AV. LAS AMÉRICAS, 8-42, ZONA 13, EDIFICIO AMÉRICAS 10, 5TO NIVEL, OFICINA 501', 2, 67641, 1, '1', 'ACTIVO', '13'),
     ('Centro Gerencial Las Margaritas, Torre 2, nivel 19', 2, 67765, 1, '1', 'ACTIVO', '10'),
     ('2', 2, 67820, 1, '1', 'ACTIVO', '14'),
     ('CGLA Torre I', 2, 67906, 1, '1', 'ACTIVO', '10'),
     ('Chile', 2, 67937, 1, null, 'ACTIVO', null),
     ('Chile', 2, 67938, 1, null, 'ACTIVO', null),
     ('Blvd. Los Próceres, 24-69 Empresarial Zona Pradera, Torre IV, 4 Nivel, Of. 207-408, Z. 10', 2, 68024, 1, '1', 'ACTIVO', '10'),
     ('Diagonal 6 10-65', 2, 68102, 1, '1', 'ACTIVO', '10'),
     ('Diagonal 6, 14-01 Centro Comercial Las Margaritas, Local 1', 2, 68127, 1, '1', 'ACTIVO', '10'),
     ('Diagonal 6 10-65', 2, 68190, 1, '1', 'ACTIVO', '10'),
     ('Diagonal 6, 10-65, Centro Gerencial Las Margaritas, Torre I, Nivel 17, Oficina 1701, Zona 10', 2, 68224, 1, null, 'ACTIVO', null),
     ('Residencial Villa de Estanzuela casa número 12', 1, 68328, 1, '133', 'ACTIVO', null),
     ('Panamá', 2, 68367, 1, null, 'ACTIVO', null),
     ('Diagonal 6, 10-65 zona 10', 2, 68374, 1, null, 'ACTIVO', null),
     ('Diagonal 6, 10-65', 2, 63478, 1, '1', 'ACTIVO', '10'),
     ('Avenida Reforma, 9-55 zona 10 Edificio Reforma 10, oficina 904,', 1, 68585, 1, '1', 'ACTIVO', null),
     ('6TA AV. 9-26, ZONA 4', 1, 68840, 1, null, 'ACTIVO', null),
     ('Estados Unidos', 2, 68893, 1, null, 'ACTIVO', null),
     ('Diagonal 6 10-65', 2, 68898, 1, '1', 'ACTIVO', '10'),
     ('Corregimiento de Bella Vista, Dtto. de Panamá, República de Panamá,Edificio Mallol & Mallol,1er piso', 3, 68954, 1, null, 'ACTIVO', null),
     ('diagonal 6, 10-31 zona 10', 2, 68965, 1, '1', 'ACTIVO', null),
     ('DIAGONAL 6 10-31, ZONA 10', 2, 68966, 1, '1', 'ACTIVO', null),
     ('DIAGONAL, 6', 1, 69014, 1, null, 'ACTIVO', '10'),
     ('Ciudad', 2, 69020, 1, null, 'ACTIVO', null),
     ('Ciudad', 2, 69066, 1, null, 'ACTIVO', null),
     ('Diagonal 6 10-65 CGLM', 2, 69077, 1, '1', 'ACTIVO', '10'),
     ('.Diagonal 6, 10-01 zona 10, Centro Gerencial Las Margaritas, Torre II Nivel 6, Guatemala, Guatemala.', 3, 69078, 1, null, 'ACTIVO', null),
     ('3A. CALLE 19-24, ZONA 15, VISTA HERMOSA I, GUATEMALA', 3, 31327, 1, '1', 'ACTIVO', '15'),
     ('Diagonal 6 10-65', 2, 69463, 1, '1', 'ACTIVO', '10'),
     ('Diagonal 6, 10-01 Torre 2  Centro Gerencial Las Margaritas, Nivel 19', 2, 69468, 1, '1', 'ACTIVO', '10'),
     ('DIAGONAL 6, 10-01 ZONA 10, CENTRO GERENCIAL LAS MARGARITAS, TORRE II NIVEL 6, GUATEMALA, GUATEMALA', 3, 69474, 1, null, 'ACTIVO', null),
     ('Diagonal 6, 10-01 zona 10, Centro Gerencial Las Margaritas, Torre II Nivel 6, Guatemala, Guatemala.', 3, 69475, 1, null, 'ACTIVO', null),
     ('Kilómetro 52.5 Autopista Palín, Palín, Escuintla.', 3, 69502, 1, null, 'ACTIVO', null),
     ('6a. AVENIDA 16-24', 2, 69514, 1, '1', 'ACTIVO', '10'),
     ('D', 2, 69515, 1, '1', 'ACTIVO', '10'),
     ('Ruta al Atlántico km. 10', 3, 9803, 1, '1', 'ACTIVO', '17'),
     ('KM. 15.5 CARRETERA AL ATLANTICO, LOTIFICACIÓN SAN PASCUAL, LOTE 8, ZONA 17', 1, 69621, 1, '1', 'ACTIVO', null),
     ('Calzada Atanasio Tzul 22-00 zona 11, El Cortijo 2, of 409', 2, 69645, 1, '1', 'ACTIVO', '11'),
     ('14 calle 16-95 Jacarandas de Cayalá', 2, 69673, 1, '1', 'ACTIVO', '15'),
     ('15 avenida 18-01', 2, 69708, 1, '1', 'ACTIVO', '6'),
     ('10 CALLE 7-16', 2, 69735, 1, '1', 'ACTIVO', '1'),
     ('Diagonal 6 10-65 CGLM Torre I', 2, 69748, 1, '1', 'ACTIVO', '10'),
     ('Diag. 6,10-65 Nivel 11', 1, 69749, 1, '1', 'ACTIVO', '10'),
     ('Lote 55 Monte María, Aldea  El Pajón', 2, 69782, 1, '422', 'ACTIVO', null),
     ('20 CALLE, 3-63, ZONA 10,', 2, 69847, 1, '1', 'ACTIVO', null),
     ('lOTE 101 MZ. A SECTOR B-7 ZONA 8, SAN CRISTOBAL', 1, 69889, 1, '214', 'ACTIVO', null),
     ('4ta av. 2-89, Balcones de San Cristobal, Zona 8', 1, 69897, 1, '214', 'ACTIVO', null),
     ('Diagonal 6, 10-65, Centro Gerencial Las Margarias, Torre I, Nivel 17', 2, 69928, 1, null, 'ACTIVO', null),
     ('Ciudad', 2, 69950, 1, null, 'ACTIVO', null),
     ('Diag. 6 10-01 Edificio Centro Gerencial Las Margaritas Torre II Nivel 6 Of. 602,', 2, 70017, 1, '1', 'ACTIVO', '10'),
     ('Diag. 6 10-01 Edificio Centro Gerencial Las Margaritas Torre II Nivel 6 Oficina 602', 2, 70018, 1, '1', 'ACTIVO', '10'),
     ('20 calle A 8-50', 1, 70055, 1, '1', 'ACTIVO', '10'),
     ('Blvd. Los Próceres, 24-69 Empresarial Zona Pradera, Torre IV, 4 Nivel, Of. 207-408, Z. 10', 2, 70063, 1, '1', 'ACTIVO', '10'),
     ('Blvd. Los Próceres, 24-69 Empresarial Zona Pradera, Torre IV, 4 Nivel, Of. 207-408', 2, 70066, 1, '1', 'ACTIVO', '10'),
     ('Diag. 6 1-65 CGLM Torre I nivel 17', 3, 70079, 1, '1', 'ACTIVO', '10'),
     ('8va Calle 5-31 Zona 4', 2, 70094, 1, null, 'ACTIVO', null),
     ('Diagonal 6 10-65', 2, 70126, 1, '1', 'ACTIVO', '10'),
     ('Ciudad', 2, 70152, 1, null, 'ACTIVO', null),
     ('Diagonal 6 Centro Gerencial Las Margaritas Torre 1 nivel 17 oficina 1701 10-65 z10.', 3, 70168, 1, null, 'ACTIVO', null),
     ('Diag. 6 10-65 zona 10 CGLM TI Nivel 17 Of 1701', 2, 70169, 1, null, 'ACTIVO', null),
     ('Diag. 6 10-01 CGLM, Torre II nivel 18 y 19', 2, 4281, 1, null, 'ACTIVO', null),
     ('Diagonal 6 10-65 zona 10, Centro Gerencial Las Margaritas, Torre I, nivel 17, of 1701', 3, 4281, 1, null, 'ACTIVO', null),
     ('Diagonal 6 10-65 zona 10 CGLM Torre I', 2, 70267, 1, '1', 'ACTIVO', '10'),
     ('Diag. 6, 10-01 zona 10, Centro Gerencial Las Margaritas Torre II, Niel 6, Of. 602', 1, 70312, 1, null, 'ACTIVO', '10'),
     ('7a. Av. 5-10, Torre 2, Nivel 11, of.6 Edificio Centro Financiero', 2, 70315, 1, '1', 'ACTIVO', '4'),
     ('15 avenida 18-01, Z. 6', 3, 70347, 1, null, 'ACTIVO', null),
     ('6ª. Avenida 8-71, Zona 10, clínica no. 3, Edificio Clínicas Herrera LLerandi Sur', 2, 70472, 1, '1', 'ACTIVO', null),
     ('20 calle A 8-50', 2, 70600, 1, '1', 'ACTIVO', '10'),
     ('6 AVE. 7-55', 3, 70619, 1, '1', 'ACTIVO', '10'),
     ('6a.  Avenida 9-45', 1, 70753, 1, '1', 'ACTIVO', '10'),
     ('Clínica número 3, ubicada en el Edificio Clínicas Herrera Llerandi Norte ubicado en6ª. Avenida 7-55', 2, 70755, 1, '1', 'ACTIVO', null),
     ('6ª. Avenida 7-55 zona 10, Edificio de Clínicas Herrera Llerandi Norte clínica # 3.', 2, 70758, 1, null, 'ACTIVO', null),
     ('6ª. Avenida 7-55 zona 10, Edificio de Clínicas Herrera Llerandi Norte clínica # 3.', 2, 70760, 1, '1', 'ACTIVO', null),
     ('C.G. Las Margaritas, Torre I, N.17', 1, 70777, 1, '1', 'ACTIVO', '10'),
     ('Diagonal 6- 10-65', 2, 70827, 1, null, 'ACTIVO', null),
     ('8 CALLE 6-33', 2, 70998, 1, '1', 'ACTIVO', '9'),
     ('38 AVenida Norte, No. 1312, Barrio  Lourdes, San SAlvador, El Salvador.', 2, 71114, 1, null, 'ACTIVO', null),
     ('Centro Gerencial Las Margaritas, Torre I, Nivel 11', 2, 71145, 1, '1', 'ACTIVO', '10'),
     ('18 CALLE 3-25 EDIFICIO VITRA NIVEL 8', 2, 71160, 1, '1', 'ACTIVO', '14'),
     ('Diagonal 6 10-65 Centro Gerencial Las Margaritas', 2, 71312, 1, '1', 'ACTIVO', '10'),
     ('Diagonal 6 10-65 zona 10, Centro Gerencial Las Margaritas, Torre I, nivel 17 of. 1701', 2, 71337, 1, null, 'ACTIVO', null),
     ('Centro Gerencial Las Margaritas, T.I. N.17', 2, 71338, 1, '1', 'ACTIVO', '10'),
     ('Ciudad', 2, 71387, 1, null, 'ACTIVO', null),
     ('Centro Gerencial Las Margaritas, T.I, N.12', 2, 71427, 1, '1', 'ACTIVO', '10'),
     ('Diagonal 6, 10-65, Torre I, N.12', 2, 71507, 1, '1', 'ACTIVO', '10'),
     ('Dirección en factura: 6ª. AVENIDA 7-55, ZONA 10 GUATEMALA', 3, 71437, 1, '1', 'ACTIVO', null),
     ('Dirección de envío de factura: 6ta. Avenida 7-55 zona 10, Edificio de  Clínicas Herrera Llerandi No', 2, 71437, 1, '1', 'ACTIVO', null),
     ('Centro Gerencial Las Margaritas, N.17, Of.1701', 1, 71773, 1, '1', 'ACTIVO', '10'),
     ('Clínica no. 7, Edificio Clinicas Herrera Llerandi Sur 6ta av. 8-71, zona 10', 2, 71839, 1, '1', 'ACTIVO', null),
     ('clinica 7, Edificio Clínica Herrera Llerandi Norte, ubicada en la 6ta av. 7-55, zona 10', 2, 71842, 1, '1', 'ACTIVO', null),
     ('CLÍNICA #2, EDIFICIO CLÍNICAS HERRERA LLERANDI SUR, 6TA AV. 8-71 ZONA 10', 2, 71843, 1, '1', 'ACTIVO', null),
     ('Clinica no. 2, Edificio Clínicas Herrera Llerandi Norte, 6° av. 7-55, zona 10', 2, 71870, 1, '1', 'ACTIVO', null),
     ('Clinica no. 1-B, Edificio Clínicas Herrera Llerandi Norte, 6° av. 7-55, zona 10', 2, 71871, 1, '1', 'ACTIVO', null),
     ('Diagonal 6 10-65', 1, 71890, 1, '1', 'ACTIVO', '10'),
     ('clínica número uno guion A (1-A) ubicada en el Edificio Clínicas Herrera Llerandi Norte, ubicado en', 2, 71907, 1, '1', 'ACTIVO', null),
     ('Diagonal 6 10-65', 2, 71969, 1, '1', 'ACTIVO', '10'),
     ('Clínica 4, Edificio Clinicas Herrera Llerandi Sur, 6ta av., 8-71, zona 10', 2, 71974, 1, '1', 'ACTIVO', null),
     ('Clínica no.18, ubicada 2do nivel del Edificio Clínicas Herrera LLerandi Norte,  6ta av. 7-55, zona 1', 2, 71975, 1, '1', 'ACTIVO', null),
     ('Clínica 9-10C, Edificio Clínicas Herrera LLerandi Sur, sta. av. 8-71, zona 10', 2, 72013, 1, '1', 'ACTIVO', null),
     ('Clínica 9-10 A Edificio Clinicas Herrera LLerandi Sur, 6ta av. 8-71 zona 10', 2, 72255, 1, '1', 'ACTIVO', null),
     ('Clínica no. 1, edificio Clínicas Herrera LLerandi Sur, 6ta av. 8-71, zona 10', 2, 72256, 1, '1', 'ACTIVO', null),
     ('Ciudad', 2, 72258, 1, '1', 'ACTIVO', null),
     ('Diagonal 6, 10-65, C.G.Las Margaritas, Torre I, nivel 11', 3, 72261, 1, '1', 'ACTIVO', '10'),
     ('zona 10', 2, 72264, 1, '1', 'ACTIVO', '10'),
     ('Diagonal 6 10-65', 2, 72286, 1, '1', 'ACTIVO', '10'),
     ('Costa Rica', 2, 72311, 1, null, 'ACTIVO', null),
     ('Clínica no. 4, Edificio Clínicas Herrera LLerandi Norte, 6ta av. 7-55, zona 10', 2, 72331, 1, '1', 'ACTIVO', null),
     ('CIUDAD', 2, 72346, 1, null, 'ACTIVO', null),
     ('C.G.Las Margaritas, T.I, N.12', 2, 72359, 1, '1', 'ACTIVO', '10'),
     ('Km. 37.35 Carretera  San Vicente Pacaya, Parque Industrial, Michatoya, Palin, Escuintla', 3, 72364, 1, '240', 'ACTIVO', null),
     ('Tecun, S. A.', 2, 72409, 1, '1', 'ACTIVO', '9'),
     ('Diag 6 10-65', 1, 72413, 1, '1', 'ACTIVO', '10'),
     ('30 calle 10-40, Casa #3, Colonia El Bosque', 2, 72416, 1, '1', 'ACTIVO', '12'),
     ('C.G. Las Margaritas, T.I, N.17Abuelita de Juan Carlos Velásquez', 2, 72432, 1, '1', 'ACTIVO', '10'),
     ('Bufete Olivero', 2, 72440, 1, '1', 'ACTIVO', '10'),
     ('9A. avenida 20-83', 2, 72459, 1, '1', 'ACTIVO', '10'),
     ('Ciudad', 2, 72489, 1, null, 'ACTIVO', null),
     ('23 calle 14-58 zona 4, Bodega A6, Condado El Naranjo, Comunidad de Negocios Crece, Mixco, Guatemala.', 2, 72496, 1, null, 'ACTIVO', null),
     ('C.G.Las Margaritas, Torre I. Nivel 12', 2, 72568, 1, '1', 'ACTIVO', '10'),
     ('10 AVENIDA 2-43A Z.15', 2, 72590, 1, '1', 'ACTIVO', null),
     ('Costa Rica', 2, 72632, 1, null, 'ACTIVO', null),
     ('Diagonal 6 10-65', 2, 72677, 1, '1', 'ACTIVO', '10'),
     ('13 Avenida 32-55, Zona 13 Colonia Santa Fe', 5, 72364, 1, '1', 'ACTIVO', null),
     ('Santa Elena, Petén, a un costado del parque central', 2, 72730, 1, '431', 'ACTIVO', null),
     ('C.G. Las Margaritas, Torre I Nivel 11', 2, 72735, 1, '1', 'ACTIVO', '10'),
     ('Tiquisate', 1, 72766, 1, '489', 'ACTIVO', null),
     ('Digonal 6 10-65, T.I. N.17', 2, 72781, 1, '1', 'ACTIVO', '10'),
     ('spectrum', 2, 72821, 1, '1', 'ACTIVO', '10'),
     ('Diagonal 6 10-65', 2, 72841, 1, '1', 'ACTIVO', '10'),
     ('ciudad', 2, 72874, 1, null, 'ACTIVO', null),
     ('CIUDAD', 2, 72888, 1, '1', 'ACTIVO', '10'),
     ('Ciudad de Guatemala', 2, 72955, 1, null, 'ACTIVO', null),
     ('7a. Avenida 5-10 Centro Financiero, Torre II, Nivel 11, Oficina 6', 2, 72982, 1, '1', 'ACTIVO', '4'),
     ('Diagonal 6 10-65', 2, 73000, 1, '1', 'ACTIVO', '10'),
     ('6ª. AVENIDA 8-71, ZONA 10 GUATEMALA', 2, 73071, 1, null, 'ACTIVO', null),
     ('Brasil', 2, 73073, 1, null, 'ACTIVO', null),
     ('Avenida Reforma 9-55 Edificio Reforma 10, nivel 12 Oficina 1202', 2, 73076, 1, '1', 'ACTIVO', '10'),
     ('en formacion', 1, 73123, 1, '1', 'ACTIVO', '10'),
     ('Diag. 6 10-65 CGLM Torre I', 2, 73203, 1, '1', 'ACTIVO', '10'),
     ('Diagonal 6 10-65', 2, 73219, 1, '1', 'ACTIVO', '10'),
     ('5a. Avenida 7-75 Condominio Los Arcos', 1, 73245, 1, '1', 'ACTIVO', '14'),
     ('ciudad', 5, 73259, 1, null, 'ACTIVO', null),
     ('4a.avenida \"A\" 11-08', 2, 73302, 1, '1', 'ACTIVO', '9'),
     ('CIUDAD', 2, 73271, 1, '1', 'ACTIVO', '1'),
     ('15 Av. 17-40 Tetracenter Nivel 09 Zona 13, Guatemala', 2, 73289, 1, null, 'ACTIVO', null),
     ('Diagonal 6 10-65', 1, 73330, 1, '1', 'ACTIVO', '10'),
     ('3a. calle 3-60', 2, 73333, 1, null, 'ACTIVO', '9'),
     ('3a. avenida 3-60', 2, 73334, 1, '1', 'ACTIVO', '9'),
     ('Centro Gerencial Las Margaritas, Nivel 8', 2, 73342, 1, '1', 'ACTIVO', '10'),
     ('1 calle 7-66 zona 9 Edificio Plaza Uno', 2, 73352, 1, null, 'ACTIVO', null),
     ('7a. Avenida 5-10 Centro Financiero, Torre 2, Nivel 11, Oficina 6', 2, 73379, 1, '1', 'ACTIVO', '4'),
     ('CIUDAD', 1, 73385, 1, '348', 'ACTIVO', null),
     ('Diagn.6', 1, 73399, 1, '1', 'ACTIVO', '10'),
     ('Diagonal 6 10-65, Torre I, Of.1701', 2, 73445, 1, '1', 'ACTIVO', '10'),
     ('15 calle 11-28', 2, 73459, 1, '1', 'ACTIVO', '10'),
     ('Diagonal 6, 10.65, Torre 1 Nivel 11', 2, 73462, 1, '1', 'ACTIVO', '10'),
     ('ciudad', 1, 73464, 1, '1', 'ACTIVO', '10'),
     ('4TA. AVENIDA 16-15, LOCAL 2, ZONA 14 GUATEMALA, GUATEMALA', 2, 73476, 1, '1', 'ACTIVO', null),
     ('DIAGONAL 6 11-97 Z.10', 2, 73484, 1, '1', 'ACTIVO', null),
     ('Km 8.8 Antigua Carretera El Salvador Torre Muxbal 8.8 Oficina 202', 1, 73517, 1, null, 'ACTIVO', null),
     ('Diagonal 6, 10-65, Torre I, Nivel 11', 2, 73521, 1, '1', 'ACTIVO', '10'),
     ('Diag 6 10-65', 2, 73557, 1, '1', 'ACTIVO', '10'),
     ('Diagonal 6 10-65, C.G.Las Margaritas, Torre I, nivel 17, of. 1701', 2, 73580, 1, '1', 'ACTIVO', '10');

INSERT INTO employees
    (id, position, name, last_name, status, nit, address, cel_phone, home_phone, created_by, created_at, updated_at, updated_by)
VALUES
    (2,1,'RAUL ANDRES','OLIVERO ARROYO','ACTIVO','130667-7','Diagonal 6, 10-65, Zona 10 Oficina 802 Centro Gerencial Las Margaritas, Torre I Guatemala, Guatemala','','2332 7979',1,'2006-04-25 17:43:00',NULL,NULL),
    (8,1,'PABLO ANTONIO','CORONADO BONILLA','ACTIVO','1602598-9','Diag. 17, 21-85 \"B\" Valles de Almería II, Zona 11, GUATEMALA, GUATEMALA','5318 2940','2476 5849',1,'2006-04-26 10:59:00',NULL,NULL),
    (9,2,'MARIA EUGENIA','MENDEZ CORDOVA DE BATRES','ACTIVO','C/F','3a. Ave. 41-60 Col. Monte María I, Zona 12, GUATEMALA, GUATEMALA','5559 5602','',1,'2006-04-26 11:02:00',NULL,NULL),
    (11,1,'STEFANO CARLO','OLIVERO ROS','ACTIVO','1788341-5','Edifico San Ignacio II, Zona 10, GUATEMALA, GUATEMALA','5401 0575','2367 0923',1,'2006-04-26 11:19:00',NULL,NULL),
    (272,2,'MARCO ANTONIO','ALVAREZ MARTINEZ','ACTIVO','C/F','20 Ave. 13-90 Concepción Las Lomas, Zona 16, GUATEMALA, GUATEMALA','5292 1642','',1,'2006-05-02 16:52:00',NULL,NULL),
    (903,2,'MANUEL DE JESUS','MARTINEZ LOPEZ','ACTIVO','C/F','5a. Ave. y 7a. Calle Lote 14 Plan Internacional San José Villa Nueva, Zona 2, VILLA NUEVA, GUATEMALA','5523 8692','',1,'2006-06-01 10:25:00',NULL,NULL),
    (9262,1,'LUCIA MARGARITA','SACA AGUILAR','ACTIVO', 'C/F','Diag. 6, 10-65, Of. 802, TI, CGLM,, Zona 10, GUATEMALA, GUATEMALA','','2332 7979',1,'2007-09-06 17:34:00',NULL,NULL),
    (19302,1,'MANUEL FERNANDO','PEREZ PENABAD','ACTIVO','1633601-1','3 calle 19-24 Vista Hermosa I, Zona 15, GUATEMALA, GUATEMALA','5515-1900','2369-6909',1,'2008-12-02 17:02:00',NULL,NULL),
    (20894,1,'ENRIQUE','GOICOLEA MENA','ACTIVO', 'C/F','','','',1,'2009-02-04 10:32:00',NULL,NULL),
    (23475,2,'KAREN IVONNE','MANCILLA MOLINA','ACTIVO','574222-6','4ta. calle A 0-44, condominio santa Barbara, calle Anda Luica, casa No. 38, Zona 8, MIXCO, GUATEMALA','5708 8430','',1,'2009-05-11 15:54:00',NULL,NULL),
    (23689,2,'ANA MARIA','SON BATZ','ACTIVO','981810-3','7ma. calle B, 7-22, Zona 9, MIXCO, GUATEMALA','5414 0124','',1,'2009-05-19 11:32:00',NULL,NULL),
    (38869,2,'MARYCARMEN','GARCIA GARCIA DE PONCE','ACTIVO','978716-K','Diagonal 14, 15-32,  Jardines de la Asunción, Zona 5, GUATEMALA, GUATEMALA','5511 7709','',1,'2011-01-12 14:31:00',NULL,NULL),
    (40033,2,'JACQUELENE ANDREINA','PIRIR VILLAGRAN','ACTIVO','C/F','Diagonal 6, 10-65, Zona 10, GUATEMALA, GUATEMALA','','2389-7900',1,'2011-02-08 15:36:00',NULL,NULL),
    (41872,2,'JOSE ROBERTO','MATHEU','ACTIVO','C/F','','','',1,'2011-05-18 10:36:00',NULL,NULL),
    (55389,1,'CATERINA','OLIVERO ANDREU','ACTIVO','C/F','','','',1,'2013-06-18 16:25:00',NULL,NULL),
    (59106,2,'GABRIELA GEORGINA','GUZMAN POP','ACTIVO','C/F','xxxxxxxxxxxxxx, Zona 10, GUATEMALA, GUATEMALA','5633 1973','',1,'2014-03-20 14:27:00',NULL,NULL),
    (59226,1,'JOSE ROBERTO','MATHEU ALVAREZ','ACTIVO','3165288-3','Centro Gerencial Las Margaritas','3030 9840','',1,'2014-04-04 14:40:00',NULL,NULL),
    (59537,2,'MARIA HAYDEE','MONGE SAM DE MOSQUERA','ACTIVO','C/F','18 Ave. 11-50 VH III, Zona 15, GUATEMALA, GUATEMALA','','2364 1803',1,'2014-05-20 11:32:00',NULL,NULL),
    (62345,1,'RITA MARINA','ARRIAGA GONZALEZ','ACTIVO','3576100-8','31 calle B 16-00 Las Charcas, Araucarias IV Casa No. 10, Zona 11, GUATEMALA, GUATEMALA','5204-8918','2442-1786',1,'2015-05-07 15:14:00',NULL,NULL),
    (62492,2,'YOSSELIN CRISTINA','HERNÁNDEZ RAMÍREZ','ACTIVO','C/F','32 Ave. 12-60, Col. El Eden, Zona 5, GUATEMALA, GUATEMALA','5633 9882','',1,'2015-05-15 18:09:00',NULL,NULL),
    (64256,1,'MARIA HAYDEE','MONGE DE MOSQUERA','ACTIVO','C/F','','','',1,'2016-03-01 11:10:00',NULL,NULL),
    (64858,1,'MARIO AUGUSTO','ALCÁNTARA VELASQUEZ','ACTIVO','2405879-3','','5819-1584','5572 8255',1,'2016-07-05 08:17:00',NULL,NULL),
    (65316,2,'VIVIAN JEANNETTE','QUINTO VILLAVICENCIO','ACTIVO','C/F','15 calle "A" 11-18, Col Villas de Minerva, Zona 11, MIXCO, GUATEMALA','4689 4894','2460 8767',1,'2016-09-23 11:56:00',NULL,NULL),
    (66870,1,'OLGA MARÍA','CAJAS CÓRDOVA','ACTIVO','5014655-6','Km. 25.5 Carretera a San Lucas "La Mirada"','3027 9160','',1,'2017-06-05 09:40:00',NULL,NULL),
    (67092,2,'PROCURACION','BUFETE OLIVERO','ACTIVO','C/F','Diagonal 6, 10-65, Zona 10, GUATEMALA, GUATEMALA','','2389 7900',1,'2017-07-13 08:19:00',NULL,NULL),
    (67341,2,'FLOR DE MARIA','ARANDA HERNANDEZ','ACTIVO','8583604-4','4a. calle 30-51 Colonia Galileo, Zona 18, GUATEMALA, GUATEMALA','5710 6760','',1,'2017-08-22 08:50:00',NULL,NULL),
    (68943,1,'DORA VIVIANA','REYES GARCÍA','ACTIVO','C/F','','','',1,'2018-06-01 13:48:00',NULL,NULL),
    (70531,1,'AVANCES REALES, SOCIEDAD ANÓNIMA','','ACTIVO','C/F','','','',1,'2019-05-02 09:19:00',NULL,NULL),
    (71210,2,'EDGAR MOISES','SOTO OROZCO','ACTIVO','C/F','13 Ave. 6-42 Colonia Roosevelt, Zona 11, GUATEMALA, GUATEMALA','3559-7569','2464-9416',1,'2019-07-26 15:34:00',NULL,NULL),
    (72148,1,'JUAN LUIS','ARRIAGA GONZÁLEZ','ACTIVO','7495518-7','3a. calle 10-93 Cond. El Roble II Casa 20, Zona 11, GUATEMALA, GUATEMALA','5765 2746','',1,'2020-01-27 15:51:00',NULL,NULL),
    (72169,1,'NANCY MICHELE','AYAPAN MENDOZA','ACTIVO','6956998-3','17 calle 19-21 Residenciales Cipresales','4022 5778','2288 1108',1,'2020-02-03 08:53:00',NULL,NULL),
    (72341,1,'JAIME RENE','QUAN WOC', 'ACTIVO','2559887-2','','','',1,'2020-02-26 10:20:00',NULL,NULL),
    (72740,2,'BERTA PATRICIA','SINAY BOCHE','ACTIVO','8859305-3','3a. calle 11-34, Zona 2, GUATEMALA, GUATEMALA','5377 2924','',1,'2020-06-01 08:38:00',NULL,NULL),
    (72805,2,'CARLOS ENRIQUE','CHAU CHANG','ACTIVO','C/F','','5050 6515','',1,'2020-06-18 11:07:00',NULL,NULL);

INSERT INTO providers
  (id, created_at, created_by,  code, name, status)
VALUES
  (1,NOW(), 1,'737810-6','Operadora de Tiendas, S.A.','ACTIVO'),
  (2,NOW(), 1,'674923-2','Maynor Gamarro','ACTIVO'),
  (3,NOW(), 1,'RM','Registro Mercantil','ACTIVO'),
  (4,NOW(), 1,'RPI','Registro Propiedad Intelectual','ACTIVO'),
  (5,NOW(), 1,'438506-3','Victorino Cantalicio Quiroa Mortual','ACTIVO'),
  (6,NOW(), 1,'RP','Registro de la Propiedad Inmueble','ACTIVO'),
  (7,NOW(), 1,'DIC','DICABI','ACTIVO'),
  (8,NOW(), 1,'VA','VARIOS SIN COMPROBANTE','ACTIVO'),
  (9,NOW(), 1,'AP','Archivo de Protocolos','ACTIVO'),
  (10,NOW(), 1,'ZZ','Proveedor Sin Comprobante','ACTIVO'),
  (11,NOW(), 1,'1277190-2','Gasolinera Shell Santa Rosa','ACTIVO'),
  (12,NOW(), 1,'MU','Municipalidad de Guatemala','ACTIVO'),
  (13,NOW(), 1,'MG','Ministerio de Gobernación','ACTIVO'),
  (14,NOW(), 1,'575081-4','Cargo Expreso, S.A.','ACTIVO'),
  (15,NOW(), 1,'601445-3','Codicomsa','ACTIVO'),
  (16,NOW(), 1,'1267812-0','Carlos Romeo Guevara De Paz','ACTIVO'),
  (17,NOW(), 1,'586092-K','La Hora, S.A.','ACTIVO'),
  (18,NOW(), 1,'528206-3','Julia Diéguez de Jacinto','ACTIVO'),
  (19,NOW(), 1,'531427-5','Automarket Limited','ACTIVO'),
  (20,NOW(), 1,'2624488-8','Euro Mantenimientos, S.A.','ACTIVO'),
  (21,NOW(), 1,'571802-3','Luis Roberto Hernández González','ACTIVO'),
  (22,NOW(), 1,'3144552-7','Comsesa','ACTIVO'),
  (23,NOW(), 1,'460722-8','Servicentro Gerona, S.A.','ACTIVO'),
  (24,NOW(), 1,'980928-7','Constructoa Marhnos, S.A.','ACTIVO'),
  (25,NOW(), 1,'688254-4','Marco Vinicio Rivera','ACTIVO'),
  (26,NOW(), 1,'618862-1','Macana, S.A.','ACTIVO'),
  (27,NOW(), 1,'150350-2','Tulio José Ovalle Mont','ACTIVO'),
  (28,NOW(), 1,'212882-9','José Artemio Ordóñez Pérez','ACTIVO'),
  (29,NOW(), 1,'390709-0','Raúl Rodolfo Méndez Camas','ACTIVO'),
  (30,NOW(), 1,'705945-0','César Stuardo Nelson Monroy','ACTIVO'),
  (31,NOW(), 1,'103060-4','Winston Leslie Solé Hernández','ACTIVO'),
  (32,NOW(), 1,'SAT','Superintendencia de Administración Tributaria','ACTIVO'),
  (33,NOW(), 1,'250471-5','Raúl Antonio Polanco','ACTIVO'),
  (34,NOW(), 1,'2853232-5','Uri Josué García García','ACTIVO'),
  (35,NOW(), 1,'630465-6','Representaciones Comerciales Primavera, S.A.','ACTIVO'),
  (36,NOW(), 1,'482270-6','Meykos, S.A.','ACTIVO'),
  (37,NOW(), 1,'589201-5','Promotora Internacional El Triángulo, S.A.','ACTIVO'),
  (38,NOW(), 1,'1826251-1','Samuel Sique Aguilar','ACTIVO'),
  (39,NOW(), 1,'599635-K','Litegua, S.A.','ACTIVO'),
  (40,NOW(), 1,'EV','Embajada de Venezuela','ACTIVO'),
  (41,NOW(), 1,'744600-4','Inmobiliaria Apollo, S.A.','ACTIVO'),
  (42,NOW(), 1,'330926-6','Rebeca Jeannette Batres y Cía. Ltda.','ACTIVO'),
  (43,NOW(), 1,'38863-7','Comunidad Castillo Lara','ACTIVO'),
  (44,NOW(), 1,'11642-4','Activos, S.A.','ACTIVO'),
  (45,NOW(), 1,'747058-4','Centro de Negocios, S.A.','ACTIVO'),
  (46,NOW(), 1,'624805-5','Julio Abril, Hnos. y Cía. Soc. Colectiva','ACTIVO'),
  (47,NOW(), 1,'1277387-5','Cajolú, S.A.','ACTIVO'),
  (48,NOW(), 1,'4217475-9','Parqueos Internacionales, S.A.','ACTIVO'),
  (49,NOW(), 1,'810383-6','Arrendadora 7 y 10, S.A.','ACTIVO'),
  (50,NOW(), 1,'815298-5','Jesús Amparo Ruiz de Tzorín','ACTIVO'),
  (51,NOW(), 1,'835782-K','Parqueo Plaza Italia','ACTIVO'),
  (52,NOW(), 1,'545789-0','Joseph Edward Cohen Mory','ACTIVO'),
  (53,NOW(), 1,'575084-9','Inversiones del Campo, S.A.','ACTIVO'),
  (54,NOW(), 1,'169634-3','Administradora de Bienes San Juan, S.A.','ACTIVO'),
  (55,NOW(), 1,'546499-4','Ingrid Zuseth Contreras Menéndez','ACTIVO'),
  (56,NOW(), 1,'390947-6','Dagoberto Sosa Brolo','ACTIVO'),
  (57,NOW(), 1,'316275-3','Club Industrial','ACTIVO'),
  (58,NOW(), 1,'1252273-2','DHL, S.A.','ACTIVO'),
  (59,NOW(), 1,'450747-9','Jorge Alfredo Estrada Molina','ACTIVO'),
  (60,NOW(), 1,'CC','Corte de Constitucionalidad','ACTIVO'),
  (61,NOW(), 1,'MVN','Municipalidad de Villa Nueva','ACTIVO'),
  (62,NOW(), 1,'CGC','Contraloría General de Cuentas','ACTIVO'),
  (63,NOW(), 1,'32561-9','Canella, S.A.','ACTIVO'),
  (64,NOW(), 1,'OJ','Organismo Judicial','ACTIVO'),
  (65,NOW(), 1,'3529404-3','Operaciones Contractuales, S.A.','ACTIVO'),
  (66,NOW(), 1,'1325946-6','Hever Hernández Vela','ACTIVO'),
  (67,NOW(), 1,'545630-4','Comercial de Autos, S.A.','ACTIVO'),
  (68,NOW(), 1,'252554-2','Estación de Servicio La Torre','ACTIVO'),
  (69,NOW(), 1,'3012200-7','Soluciones Logísticas, S.A.','ACTIVO'),
  (70,NOW(), 1,'153653-2','Coinscla, S.A.','ACTIVO'),
  (71,NOW(), 1,'3225523-3','Multiorganización, S.A.','ACTIVO'),
  (72,NOW(), 1,'516209-2','Coterrenos','ACTIVO'),
  (73,NOW(), 1,'BI','Banco Industrial','ACTIVO'),
  (74,NOW(), 1,'2489806-6','Fesme, S.A.','ACTIVO'),
  (75,NOW(), 1,'739398-9','Edificios Comerciales Metropolitanos, S.A.','ACTIVO'),
  (76,NOW(), 1,'598136-0','Julio Alfredo Hernández Escobar','ACTIVO'),
  (77,NOW(), 1,'4527156-9','Arquicopias, S.A.','ACTIVO'),
  (78,NOW(), 1,'3493857-5','Ferretería Hermanos Aldana, S.A.','ACTIVO'),
  (79,NOW(), 1,'4838429-1','Beyaca, S.A.','ACTIVO'),
  (80,NOW(), 1,'323344-8','Mayra Lorena Carrillo','ACTIVO'),
  (81,NOW(), 1,'CV','Consulado de Venezuela','ACTIVO'),
  (82,NOW(), 1,'594572-0','Mayra Lissette Pereira Lucas de Rodríguez','ACTIVO'),
  (83,NOW(), 1,'MM','Municipalidad de Mixco','ACTIVO'),
  (84,NOW(), 1,'CCH','Consulado de Chile','ACTIVO'),
  (85,NOW(), 1,'ES','Embajada de El Salvador','ACTIVO'),
  (86,NOW(), 1,'2740645-8','Estacionamiento IC, S.A.','ACTIVO'),
  (87,NOW(), 1,'628609-7','Banco Empresarial, S.A.','ACTIVO'),
  (88,NOW(), 1,'2644249-3','Parqueo Sexta Calle','ACTIVO'),
  (89,NOW(), 1,'344093-1','Aeropuerto Internacional La Aurora','ACTIVO'),
  (90,NOW(), 1,'3510168-7','Correo de Guatemala, S.A.','ACTIVO'),
  (91,NOW(), 1,'EH','Embajada de Honduras','ACTIVO'),
  (92,NOW(), 1,'CP','Consulado de Panamá','ACTIVO'),
  (93,NOW(), 1,'3459648-8','Publicidades, S.A.','ACTIVO'),
  (94,NOW(), 1,'808349-5','Inversiones Odolo, S.A.','ACTIVO'),
  (95,NOW(), 1,'EC','Embajada de Colombia','ACTIVO'),
  (96,NOW(), 1,'2999597-3','Freshcorp de Guatemala, S.A.','ACTIVO'),
  (97,NOW(), 1,'IT','Inspección de Trabajo','ACTIVO'),
  (98,NOW(), 1,'1689779-K','Partes y Accesorios Automotrices, S.A.','ACTIVO'),
  (99,NOW(), 1,'6716-4','Roberto Francisco Berti Molina','ACTIVO'),
  (100,NOW(), 1,'585288-9','Estación de Servicio Shell "Tívoli"','ACTIVO'),
  (101,NOW(), 1,'43494-9','Carlos Enrique Rivera Ortiz','ACTIVO'),
  (102,NOW(), 1,'EN','Embajada de Nicaragua','ACTIVO'),
  (103,NOW(), 1,'551181-K','Cantaclaro, S.A..','ACTIVO'),
  (104,NOW(), 1,'2373441-8','Brenda Estela Aguilar Santiago','ACTIVO'),
  (105,NOW(), 1,'370855-1','Parqueo La Concordia','ACTIVO'),
  (106,NOW(), 1,'EUSA','Embajada Estados Unidos','ACTIVO'),
  (107,NOW(), 1,'2251754-5','Copias Profesionales, S.A.','ACTIVO'),
  (108,NOW(), 1,'3033667-8','Parqueo Belén','ACTIVO'),
  (109,NOW(), 1,'170068-5','Estacionamientos Urbanos, S.A.','ACTIVO'),
  (110,NOW(), 1,'1236734-6','Negocios, S.A.','ACTIVO'),
  (111,NOW(), 1,'752251-7','Ministerio Público','ACTIVO'),
  (112,NOW(), 1,'652923-2','Operaciones Varias, S.A.','ACTIVO'),
  (113,NOW(), 1,'347776-2','Ingrid Regina Midence Pivaral','ACTIVO'),
  (114,NOW(), 1,'4219289-7','María Gabriela Saenz, Copropiedad','ACTIVO'),
  (115,NOW(), 1,'1277267-4','Estación Star Plus San Lucas','ACTIVO'),
  (116,NOW(), 1,'90494-5','Pollo Campero, S.A.','ACTIVO'),
  (117,NOW(), 1,'32105-2','Shell Guatemala, S.A.','ACTIVO'),
  (118,NOW(), 1,'516348-K','Asociación Guatemalteca de Exportadores','ACTIVO'),
  (119,NOW(), 1,'348219-7','Impresos David','ACTIVO'),
  (120,NOW(), 1,'1692245-K','Estación de Servicio Aurora Montúfar','ACTIVO'),
  (121,NOW(), 1,'754397-2','Cecoba, S.A.','ACTIVO'),
  (122,NOW(), 1,'4527251-4','Multiservicios Sarita','ACTIVO'),
  (123,NOW(), 1,'4255921-9','Flori Isabel Ramírez Hernández','ACTIVO'),
  (124,NOW(), 1,'2228161-4','Alcamial, S.A.','ACTIVO'),
  (125,NOW(), 1,'740489-1','Marco Vinicio Arenas Menéndez','ACTIVO'),
  (126,NOW(), 1,'156381-5','Saúl Arriaza Ríos','ACTIVO'),
  (127,NOW(), 1,'EB','Embajada de Brasil','ACTIVO'),
  (128,NOW(), 1,'3642494-3','El Bagel, S.A.','ACTIVO'),
  (129,NOW(), 1,'200442-9','Universidad Francisco Marroquín','ACTIVO'),
  (130,NOW(), 1,'4530614-1','Urda','ACTIVO'),
  (131,NOW(), 1,'287989-1','Mauricio Rodolfo Estrada Mejía','ACTIVO'),
  (132,NOW(), 1,'1493950-9','Guacha, S.A.','ACTIVO'),
  (133,NOW(), 1,'530137-8','Gladys  Margarita Solórzano Vega','ACTIVO'),
  (134,NOW(), 1,'5124381-4','Gasolineras Exclusivas, S.A.','ACTIVO'),
  (135,NOW(), 1,'3736883-4','Operadora de Estacionamientos y Rentas Suc II','ACTIVO'),
  (136,NOW(), 1,'5607942-7','Parqueo Sixtino, S.A.','ACTIVO'),
  (137,NOW(), 1,'851933-1','Víctor Manuel Catalán Paredes','ACTIVO'),
  (138,NOW(), 1,'818038-5','Delicias Internacionales, S.A.','ACTIVO'),
  (139,NOW(), 1,'992929-0','Telgua, S.A.','ACTIVO'),
  (140,NOW(), 1,'453818-8','María Clara Coralia Echeverría','ACTIVO'),
  (141,NOW(), 1,'448694-3','Inmobiliaria Las Majadas','ACTIVO'),
  (142,NOW(), 1,'414915-7','Comercial Tívoli, S.A.','ACTIVO'),
  (143,NOW(), 1,'852008-9','Harald Amílcar Flores González','ACTIVO'),
  (144,NOW(), 1,'269059-4','Gloria Sucel Delgado Sosa','ACTIVO'),
  (145,NOW(), 1,'RENAP','Registro Nacional de Personas','ACTIVO'),
  (146,NOW(), 1,'468138-K','Parqueo Rodmalba','ACTIVO'),
  (147,NOW(), 1,'452158-7','Industria de Hamburguesas, S.A.','ACTIVO'),
  (148,NOW(), 1,'CCR','Consulado de Costa Rica','ACTIVO'),
  (149,NOW(), 1,'3859895-7','Lucille, S.A.','ACTIVO'),
  (150,NOW(), 1,'385380-2','Parqueo M&M','ACTIVO'),
  (151,NOW(), 1,'581080-9','Restaurante Don Carlos','ACTIVO'),
  (152,NOW(), 1,'32207-5','Hotel Camino Real, S.A.','ACTIVO'),
  (153,NOW(), 1,'20489-7','José Adolfo Rivera del Frate','ACTIVO'),
  (154,NOW(), 1,'126817-1','Juan José Ortiz Ordóñez','ACTIVO'),
  (155,NOW(), 1,'497871-4','Rentalsa, S.A.','ACTIVO'),
  (156,NOW(), 1,'2442093-K','Olga Maritza Urízar De León','ACTIVO'),
  (157,NOW(), 1,'JUZ','Juzgados','ACTIVO'),
  (158,NOW(), 1,'131160-3','Thelma Giovana Paz Ochoa de Cifuentes','ACTIVO'),
  (159,NOW(), 1,'1008183-6','Ada Minerva López Alvarez de Melgar','ACTIVO'),
  (160,NOW(), 1,'1494668-8','Operadora de Servicios Viales, S.A.','ACTIVO'),
  (161,NOW(), 1,'175155-7','Angélica Encarnación Villatoro Alvarado','ACTIVO'),
  (162,NOW(), 1,'33570-3','Gabriel Valenzuela y Cía. S.C.','ACTIVO'),
  (163,NOW(), 1,'737432-1','Proyectos Santa Fe, S.A.','ACTIVO'),
  (164,NOW(), 1,'MSCP','Municipalidad de Santa Catarina Pinula','ACTIVO'),
  (165,NOW(), 1,'709004-8','Grupo AB, S.A.','ACTIVO'),
  (166,NOW(), 1,'662721-8','Cementerio General','ACTIVO'),
  (167,NOW(), 1,'2391145-K','Transportes Marquensita, S.A.','ACTIVO'),
  (168,NOW(), 1,'2399458-4','Cía. Internacional de Hoteles, S.A.','ACTIVO'),
  (169,NOW(), 1,'5252918-5','G&V, S.A.','ACTIVO'),
  (170,NOW(), 1,'334238-7','Mario Leonel Calderón Signor','ACTIVO'),
  (171,NOW(), 1,'593967-4','Inmobiliaria Elite, S.A.','ACTIVO'),
  (172,NOW(), 1,'591026-9','Oscar De León','ACTIVO'),
  (173,NOW(), 1,'611955-7','María Augusta Angélica Barrientos Fuentes','ACTIVO'),
  (174,NOW(), 1,'559880-K','Alquiler de Automóviles Tabarini, S.A.','ACTIVO'),
  (175,NOW(), 1,'45183-5','Julio Alfredo Miralbes Rubio','ACTIVO'),
  (176,NOW(), 1,'344027-3','Min. de Agricultura, Ganadería y Alim. Ocret','ACTIVO'),
  (177,NOW(), 1,'347625-1','Mario Mora Rodríguez','ACTIVO'),
  (178,NOW(), 1,'EHO','Embajada de Holanda','ACTIVO'),
  (179,NOW(), 1,'395587-7','Bienes Raíces Santa Teresa, S.A.','ACTIVO'),
  (180,NOW(), 1,'547986-K','Edwin Jacinto Estrada Mérida','ACTIVO'),
  (181,NOW(), 1,'71174-8','Francisco S. Estrada H.','ACTIVO'),
  (182,NOW(), 1,'1494609-2','Operadora de Calidad, S.A.','ACTIVO'),
  (183,NOW(), 1,'774546-K','Un medio Inmobiliaria,S.A','ACTIVO'),
  (184,NOW(), 1,'4301619-7','Zonificadora Notarial, S.A.','ACTIVO'),
  (185,NOW(), 1,'33862-1','Empresa de Transacciones Inm. S.A.','ACTIVO'),
  (186,NOW(), 1,'3548429-2','Venesa, S.A.','ACTIVO'),
  (187,NOW(), 1,'4330811-2','SHELLOS ATENA, SOCIEDAD ANONIMA','ACTIVO'),
  (188,NOW(), 1,'BACOR','Banco Reformador','ACTIVO'),
  (189,NOW(), 1,'BR','Banrural','ACTIVO'),
  (190,NOW(), 1,'BAM','Banco Agrícola Mercantil','ACTIVO'),
  (191,NOW(), 1,'EP','Embajada de Panamá','ACTIVO'),
  (192,NOW(), 1,'5121061-4','Servicentro Los Cipresales','ACTIVO'),
  (193,NOW(), 1,'25291-3','FRANCISCO ROBERTO DE JESUS BARNOYA RUIZ','ACTIVO'),
  (194,NOW(), 1,'610447-9','JULIA ISABEL VILLATORO ALVARADO','ACTIVO'),
  (195,NOW(), 1,'598160-3','Inmobiliaria El Lido, S.A.','ACTIVO'),
  (196,NOW(), 1,'SER','SERCORE','ACTIVO'),
  (197,NOW(), 1,'412185-6','Servicios Múltiples Ciudad Vieja','ACTIVO'),
  (198,NOW(), 1,'BAR','BANCOR','ACTIVO'),
  (199,NOW(), 1,'2375221-1','JECE, S.A.','ACTIVO'),
  (200,NOW(), 1,'CITI','Citi Bank','ACTIVO'),
  (201,NOW(), 1,'545374-7','MYM','ACTIVO'),
  (202,NOW(), 1,'40777-1','Luis Alberto Martínez Sandoval','ACTIVO'),
  (203,NOW(), 1,'CE','Consulado de Ecuador','ACTIVO'),
  (204,NOW(), 1,'123555-9','Clave Negocios','ACTIVO'),
  (205,NOW(), 1,'2665325-7','LEARRENDA, S.A.','ACTIVO'),
  (206,NOW(), 1,'DHL','DHL','ACTIVO'),
  (207,NOW(), 1,'1970516-6','Parqueo Cooperativa Integral de Ahorro y Crédito Proyección Dos Mil','ACTIVO'),
  (208,NOW(), 1,'21464-7','Parqueo Victor','ACTIVO'),
  (209,NOW(), 1,'3822809-2','Insigne, S.A.','ACTIVO'),
  (210,NOW(), 1,'618596-7','IPSA','ACTIVO'),
  (211,NOW(), 1,'126125-8','Inversiones Felguera, S.A.','ACTIVO'),
  (212,NOW(), 1,'EMRD','Embajada Republica Dominicana','ACTIVO'),
  (213,NOW(), 1,'1277841-9','Inmobiliaria Cimientos, S.A.','ACTIVO'),
  (214,NOW(), 1,'504924-5','Inversiones Reforma Palace, S.A.','ACTIVO'),
  (215,NOW(), 1,'1960883-7','Estacionamiento Juluc','ACTIVO'),
  (216,NOW(), 1,'1232786-7','Parqueo San Carlos','ACTIVO'),
  (217,NOW(), 1,'182395-7','Inrodva','ACTIVO'),
  (218,NOW(), 1,'CB','Consulado de Brasil','ACTIVO'),
  (219,NOW(), 1,'57546-1','Documentos y Digitales, S.A.','ACTIVO'),
  (220,NOW(), 1,'91337-5','Joaquín Gustavo Ponce Leiva','ACTIVO'),
  (221,NOW(), 1,'504070-1','Llantas y Reencauches, S.A.','ACTIVO'),
  (222,NOW(), 1,'3642480-3','Copias y Suministros','ACTIVO'),
  (223,NOW(), 1,'DGM','Dirección General de Migración','ACTIVO'),
  (224,NOW(), 1,'678374-0','Juan Esteban Girón','ACTIVO'),
  (225,NOW(), 1,'CS','Consulado de El Salvador','ACTIVO'),
  (226,NOW(), 1,'646707-5','Litografía Intergráfica','ACTIVO'),
  (227,NOW(), 1,'557920-1','Asociación de Amigos del Museo Ixchel','ACTIVO'),
  (228,NOW(), 1,'CA','Consulado de Alemania','ACTIVO'),
  (229,NOW(), 1,'G&T','Banco G&T','ACTIVO'),
  (230,NOW(), 1,'BIN','BANCO INTERNACIONAL','ACTIVO'),
  (231,NOW(), 1,'CH','Consulado de Honduras','ACTIVO'),
  (232,NOW(), 1,'599868-9','Gloria Ramos de Contreras','ACTIVO'),
  (233,NOW(), 1,'MSJS','Municipalidad de San Juan Sacatepéquez','ACTIVO'),
  (234,NOW(), 1,'2327380-1','Conexión Empresarial, S.A.','ACTIVO'),
  (235,NOW(), 1,'5596357-9','Compro, S.A.','ACTIVO'),
  (236,NOW(), 1,'598191-3','El Cafetalito, S.A.','ACTIVO'),
  (237,NOW(), 1,'2383048-4','Corporacion de Operaciones y Servicios','ACTIVO'),
  (238,NOW(), 1,'1235895-9','Michelle Renee Goudey','ACTIVO'),
  (239,NOW(), 1,'BAC','bac','ACTIVO'),
  (240,NOW(), 1,'TN','Tipografía Nacional','ACTIVO'),
  (241,NOW(), 1,'MRE','Ministerio de Relaciones Exteriores','ACTIVO'),
  (242,NOW(), 1,'A&A','Argueta & Alvarado','ACTIVO'),
  (243,NOW(), 1,'5590541-2','OFFICCE DEPOT','ACTIVO'),
  (244,NOW(), 1,'394215-5','Librería Jurídica','ACTIVO'),
  (245,NOW(), 1,'672681-K','Colegio de Abogados y Notarios','ACTIVO'),
  (246,NOW(), 1,'5734570-8','Tiempo, S.A.','ACTIVO'),
  (247,NOW(), 1,'6517435-6','Smart, S.A.','ACTIVO'),
  (248,NOW(), 1,'2725692-8','Grafito, S.A.','ACTIVO'),
  (249,NOW(), 1,'3499208-1','Basis Consultores, S.A.','ACTIVO'),
  (250,NOW(), 1,'4299603-1','Amigas Monte María, S.A.','ACTIVO'),
  (251,NOW(), 1,'EPERU','Embajada de Perú','ACTIVO'),
  (252,NOW(), 1,'MT','Ministerio de Trabajo','ACTIVO'),
  (253,NOW(), 1,'OCRET','ocret','ACTIVO'),
  (254,NOW(), 1,'518626-9','Restaurante Ahumados Katok','ACTIVO'),
  (255,NOW(), 1,'2713943-3','C&G, S.A.','ACTIVO'),
  (256,NOW(), 1,'1184321-7','Serviautos Monte Carlo','ACTIVO'),
  (257,NOW(), 1,'GR','Gloria Ramos','ACTIVO'),
  (258,NOW(), 1,'3739191-7','Servicomp de Guatemala','ACTIVO'),
  (259,NOW(), 1,'MA','Municipalidad de Antigua Guatemala','ACTIVO'),
  (260,NOW(), 1,'71879-3','Saúl Gamarro Meneses','ACTIVO'),
  (261,NOW(), 1,'438923-9','Ayre, S.A.','ACTIVO'),
  (262,NOW(), 1,'BG&T','Banco G&T Continental','ACTIVO'),
  (263,NOW(), 1,'714702-3','Documentos y Digitales, S.A.','ACTIVO'),
  (264,NOW(), 1,'4085492-2','Corporación Santa Margarita','ACTIVO'),
  (265,NOW(), 1,'MUNI','Municipalidad de Guatemala','ACTIVO'),
  (266,NOW(), 1,'6166407-3','Grupo BT Combustibles, S.A.','ACTIVO'),
  (267,NOW(), 1,'CAN','Colegio de Abogados y Notarios','ACTIVO'),
  (268,NOW(), 1,'678878-5','Compañía Imperial','ACTIVO'),
  (269,NOW(), 1,'466632-1','Offirentas Servicios','ACTIVO'),
  (270,NOW(), 1,'415518-1','Foto Tivoli','ACTIVO'),
  (271,NOW(), 1,'MFP','Ministerio de Finanzas Públicas','ACTIVO'),
  (272,NOW(), 1,'115998-4','Comunicatel','ACTIVO'),
  (273,NOW(), 1,'EM','Embajada de Mexico','ACTIVO'),
  (274,NOW(), 1,'AEH','Aeropuerto de Honduras','ACTIVO'),
  (275,NOW(), 1,'TONY','tony roma''s','ACTIVO'),
  (276,NOW(), 1,'169875-3','Galgos, S.A.','ACTIVO'),
  (277,NOW(), 1,'TME','Tesorería Municipal de Escuintla','ACTIVO'),
  (278,NOW(), 1,'92143-2','René Amilcar Roca Ceballos','ACTIVO'),
  (279,NOW(), 1,'767598-4','Inversiones Natasha','ACTIVO'),
  (280,NOW(), 1,'330651-8','Empagua','ACTIVO'),
  (281,NOW(), 1,'273598-9','Encuadernadora Profesional Lara','ACTIVO'),
  (282,NOW(), 1,'493436-9','Farmacia Paty','ACTIVO'),
  (283,NOW(), 1,'UPS','UPS','ACTIVO'),
  (284,NOW(), 1,'PN','Policía Nacional','ACTIVO'),
  (285,NOW(), 1,'6814246-3','Franquicia de Limpieza','ACTIVO'),
  (286,NOW(), 1,'3560997-4','Farmacia López','ACTIVO'),
  (287,NOW(), 1,'DGA','Dirección General de Aeronáutica','ACTIVO'),
  (288,NOW(), 1,'HIH','Hotel Intercontinental Hondruas','ACTIVO'),
  (289,NOW(), 1,'AH','Aeropuerto de Honduras','ACTIVO'),
  (290,NOW(), 1,'3416236-4','FARMACIAS GUATEMALTECAS JIREH','ACTIVO'),
  (291,NOW(), 1,'6957436-7','RBSL, S.A.','ACTIVO'),
  (292,NOW(), 1,'2534282-7','Farmacias ADIH','ACTIVO'),
  (293,NOW(), 1,'EE','Embajada de España','ACTIVO'),
  (294,NOW(), 1,'4701935-2','Distribuidora de Telefonía WYT, S.A.','ACTIVO'),
  (295,NOW(), 1,'2295843-6','Farmacia Las Américas','ACTIVO'),
  (296,NOW(), 1,'MF','Ministerio de Finanzas','ACTIVO'),
  (297,NOW(), 1,'255308-2','Hustler','ACTIVO'),
  (298,NOW(), 1,'382620-1','Parrilladas, S.A.','ACTIVO'),
  (299,NOW(), 1,'2815510-6','La Panería,','ACTIVO'),
  (300,NOW(), 1,'EHOL','Embajada de Holanda','ACTIVO'),
  (301,NOW(), 1,'3773563-2','Servicios de Formalización, S.A.','ACTIVO'),
  (302,NOW(), 1,'276281-1','Ismael Alfonso Martínez Bustamante','ACTIVO'),
  (303,NOW(), 1,'34714-0','Estación Shell Modelo','ACTIVO'),
  (304,NOW(), 1,'PNG','Policía Nacional Civil','ACTIVO'),
  (305,NOW(), 1,'7302392-2','Intergráfica, S.A.','ACTIVO'),
  (306,NOW(), 1,'2470050-9','Parqueo Capuchinas','ACTIVO'),
  (307,NOW(), 1,'3044990-1','Restaurantes Sarita, S.A.','ACTIVO'),
  (308,NOW(), 1,'6956170-2','RBVH, S.A.','ACTIVO'),
  (309,NOW(), 1,'5784727-4','Feluca, S.A.','ACTIVO'),
  (310,NOW(), 1,'301743-5','Gasolinera Los Encuentros','ACTIVO'),
  (311,NOW(), 1,'CAR','CONSULADO DE ARGENTINA','ACTIVO'),
  (312,NOW(), 1,'619279-3','Comercial Nueva San Jose','ACTIVO'),
  (313,NOW(), 1,'97528-1','Marco Tulio Rivera','ACTIVO'),
  (314,NOW(), 1,'7473287-0','Operadora Sesamo','ACTIVO'),
  (315,NOW(), 1,'6136613-7','Celleccion, S.A.','ACTIVO'),
  (316,NOW(), 1,'6480655-3','Gasolineras Excelentes, S.A.','ACTIVO'),
  (317,NOW(), 1,'2570507-5','Inmobiliaria Fasani','ACTIVO'),
  (318,NOW(), 1,'3464661-2','Servicentro El Naranjo','ACTIVO'),
  (319,NOW(), 1,'4428978-2','Parqueo El Cortijo','ACTIVO'),
  (320,NOW(), 1,'7457725-5','parqueo la 7a.','ACTIVO'),
  (321,NOW(), 1,'CHN','Crédito Hipotecario Nacional','ACTIVO'),
  (322,NOW(), 1,'36471-1','Lic. Carlos Ramiro Lemus','ACTIVO'),
  (323,NOW(), 1,'6921407-7','Megaestaciones de Servicio S.A.','ACTIVO'),
  (324,NOW(), 1,'BA','Brenda Aguilar','ACTIVO'),
  (325,NOW(), 1,'3654893-6','Texaco','ACTIVO'),
  (326,NOW(), 1,'4131816-1','Negoexsa','ACTIVO'),
  (327,NOW(), 1,'722305-6','Ana Karina Fernández','ACTIVO'),
  (328,NOW(), 1,'7014040-5','Foto Roma','ACTIVO'),
  (329,NOW(), 1,'652115-0','Caffe Saul','ACTIVO'),
  (330,NOW(), 1,'MARN','Ministerio de Ambiente y Recursos Naturales','ACTIVO'),
  (331,NOW(), 1,'112082-4','Anexa Repuestos y Servicios El Triángulo','ACTIVO'),
  (332,NOW(), 1,'4937376-5','Edge Guatemala, S.A.','ACTIVO'),
  (333,NOW(), 1,'487302-5','Foto Rápida','ACTIVO'),
  (334,NOW(), 1,'246049-1','Multisellos Vile','ACTIVO'),
  (335,NOW(), 1,'2294256-4','Gasolinera Estrella','ACTIVO'),
  (336,NOW(), 1,'CR','Carlos Ramiro Lemus Juárez','ACTIVO'),
  (337,NOW(), 1,'BG','Banco de Guatemala','ACTIVO'),
  (338,NOW(), 1,'7648818-7','GRUPO LH, S.A.','ACTIVO'),
  (339,NOW(), 1,'CL','Carlos Ramiro Lemus','ACTIVO'),
  (340,NOW(), 1,'988460-2','Librería y Papelería Elgin Las Conchas','ACTIVO'),
  (341,NOW(), 1,'FB','Florales Belmont','ACTIVO'),
  (342,NOW(), 1,'EA','Embajada de Argentina','ACTIVO'),
  (343,NOW(), 1,'575338-4','Shell Santiago','ACTIVO'),
  (344,NOW(), 1,'293190-7','Carlos Ramiro Lemus','ACTIVO'),
  (345,NOW(), 1,'ERD','Embajada de la República Dominicana','ACTIVO'),
  (346,NOW(), 1,'IM','Inmobiliaria Las Majadas','ACTIVO'),
  (347,NOW(), 1,'7675032-9','Servicios y Distribuciones Generales No. 3','ACTIVO'),
  (348,NOW(), 1,'6922732-2','Estación Gerona','ACTIVO'),
  (349,NOW(), 1,'1494687-4','Parqueo Cetrisa','ACTIVO'),
  (350,NOW(), 1,'2647545-6','Inmobiliaria Real, S.A.','ACTIVO'),
  (351,NOW(), 1,'CRL','Carlos Ramiro Lemus','ACTIVO'),
  (352,NOW(), 1,'FT','Fondo de Tierras','ACTIVO'),
  (353,NOW(), 1,'2637645-8','Servicios Dos Mil, S.A.','ACTIVO'),
  (354,NOW(), 1,'PG','Pasaportes de Guatemala','ACTIVO'),
  (355,NOW(), 1,'2281922-3','Tienda de Conveniencia Landívar','ACTIVO'),
  (356,NOW(), 1,'4692789-1','Business Solutions Parners, S.A.','ACTIVO'),
  (357,NOW(), 1,'4692789-11','Business Solutions Partners, S.A.','ACTIVO'),
  (358,NOW(), 1,'165886-7','Estación de Servicio La Paz','ACTIVO'),
  (359,NOW(), 1,'AA','American Airlines','ACTIVO'),
  (360,NOW(), 1,'7925670-8','Grupo Roma S.A.','ACTIVO'),
  (361,NOW(), 1,'6485586-4','Mobile Technologies','ACTIVO'),
  (362,NOW(), 1,'5332426-9','Inversiones Meme, S.A.','ACTIVO'),
  (363,NOW(), 1,'3531704-3','Ban, S.A.','ACTIVO'),
  (364,NOW(), 1,'GRAF','GRAFITO','ACTIVO'),
  (365,NOW(), 1,'1277809-5','SERJURSA','ACTIVO'),
  (366,NOW(), 1,'2653247-6','Unisuper','ACTIVO'),
  (367,NOW(), 1,'FAB','FABREGA','ACTIVO'),
  (368,NOW(), 1,'32165-6','Librería Progreso, S.A.','ACTIVO'),
  (369,NOW(), 1,'291828-5','Juan Carlos Lejárraga','ACTIVO'),
  (370,NOW(), 1,'2819711-9','Texaco Panamericana','ACTIVO'),
  (371,NOW(), 1,'4222257-5','Tecnología Dinámica','ACTIVO'),
  (372,NOW(), 1,'MIGRA','Migración','ACTIVO'),
  (373,NOW(), 1,'7474465-8','COMBUSTIBLES ALTAMIRA','ACTIVO'),
  (374,NOW(), 1,'ME','Muebles Excelencia','ACTIVO'),
  (375,NOW(), 1,'PP','Parqueos Plaza','ACTIVO'),
  (376,NOW(), 1,'7798402-1','Combustibles y Lubricantes','ACTIVO'),
  (377,NOW(), 1,'LTHM','LITHOMARCA','ACTIVO'),
  (378,NOW(), 1,'721779-K','AGROPECUARIA EL CHICHIPATE','ACTIVO'),
  (379,NOW(), 1,'554120-4','Parqueo Inmobiliaria Monte Sion','ACTIVO'),
  (380,NOW(), 1,'5582659-8','Operador de Importaciones y Comercialización, S.A.','ACTIVO'),
  (381,NOW(), 1,'609770-7','Grupo Innovador, S.A.','ACTIVO'),
  (382,NOW(), 1,'7376250-4','Desbal, S.A.','ACTIVO'),
  (383,NOW(), 1,'521909-4','Emma Teresa Montenegro Camblor','ACTIVO'),
  (384,NOW(), 1,'3882721-2','Ana Maria del Rosario, Valdez Bercian','ACTIVO'),
  (385,NOW(), 1,'7359162-9','Parqueo Galerías del Sur','ACTIVO'),
  (386,NOW(), 1,'5731300-8','Dir. Gen. del D. de C.A. y Tipografía Nacional','ACTIVO'),
  (387,NOW(), 1,'1417636-K','Erwing Dick Veliz Botzoc','ACTIVO'),
  (388,NOW(), 1,'747499-7','Uturriberricoechea, S.A.','ACTIVO'),
  (389,NOW(), 1,'SSP','Servicios de Seguridad Privada','ACTIVO'),
  (390,NOW(), 1,'CM','Consulado de México','ACTIVO'),
  (391,NOW(), 1,'1255866-4','Lubrirepuestos JC','ACTIVO'),
  (392,NOW(), 1,'8189524-0','Resguardo de Títulos Inmobiliarios, S.A.','ACTIVO'),
  (393,NOW(), 1,'6972312-5','Imaginova','ACTIVO'),
  (394,NOW(), 1,'4210126-3','Go Green','ACTIVO'),
  (395,NOW(), 1,'4836353-7','Fotocopiadora Las 5 calles','ACTIVO'),
  (396,NOW(), 1,'199274-0','Zurich','ACTIVO'),
  (397,NOW(), 1,'2602587-6','Altuna, S.A.','ACTIVO'),
  (398,NOW(), 1,'345037-6','Imprenta de la Riva Hnos.','ACTIVO'),
  (399,NOW(), 1,'OD','Office Depot','ACTIVO'),
  (400,NOW(), 1,'6706984-3','Oil''s MK','ACTIVO'),
  (401,NOW(), 1,'24639-5','SUPER SERVICIO REFORMA','ACTIVO'),
  (402,NOW(), 1,'4245832-3','Jorge Urízar','ACTIVO'),
  (403,NOW(), 1,'700141-K','Platino, S.A.','ACTIVO'),
  (404,NOW(), 1,'6956055-2','Puerta Parada','ACTIVO'),
  (405,NOW(), 1,'34880-5','Radiovisión','ACTIVO'),
  (406,NOW(), 1,'7347209-3','Gasolinera Los Planes','ACTIVO'),
  (407,NOW(), 1,'7699087-7','Estaciones de Servicio Optima','ACTIVO'),
  (408,NOW(), 1,'DGP','Dirección General Policía Nacional','ACTIVO'),
  (409,NOW(), 1,'1267453-2','Cristina Chocano','ACTIVO'),
  (410,NOW(), 1,'235446-2',' IGA','ACTIVO'),
  (411,NOW(), 1,'666023-1','Parqueo El Empedrado','ACTIVO'),
  (412,NOW(), 1,'2496443-3','Parqueo Público 12-19','ACTIVO'),
  (413,NOW(), 1,'850344-3','Operadora de Bodegas, S.A.','ACTIVO'),
  (414,NOW(), 1,'711303-K','La Prosperidad','ACTIVO'),
  (415,NOW(), 1,'1277728-5','Parqueo San José','ACTIVO'),
  (416,NOW(), 1,'802583-5','CMF, S.A.','ACTIVO'),
  (417,NOW(), 1,'2315426-8','Pedro Enrique Alvarez','ACTIVO'),
  (418,NOW(), 1,'752005-0','Estación de Servicio Cipresales','ACTIVO'),
  (419,NOW(), 1,'1646832-5','Norma Elizabeth Rivera','ACTIVO'),
  (420,NOW(), 1,'CMC','Colegio de Médicos y Cirujanos de Guatemala','ACTIVO'),
  (421,NOW(), 1,'1731333-3','Taxis Buenaventura','ACTIVO'),
  (422,NOW(), 1,'5292585-4','Aerovías de México','ACTIVO'),
  (423,NOW(), 1,'PBX','Telecomunique','ACTIVO'),
  (424,NOW(), 1,'6690146-4','Unitra','ACTIVO'),
  (425,NOW(), 1,'485149-8','Librería e Imprenta Vivian','ACTIVO'),
  (426,NOW(), 1,'512922-2','SEYMA','ACTIVO'),
  (427,NOW(), 1,'246049-14','Multisellos Vile','ACTIVO'),
  (428,NOW(), 1,'690470-K','Matefraf','ACTIVO'),
  (429,NOW(), 1,'1491175-2','Trans Muñoz','ACTIVO'),
  (430,NOW(), 1,'LH','La Hora','ACTIVO'),
  (431,NOW(), 1,'4117676-6','Cerrajería La Chapita','ACTIVO'),
  (432,NOW(), 1,'6042809-0','Lic. Andrés Goicolea Mena','ACTIVO'),
  (433,NOW(), 1,'2495496-9','Radio Shack','ACTIVO'),
  (434,NOW(), 1,'6149642-1','MegaTecno, S.A.','ACTIVO'),
  (435,NOW(), 1,'534454-9','Impresos San Carlos','ACTIVO'),
  (436,NOW(), 1,'7640331-9','Taxis Cifuentes','ACTIVO'),
  (437,NOW(), 1,'RPJ','Registro de Personas Jurídicas','ACTIVO'),
  (438,NOW(), 1,'5357815-5','Lexglobal','ACTIVO'),
  (439,NOW(), 1,'2418449-7','Fedex','ACTIVO'),
  (440,NOW(), 1,'1016850-8','ELDER OMAR LOAIZA DE LEON','ACTIVO'),
  (441,NOW(), 1,'732884-2','Librería Progreso','ACTIVO'),
  (442,NOW(), 1,'7719619-8','Centro de Servicios DACAR','ACTIVO'),
  (443,NOW(), 1,'4161798-3','Menalsa','ACTIVO'),
  (444,NOW(), 1,'6545029-9','Copias Día y Noche','ACTIVO'),
  (445,NOW(), 1,'1689577-0','Grupo Comudisa','ACTIVO'),
  (446,NOW(), 1,'8599909-1','Taxis Camey','ACTIVO'),
  (447,NOW(), 1,'9102071-9','Taxis Full Service','ACTIVO'),
  (448,NOW(), 1,'1951013-6','Taxi Rocars','ACTIVO'),
  (449,NOW(), 1,'EDEC','embajada de canada','ACTIVO'),
  (450,NOW(), 1,'2487450-7','Lingua','ACTIVO'),
  (451,NOW(), 1,'5731827-1','Aceitera Tune - Up y Más','ACTIVO'),
  (452,NOW(), 1,'CI','Colegio de Ingenieros','ACTIVO'),
  (453,NOW(), 1,'AG','Archivo General','ACTIVO'),
  (454,NOW(), 1,'1214371-5','Ana Marroquín','ACTIVO'),
  (455,NOW(), 1,'590426-9','Jaime Fuentes Batz','ACTIVO'),
  (456,NOW(), 1,'4436888-7','Contactenos, S.A.','ACTIVO'),
  (457,NOW(), 1,'559802-8','Ana Karina Thurm Lehnoff','ACTIVO'),
  (458,NOW(), 1,'CAUS','Consulado de Austria','ACTIVO'),
  (459,NOW(), 1,'5102550-7','El Cafecito','ACTIVO'),
  (460,NOW(), 1,'CMG','Colegio de Médicos de Guatemala','ACTIVO'),
  (461,NOW(), 1,'EI','Embajada de Italia','ACTIVO'),
  (462,NOW(), 1,'3235185-2','Adriana Castañeda Dollagaray','ACTIVO'),
  (463,NOW(), 1,'2446207-1','María Antonieta López','ACTIVO'),
  (464,NOW(), 1,'519278-1','Industrias A.B.M.','ACTIVO'),
  (465,NOW(), 1,'773512-K','Mayra Gerónimo de Cedeño','ACTIVO'),
  (466,NOW(), 1,'1576-8','Berta Eugenia Cáceres','ACTIVO'),
  (467,NOW(), 1,'9334546-1','Servicios de Taxi Jireh','ACTIVO'),
  (468,NOW(), 1,'2519320-1','El Zapotal','ACTIVO'),
  (469,NOW(), 1,'3037029-9','GUATEX','ACTIVO'),
  (470,NOW(), 1,'8234114-1','IURISTEC','ACTIVO'),
  (471,NOW(), 1,'5809216-1','Restaurante Montano''s','ACTIVO'),
  (472,NOW(), 1,'4032422-2','Tre Fratelli','ACTIVO'),
  (473,NOW(), 1,'RICOH','RICOH','ACTIVO'),
  (474,NOW(), 1,'MSP','Ministerio de Salud Publica','ACTIVO'),
  (475,NOW(), 1,'5488505-1','Parqueo La Aurora','ACTIVO'),
  (476,NOW(), 1,'717783-6','Traslados VIP de C.A.','ACTIVO'),
  (477,NOW(), 1,'558173-7','T.G.I. FRIDAYS','ACTIVO'),
  (478,NOW(), 1,'1652912-K','Cerrajeria Obelisco','ACTIVO'),
  (479,NOW(), 1,'3045909-5','ASESORIA ESPECIALIZADA, S.A.','ACTIVO'),
  (480,NOW(), 1,'RGM','Registro de Garantías Mobiliarias','ACTIVO'),
  (481,NOW(), 1,'1524880-1','Mariana Victoria Castellanos de Carranza','ACTIVO'),
  (482,NOW(), 1,'66838-9','HELVETIA GUATEMALA','ACTIVO'),
  (483,NOW(), 1,'475112-4','Bodega Farmaceutica, S.A.','ACTIVO');

INSERT INTO concepts
  (id, created_at, created_by, code, name, status, type)
VALUES
  (1, NOW(), 1,'G1','Gastos de Registro', 'ACTIVO','G'),
  (2, NOW(), 1,'G11','Honorarios de Registros', 'ACTIVO','G'),
  (3, NOW(), 1,'G12','Certificación de Registros', 'ACTIVO','G'),
  (4, NOW(), 1,'G13','Publicación de Edictos', 'ACTIVO','G'),
  (5, NOW(), 1,'G2','Timbres', 'ACTIVO','G'),
  (6, NOW(), 1,'G21','Timbres Fiscales', 'ACTIVO','G'),
  (7, NOW(), 1,'G22','Timbres Notariales', 'ACTIVO','G'),
  (8, NOW(), 1,'G23','Timbres Forenses', 'ACTIVO','G'),
  (9, NOW(), 1,'G3','Papelería y Utiles', 'ACTIVO','G'),
  (10, NOW(), 1,'G31','Fotocopias', 'ACTIVO','G'),
  (11, NOW(), 1,'G32','Papelería y Utiles', 'ACTIVO','G'),
  (12, NOW(), 1,'G33','Impresiones', 'ACTIVO','G'),
  (13, NOW(), 1,'G34','Formularios', 'ACTIVO','G'),
  (14, NOW(), 1,'G35','Papel de Protocolo', 'ACTIVO','G'),
  (15, NOW(), 1,'G4','Gastos de Procuración y Administración', 'ACTIVO','G'),
  (16, NOW(), 1,'G41','Faxes', 'ACTIVO','G'),
  (17, NOW(), 1,'G42','Teléfono', 'ACTIVO','G'),
  (18, NOW(), 1,'G43','Parqueos públicos', 'ACTIVO','G'),
  (19, NOW(), 1,'G44','Combustible', 'ACTIVO','G'),
  (20, NOW(), 1,'G5','Otros', 'ACTIVO','G'),
  (21, NOW(), 1,'G51','Impuestos', 'ACTIVO','G'),
  (22, NOW(), 1,'G52','Multas', 'ACTIVO','G'),
  (23, NOW(), 1,'G53','Otros', 'ACTIVO','G'),
  (24, NOW(), 1,'H1','Honorarios Bufete', 'ACTIVO','H'),
  (25, NOW(), 1,'P1','Anticipos', 'ACTIVO','P'),
  (26, NOW(), 1,'P2','Pagos', 'ACTIVO','P'),
  (27, NOW(), 1,'G','Gastos', 'ACTIVO','G'),
  (28, NOW(), 1,'H','Honorarios', 'ACTIVO','H'),
  (29, NOW(), 1,'G14','Consultas Distancia - Internet', 'ACTIVO','G'),
  (30, NOW(), 1,'G15','Consultas Electrónicas', 'ACTIVO','G'),
  (31, NOW(), 1,'CC','Movtos en CC', 'ACTIVO','C'),
  (32, NOW(), 1,'G16','Consulta de libros', 'ACTIVO','G'),
  (33, NOW(), 1,'G17','Solvencia de tránsito', 'ACTIVO','G'),
  (34, NOW(), 1,'G18','Edicto', 'ACTIVO','G'),
  (35, NOW(), 1,'G19','Despachos Juzgados', 'ACTIVO','G'),
  (36, NOW(), 1,'G45','Transporte', 'ACTIVO','G'),
  (37, NOW(), 1,'G20','Traducciones', 'ACTIVO','G'),
  (38, NOW(), 1,'G111','Título', 'ACTIVO','G'),
  (39, NOW(), 1,'G46','Parqueos Plaza', 'ACTIVO','G'),
  (40, NOW(), 1,'G54','Devolución Anticipo', 'ACTIVO','G'),
  (41, NOW(), 1,'G47','Traducciones', 'ACTIVO','G'),
  (42, NOW(), 1,'HRM','Honorarios por Revisión de Minuta', 'ACTIVO','G'),
  (43, NOW(), 1,'IS','Inscripción de Sociedad', 'ACTIVO','G'),
  (44, NOW(), 1,'AP','TESTIMONIOS ESPECIALES', 'ACTIVO','G'),
  (45, NOW(), 1,'DIV','Compra de Divisas', 'ACTIVO','G'),
  (46, NOW(), 1,'OJ','Mandatos', 'ACTIVO','G'),
  (47, NOW(), 1,'DEP','Depositos Bancarios', 'ACTIVO','G'),
  (48, NOW(), 1,'G40','Traducciones', 'ACTIVO','G'),
  (49, NOW(), 1,'G55','Carpintería', 'ACTIVO','G');

INSERT INTO invoice_series (id, created_at, updated_at, created_by, updated_by, series_name, series_value, status)
VALUES (1, NOW(), NOW(), 1, 1, 'Serie de prueba', 'PRUEBA', 'ACTIVO');

INSERT INTO document_sequence 
  (id, document_type) 
VALUES
  (1, 'FACTURA'),
  (2, 'FACTURA');

INSERT INTO status_history
  (id, created_at, updated_at, created_by, updated_by, comment, entity_id, entity_type, next_status, prev_status)
VALUES
  (1, '2020-11-17 20:15:11', '2020-11-17 20:15:11', 1, 1, 'prueba de generacion de factura', 20, 9, 'IMPRESO', 'ELABORADO'),
  (2, '2020-11-18 08:55:55', '2020-11-18 08:55:55', 4, 4, '', 21, 9, 'IMPRESO', 'ELABORADO'),
  (3, '2020-11-20 09:35:39', '2020-11-20 09:35:39', 1, 1, '', 1, 9, 'IMPRESO', 'ELABORADO'),
  (4, '2020-11-20 10:04:38', '2020-11-20 10:04:38', 1, 1, 'Documento anulado, utilizado unicamente para pruebas internas de facturacion electronica.', 1, 9, 'ANULADO', 'IMPRESO'),
  (5, '2020-11-20 14:21:17', '2020-11-20 14:21:17', 4, 4, 'No. de exp.202002358', 2, 9, 'IMPRESO', 'ELABORADO'),
  (6, '2020-11-20 14:22:57', '2020-11-20 14:22:57', 4, 4, 'Por ser prueba', 2, 9, 'ANULADO', 'IMPRESO');

INSERT INTO receipts
  (id, created_at, updated_at, created_by, updated_by, object_type, receipt_address_id, receipt_date, receipt_settlement_id, receipt_total, receipt_total_discount, status, client_id,
  serial_number, currency_id, receipt_iva, invoice_series_id, exchange_rate)
VALUES
(1, '2020-11-20 09:35:05', '2020-11-20 10:04:38', 1, 1, 'LIBRE', 2, '2020-11-20 09:34:19', NULL, 1 ,0 , 'ANULADO', 3, 559107360, 1, 0.11, 1, 1),
(2, '2020-11-20 14:20:28', '2020-11-20 14:22:57', 4, 4, 'LIBRE', 1157, '2020-11-20 14:18:45', NULL, 560 ,0 , 'ANULADO', 63954, 2837597922, 1, 60, 1, 1);

INSERT INTO receipt_details
  (id, description, line_amount, line_discount, line_total, status, use_isr, use_iva, receipt_id)
VALUES
  (1, 'pruebas', 1, 0, 1, 'ACTIVO', FALSE, FALSE, 1),
  (2, 'Servicios Profesionales por Asesoria Legal', 500, 0, 560, 'ACTIVO', TRUE, FALSE, 2);